17:08:08.318 [main] INFO  HolaMundo - Hola
17:08:48.306 [main] INFO  HolaMundo - Hola
17:09:40.351 [main] INFO  HolaMundo - Hola
17:12:30.592 [main] WARN  HolaMundo - Hola
17:14:47.191 [main] WARN  HolaMundo - Hola
17:15:17.252 [main] WARN  HolaMundo - Hola
17:15:38.228 [main] WARN  HolaMundo - Hola
17:26:31.161 [main] INFO  HolaMundo - Hola
17:26:31.164 [main] WARN  HolaMundo - Hola
17:28:45.754 [main] ERROR HolaMundo - Hola
17:28:45.755 [main] WARN  HolaMundo - Hola
17:28:45.755 [main] INFO  HolaMundo - Hola
17:46:47.364 [main] ERROR HolaMundo - Hola
17:46:47.365 [main] WARN  HolaMundo - Hola
17:46:47.366 [main] INFO  HolaMundo - Hola
18:26:21.818 [main] INFO  es.cursojava.inicio.interfaces.e01mueblesyverduras.Verduras - Limpiando Verdura
18:26:21.821 [main] INFO  es.cursojava.inicio.interfaces.e01mueblesyverduras.Lechuga - Desinfectando Lechuga
18:26:21.822 [main] INFO  es.cursojava.inicio.interfaces.e01mueblesyverduras.Verduras - Limpiando Verdura
18:26:21.822 [main] INFO  es.cursojava.inicio.interfaces.e01mueblesyverduras.JudiasVerdes - Y pelándolas
18:26:21.822 [main] INFO  es.cursojava.inicio.interfaces.e01mueblesyverduras.JudiasVerdes - Desinfectando JudiasVerdes
18:26:21.822 [main] INFO  es.cursojava.inicio.interfaces.e01mueblesyverduras.Mesa - Limpiando class es.cursojava.inicio.interfaces.e01mueblesyverduras.Mesa
18:26:21.822 [main] INFO  es.cursojava.inicio.interfaces.e01mueblesyverduras.Silla - Limpiando class es.cursojava.inicio.interfaces.e01mueblesyverduras.Silla
18:26:21.822 [main] INFO  es.cursojava.inicio.interfaces.e01mueblesyverduras.Verduras - Limpiando Verdura
18:26:21.822 [main] INFO  es.cursojava.inicio.interfaces.e01mueblesyverduras.Verduras - Limpiando Verdura
18:26:21.822 [main] INFO  es.cursojava.inicio.interfaces.e01mueblesyverduras.JudiasVerdes - Y pelándolas
20:28:34.438 [main] INFO  org.hibernate.Version - HHH000412: Hibernate ORM core version 6.6.12.Final
20:28:34.610 [main] INFO  org.hibernate.cache.internal.RegionFactoryInitiator - HHH000026: Second-level cache disabled
20:28:34.696 [main] WARN  org.hibernate.orm.connections.pooling - HHH10001002: Using built-in connection pool (not intended for production use)
20:28:35.241 [main] WARN  org.hibernate.orm.deprecation - HHH90000025: OracleDialect does not need to be specified explicitly using 'hibernate.dialect' (remove the property setting and it will be selected by default)
20:28:35.305 [main] INFO  org.hibernate.orm.connections.pooling - HHH10001005: Database info:
	Database JDBC URL [jdbc:oracle:thin:getafe/password@//localhost:1522/XEPDB1]
	Database driver: oracle.jdbc.OracleDriver
	Database version: 21.3
	Autocommit mode: false
	Isolation level: undefined/unknown
	Minimum pool size: 1
	Maximum pool size: 20
20:28:35.513 [main] INFO  org.hibernate.validator.internal.util.Version - HV000001: Hibernate Validator 8.0.1.Final
20:28:35.631 [main] INFO  org.hibernate.engine.transaction.jta.platform.internal.JtaPlatformInitiator - HHH000489: No JTA platform available (set 'hibernate.transaction.jta.platform' to enable JTA platform integration)
20:28:51.634 [main] INFO  org.hibernate.Version - HHH000412: Hibernate ORM core version 6.6.12.Final
20:28:51.800 [main] INFO  org.hibernate.cache.internal.RegionFactoryInitiator - HHH000026: Second-level cache disabled
20:28:51.887 [main] WARN  org.hibernate.orm.connections.pooling - HHH10001002: Using built-in connection pool (not intended for production use)
20:28:52.419 [main] WARN  org.hibernate.orm.deprecation - HHH90000025: OracleDialect does not need to be specified explicitly using 'hibernate.dialect' (remove the property setting and it will be selected by default)
20:28:52.486 [main] INFO  org.hibernate.orm.connections.pooling - HHH10001005: Database info:
	Database JDBC URL [jdbc:oracle:thin:getafe/password@//localhost:1522/XEPDB1]
	Database driver: oracle.jdbc.OracleDriver
	Database version: 21.3
	Autocommit mode: false
	Isolation level: undefined/unknown
	Minimum pool size: 1
	Maximum pool size: 20
20:28:52.699 [main] INFO  org.hibernate.validator.internal.util.Version - HV000001: Hibernate Validator 8.0.1.Final
20:28:52.812 [main] INFO  org.hibernate.engine.transaction.jta.platform.internal.JtaPlatformInitiator - HHH000489: No JTA platform available (set 'hibernate.transaction.jta.platform' to enable JTA platform integration)
20:30:09.299 [main] INFO  org.hibernate.Version - HHH000412: Hibernate ORM core version 6.6.12.Final
20:30:09.469 [main] INFO  org.hibernate.cache.internal.RegionFactoryInitiator - HHH000026: Second-level cache disabled
20:30:09.556 [main] WARN  org.hibernate.orm.connections.pooling - HHH10001002: Using built-in connection pool (not intended for production use)
20:30:10.112 [main] WARN  org.hibernate.orm.deprecation - HHH90000025: OracleDialect does not need to be specified explicitly using 'hibernate.dialect' (remove the property setting and it will be selected by default)
20:30:10.178 [main] INFO  org.hibernate.orm.connections.pooling - HHH10001005: Database info:
	Database JDBC URL [jdbc:oracle:thin:getafe/password@//localhost:1522/XEPDB1]
	Database driver: oracle.jdbc.OracleDriver
	Database version: 21.3
	Autocommit mode: false
	Isolation level: undefined/unknown
	Minimum pool size: 1
	Maximum pool size: 20
20:30:10.385 [main] INFO  org.hibernate.validator.internal.util.Version - HV000001: Hibernate Validator 8.0.1.Final
20:30:10.503 [main] INFO  org.hibernate.engine.transaction.jta.platform.internal.JtaPlatformInitiator - HHH000489: No JTA platform available (set 'hibernate.transaction.jta.platform' to enable JTA platform integration)
20:47:40.120 [main] DEBUG org.jboss.logging - Logging Provider: org.jboss.logging.Slf4jLoggerProvider
20:47:40.125 [main] DEBUG org.hibernate.integrator.internal.IntegratorServiceImpl - Adding Integrator [org.hibernate.boot.beanvalidation.BeanValidationIntegrator].
20:47:40.128 [main] DEBUG org.hibernate.integrator.internal.IntegratorServiceImpl - Adding Integrator [org.hibernate.cache.internal.CollectionCacheInvalidator].
20:47:40.150 [main] INFO  org.hibernate.Version - HHH000412: Hibernate ORM core version 6.6.12.Final
20:47:40.150 [main] DEBUG org.hibernate.cfg.Environment - HHH000206: 'hibernate.properties' not found
20:47:40.166 [main] DEBUG org.hibernate.boot.jaxb.internal.stax.LocalXmlResourceResolver - Checking public/system identifiers `-//Hibernate/Hibernate Configuration DTD 5.3//EN`/`http://hibernate.org/dtd/hibernate-configuration-3.0.dtd` as DTD references
20:47:40.170 [main] DEBUG org.hibernate.boot.cfgxml.internal.JaxbCfgProcessor - cfg.xml document did not define namespaces; wrapping in custom event reader to introduce namespace information
20:47:40.290 [main] DEBUG org.hibernate.cfg.Configuration - Building session factory using internal StandardServiceRegistryBuilder
20:47:40.294 [main] DEBUG org.hibernate.cfg.Configuration - Building session factory using provided StandardServiceRegistry
20:47:40.299 [main] DEBUG org.hibernate.orm.idgen.factory - Ignoring CDI for resolving IdentifierGenerator instances as extended or delayed CDI support was enabled
20:47:40.301 [main] DEBUG org.hibernate.orm.idgen.factory - Registering IdentifierGenerator strategy [uuid2] -> [org.hibernate.id.UUIDGenerator]
20:47:40.302 [main] DEBUG org.hibernate.orm.idgen.factory - Registering IdentifierGenerator strategy [guid] -> [org.hibernate.id.GUIDGenerator]
20:47:40.302 [main] DEBUG org.hibernate.orm.idgen.factory - Registering IdentifierGenerator strategy [uuid] -> [org.hibernate.id.UUIDHexGenerator]
20:47:40.302 [main] DEBUG org.hibernate.orm.idgen.factory - Registering IdentifierGenerator strategy [uuid.hex] -> [org.hibernate.id.UUIDHexGenerator]
20:47:40.303 [main] DEBUG org.hibernate.orm.idgen.factory - Registering IdentifierGenerator strategy [assigned] -> [org.hibernate.id.Assigned]
20:47:40.303 [main] DEBUG org.hibernate.orm.idgen.factory - Registering IdentifierGenerator strategy [identity] -> [org.hibernate.id.IdentityGenerator]
20:47:40.303 [main] DEBUG org.hibernate.orm.idgen.factory - Registering IdentifierGenerator strategy [select] -> [org.hibernate.id.SelectGenerator]
20:47:40.304 [main] DEBUG org.hibernate.orm.idgen.factory - Registering IdentifierGenerator strategy [sequence] -> [org.hibernate.id.enhanced.SequenceStyleGenerator]
20:47:40.305 [main] DEBUG org.hibernate.orm.idgen.factory - Registering IdentifierGenerator strategy [increment] -> [org.hibernate.id.IncrementGenerator]
20:47:40.305 [main] DEBUG org.hibernate.orm.idgen.factory - Registering IdentifierGenerator strategy [foreign] -> [org.hibernate.id.ForeignGenerator]
20:47:40.305 [main] DEBUG org.hibernate.orm.idgen.factory - Registering IdentifierGenerator strategy [enhanced-sequence] -> [org.hibernate.id.enhanced.SequenceStyleGenerator]
20:47:40.306 [main] DEBUG org.hibernate.orm.idgen.factory - Registering IdentifierGenerator strategy [enhanced-table] -> [org.hibernate.id.enhanced.TableGenerator]
20:47:40.312 [main] DEBUG org.hibernate.cache.internal.RegionFactoryInitiator - Cannot default RegionFactory based on registered strategies as `[]` RegionFactory strategies were registered
20:47:40.313 [main] INFO  org.hibernate.cache.internal.RegionFactoryInitiator - HHH000026: Second-level cache disabled
20:47:40.383 [main] DEBUG org.hibernate.type.BasicTypeRegistry - Adding type registration boolean -> org.hibernate.type.BasicTypeReference@67ab1c47
20:47:40.384 [main] DEBUG org.hibernate.type.BasicTypeRegistry - Adding type registration boolean -> org.hibernate.type.BasicTypeReference@67ab1c47
20:47:40.384 [main] DEBUG org.hibernate.type.BasicTypeRegistry - Adding type registration java.lang.Boolean -> org.hibernate.type.BasicTypeReference@67ab1c47
20:47:40.384 [main] DEBUG org.hibernate.type.BasicTypeRegistry - Adding type registration numeric_boolean -> org.hibernate.type.BasicTypeReference@b78a709
20:47:40.384 [main] DEBUG org.hibernate.type.BasicTypeRegistry - Adding type registration org.hibernate.type.NumericBooleanConverter -> org.hibernate.type.BasicTypeReference@b78a709
20:47:40.384 [main] DEBUG org.hibernate.type.BasicTypeRegistry - Adding type registration true_false -> org.hibernate.type.BasicTypeReference@30bcf3c1
20:47:40.384 [main] DEBUG org.hibernate.type.BasicTypeRegistry - Adding type registration org.hibernate.type.TrueFalseConverter -> org.hibernate.type.BasicTypeReference@30bcf3c1
20:47:40.384 [main] DEBUG org.hibernate.type.BasicTypeRegistry - Adding type registration yes_no -> org.hibernate.type.BasicTypeReference@2a3c96e3
20:47:40.384 [main] DEBUG org.hibernate.type.BasicTypeRegistry - Adding type registration org.hibernate.type.YesNoConverter -> org.hibernate.type.BasicTypeReference@2a3c96e3
20:47:40.384 [main] DEBUG org.hibernate.type.BasicTypeRegistry - Adding type registration byte -> org.hibernate.type.BasicTypeReference@15cafec7
20:47:40.384 [main] DEBUG org.hibernate.type.BasicTypeRegistry - Adding type registration byte -> org.hibernate.type.BasicTypeReference@15cafec7
20:47:40.384 [main] DEBUG org.hibernate.type.BasicTypeRegistry - Adding type registration java.lang.Byte -> org.hibernate.type.BasicTypeReference@15cafec7
20:47:40.384 [main] DEBUG org.hibernate.type.BasicTypeRegistry - Adding type registration binary -> org.hibernate.type.BasicTypeReference@5b444398
20:47:40.384 [main] DEBUG org.hibernate.type.BasicTypeRegistry - Adding type registration byte[] -> org.hibernate.type.BasicTypeReference@5b444398
20:47:40.384 [main] DEBUG org.hibernate.type.BasicTypeRegistry - Adding type registration [B -> org.hibernate.type.BasicTypeReference@5b444398
20:47:40.384 [main] DEBUG org.hibernate.type.BasicTypeRegistry - Adding type registration binary_wrapper -> org.hibernate.type.BasicTypeReference@cb191ca
20:47:40.384 [main] DEBUG org.hibernate.type.BasicTypeRegistry - Adding type registration wrapper-binary -> org.hibernate.type.BasicTypeReference@cb191ca
20:47:40.384 [main] DEBUG org.hibernate.type.BasicTypeRegistry - Adding type registration image -> org.hibernate.type.BasicTypeReference@42f48531
20:47:40.384 [main] DEBUG org.hibernate.type.BasicTypeRegistry - Adding type registration blob -> org.hibernate.type.BasicTypeReference@a776e
20:47:40.384 [main] DEBUG org.hibernate.type.BasicTypeRegistry - Adding type registration java.sql.Blob -> org.hibernate.type.BasicTypeReference@a776e
20:47:40.386 [main] DEBUG org.hibernate.type.BasicTypeRegistry - Adding type registration materialized_blob -> org.hibernate.type.BasicTypeReference@792bbc74
20:47:40.386 [main] DEBUG org.hibernate.type.BasicTypeRegistry - Adding type registration materialized_blob_wrapper -> org.hibernate.type.BasicTypeReference@79145d5a
20:47:40.386 [main] DEBUG org.hibernate.type.BasicTypeRegistry - Adding type registration short -> org.hibernate.type.BasicTypeReference@1f2f9244
20:47:40.386 [main] DEBUG org.hibernate.type.BasicTypeRegistry - Adding type registration short -> org.hibernate.type.BasicTypeReference@1f2f9244
20:47:40.386 [main] DEBUG org.hibernate.type.BasicTypeRegistry - Adding type registration java.lang.Short -> org.hibernate.type.BasicTypeReference@1f2f9244
20:47:40.386 [main] DEBUG org.hibernate.type.BasicTypeRegistry - Adding type registration integer -> org.hibernate.type.BasicTypeReference@4c4d27c8
20:47:40.386 [main] DEBUG org.hibernate.type.BasicTypeRegistry - Adding type registration int -> org.hibernate.type.BasicTypeReference@4c4d27c8
20:47:40.386 [main] DEBUG org.hibernate.type.BasicTypeRegistry - Adding type registration java.lang.Integer -> org.hibernate.type.BasicTypeReference@4c4d27c8
20:47:40.386 [main] DEBUG org.hibernate.type.BasicTypeRegistry - Adding type registration long -> org.hibernate.type.BasicTypeReference@6821ea29
20:47:40.386 [main] DEBUG org.hibernate.type.BasicTypeRegistry - Adding type registration long -> org.hibernate.type.BasicTypeReference@6821ea29
20:47:40.386 [main] DEBUG org.hibernate.type.BasicTypeRegistry - Adding type registration java.lang.Long -> org.hibernate.type.BasicTypeReference@6821ea29
20:47:40.386 [main] DEBUG org.hibernate.type.BasicTypeRegistry - Adding type registration float -> org.hibernate.type.BasicTypeReference@338494fa
20:47:40.386 [main] DEBUG org.hibernate.type.BasicTypeRegistry - Adding type registration float -> org.hibernate.type.BasicTypeReference@338494fa
20:47:40.386 [main] DEBUG org.hibernate.type.BasicTypeRegistry - Adding type registration java.lang.Float -> org.hibernate.type.BasicTypeReference@338494fa
20:47:40.386 [main] DEBUG org.hibernate.type.BasicTypeRegistry - Adding type registration double -> org.hibernate.type.BasicTypeReference@505a9d7c
20:47:40.386 [main] DEBUG org.hibernate.type.BasicTypeRegistry - Adding type registration double -> org.hibernate.type.BasicTypeReference@505a9d7c
20:47:40.387 [main] DEBUG org.hibernate.type.BasicTypeRegistry - Adding type registration java.lang.Double -> org.hibernate.type.BasicTypeReference@505a9d7c
20:47:40.387 [main] DEBUG org.hibernate.type.BasicTypeRegistry - Adding type registration big_integer -> org.hibernate.type.BasicTypeReference@758c83d8
20:47:40.387 [main] DEBUG org.hibernate.type.BasicTypeRegistry - Adding type registration java.math.BigInteger -> org.hibernate.type.BasicTypeReference@758c83d8
20:47:40.387 [main] DEBUG org.hibernate.type.BasicTypeRegistry - Adding type registration big_decimal -> org.hibernate.type.BasicTypeReference@129b4fe2
20:47:40.387 [main] DEBUG org.hibernate.type.BasicTypeRegistry - Adding type registration java.math.BigDecimal -> org.hibernate.type.BasicTypeReference@129b4fe2
20:47:40.387 [main] DEBUG org.hibernate.type.BasicTypeRegistry - Adding type registration character -> org.hibernate.type.BasicTypeReference@5af3a0f
20:47:40.387 [main] DEBUG org.hibernate.type.BasicTypeRegistry - Adding type registration char -> org.hibernate.type.BasicTypeReference@5af3a0f
20:47:40.387 [main] DEBUG org.hibernate.type.BasicTypeRegistry - Adding type registration java.lang.Character -> org.hibernate.type.BasicTypeReference@5af3a0f
20:47:40.387 [main] DEBUG org.hibernate.type.BasicTypeRegistry - Adding type registration character_nchar -> org.hibernate.type.BasicTypeReference@19ae6bb
20:47:40.387 [main] DEBUG org.hibernate.type.BasicTypeRegistry - Adding type registration string -> org.hibernate.type.BasicTypeReference@10993713
20:47:40.387 [main] DEBUG org.hibernate.type.BasicTypeRegistry - Adding type registration java.lang.String -> org.hibernate.type.BasicTypeReference@10993713
20:47:40.387 [main] DEBUG org.hibernate.type.BasicTypeRegistry - Adding type registration nstring -> org.hibernate.type.BasicTypeReference@58359ebd
20:47:40.387 [main] DEBUG org.hibernate.type.BasicTypeRegistry - Adding type registration characters -> org.hibernate.type.BasicTypeReference@24b6b8f6
20:47:40.388 [main] DEBUG org.hibernate.type.BasicTypeRegistry - Adding type registration char[] -> org.hibernate.type.BasicTypeReference@24b6b8f6
20:47:40.388 [main] DEBUG org.hibernate.type.BasicTypeRegistry - Adding type registration [C -> org.hibernate.type.BasicTypeReference@24b6b8f6
20:47:40.388 [main] DEBUG org.hibernate.type.BasicTypeRegistry - Adding type registration wrapper-characters -> org.hibernate.type.BasicTypeReference@72cf2de5
20:47:40.388 [main] DEBUG org.hibernate.type.BasicTypeRegistry - Adding type registration text -> org.hibernate.type.BasicTypeReference@2bb7bd00
20:47:40.388 [main] DEBUG org.hibernate.type.BasicTypeRegistry - Adding type registration ntext -> org.hibernate.type.BasicTypeReference@5f031ebd
20:47:40.388 [main] DEBUG org.hibernate.type.BasicTypeRegistry - Adding type registration clob -> org.hibernate.type.BasicTypeReference@4ee37ca3
20:47:40.388 [main] DEBUG org.hibernate.type.BasicTypeRegistry - Adding type registration java.sql.Clob -> org.hibernate.type.BasicTypeReference@4ee37ca3
20:47:40.388 [main] DEBUG org.hibernate.type.BasicTypeRegistry - Adding type registration nclob -> org.hibernate.type.BasicTypeReference@45c8d09f
20:47:40.388 [main] DEBUG org.hibernate.type.BasicTypeRegistry - Adding type registration java.sql.NClob -> org.hibernate.type.BasicTypeReference@45c8d09f
20:47:40.388 [main] DEBUG org.hibernate.type.BasicTypeRegistry - Adding type registration materialized_clob -> org.hibernate.type.BasicTypeReference@53812a9b
20:47:40.388 [main] DEBUG org.hibernate.type.BasicTypeRegistry - Adding type registration materialized_clob_char_array -> org.hibernate.type.BasicTypeReference@14b030a0
20:47:40.388 [main] DEBUG org.hibernate.type.BasicTypeRegistry - Adding type registration materialized_clob_character_array -> org.hibernate.type.BasicTypeReference@41e350f1
20:47:40.388 [main] DEBUG org.hibernate.type.BasicTypeRegistry - Adding type registration materialized_nclob -> org.hibernate.type.BasicTypeReference@422c3c7a
20:47:40.388 [main] DEBUG org.hibernate.type.BasicTypeRegistry - Adding type registration materialized_nclob_character_array -> org.hibernate.type.BasicTypeReference@18230356
20:47:40.388 [main] DEBUG org.hibernate.type.BasicTypeRegistry - Adding type registration materialized_nclob_char_array -> org.hibernate.type.BasicTypeReference@d8305c2
20:47:40.389 [main] DEBUG org.hibernate.type.BasicTypeRegistry - Adding type registration Duration -> org.hibernate.type.BasicTypeReference@56bca85b
20:47:40.389 [main] DEBUG org.hibernate.type.BasicTypeRegistry - Adding type registration java.time.Duration -> org.hibernate.type.BasicTypeReference@56bca85b
20:47:40.389 [main] DEBUG org.hibernate.type.BasicTypeRegistry - Adding type registration LocalDateTime -> org.hibernate.type.BasicTypeReference@75d0911a
20:47:40.389 [main] DEBUG org.hibernate.type.BasicTypeRegistry - Adding type registration java.time.LocalDateTime -> org.hibernate.type.BasicTypeReference@75d0911a
20:47:40.389 [main] DEBUG org.hibernate.type.BasicTypeRegistry - Adding type registration LocalDate -> org.hibernate.type.BasicTypeReference@75e91545
20:47:40.389 [main] DEBUG org.hibernate.type.BasicTypeRegistry - Adding type registration java.time.LocalDate -> org.hibernate.type.BasicTypeReference@75e91545
20:47:40.389 [main] DEBUG org.hibernate.type.BasicTypeRegistry - Adding type registration LocalTime -> org.hibernate.type.BasicTypeReference@60d1a32f
20:47:40.389 [main] DEBUG org.hibernate.type.BasicTypeRegistry - Adding type registration java.time.LocalTime -> org.hibernate.type.BasicTypeReference@60d1a32f
20:47:40.389 [main] DEBUG org.hibernate.type.BasicTypeRegistry - Adding type registration OffsetDateTime -> org.hibernate.type.BasicTypeReference@531c311e
20:47:40.389 [main] DEBUG org.hibernate.type.BasicTypeRegistry - Adding type registration java.time.OffsetDateTime -> org.hibernate.type.BasicTypeReference@531c311e
20:47:40.389 [main] DEBUG org.hibernate.type.BasicTypeRegistry - Adding type registration OffsetDateTimeWithTimezone -> org.hibernate.type.BasicTypeReference@22b53226
20:47:40.389 [main] DEBUG org.hibernate.type.BasicTypeRegistry - Adding type registration OffsetDateTimeWithoutTimezone -> org.hibernate.type.BasicTypeReference@1fcb4808
20:47:40.389 [main] DEBUG org.hibernate.type.BasicTypeRegistry - Adding type registration OffsetTime -> org.hibernate.type.BasicTypeReference@726e5805
20:47:40.389 [main] DEBUG org.hibernate.type.BasicTypeRegistry - Adding type registration java.time.OffsetTime -> org.hibernate.type.BasicTypeReference@726e5805
20:47:40.389 [main] DEBUG org.hibernate.type.BasicTypeRegistry - Adding type registration OffsetTimeUtc -> org.hibernate.type.BasicTypeReference@40c80397
20:47:40.390 [main] DEBUG org.hibernate.type.BasicTypeRegistry - Adding type registration OffsetTimeWithTimezone -> org.hibernate.type.BasicTypeReference@4b672daa
20:47:40.390 [main] DEBUG org.hibernate.type.BasicTypeRegistry - Adding type registration OffsetTimeWithoutTimezone -> org.hibernate.type.BasicTypeReference@ea9b7c6
20:47:40.390 [main] DEBUG org.hibernate.type.BasicTypeRegistry - Adding type registration ZonedDateTime -> org.hibernate.type.BasicTypeReference@e077866
20:47:40.390 [main] DEBUG org.hibernate.type.BasicTypeRegistry - Adding type registration java.time.ZonedDateTime -> org.hibernate.type.BasicTypeReference@e077866
20:47:40.390 [main] DEBUG org.hibernate.type.BasicTypeRegistry - Adding type registration ZonedDateTimeWithTimezone -> org.hibernate.type.BasicTypeReference@ed3068a
20:47:40.390 [main] DEBUG org.hibernate.type.BasicTypeRegistry - Adding type registration ZonedDateTimeWithoutTimezone -> org.hibernate.type.BasicTypeReference@7c2b6087
20:47:40.390 [main] DEBUG org.hibernate.type.BasicTypeRegistry - Adding type registration date -> org.hibernate.type.BasicTypeReference@3fffff43
20:47:40.390 [main] DEBUG org.hibernate.type.BasicTypeRegistry - Adding type registration java.sql.Date -> org.hibernate.type.BasicTypeReference@3fffff43
20:47:40.390 [main] DEBUG org.hibernate.type.BasicTypeRegistry - Adding type registration time -> org.hibernate.type.BasicTypeReference@a8e6492
20:47:40.390 [main] DEBUG org.hibernate.type.BasicTypeRegistry - Adding type registration java.sql.Time -> org.hibernate.type.BasicTypeReference@a8e6492
20:47:40.390 [main] DEBUG org.hibernate.type.BasicTypeRegistry - Adding type registration timestamp -> org.hibernate.type.BasicTypeReference@1c7fd41f
20:47:40.390 [main] DEBUG org.hibernate.type.BasicTypeRegistry - Adding type registration java.sql.Timestamp -> org.hibernate.type.BasicTypeReference@1c7fd41f
20:47:40.390 [main] DEBUG org.hibernate.type.BasicTypeRegistry - Adding type registration java.util.Date -> org.hibernate.type.BasicTypeReference@1c7fd41f
20:47:40.390 [main] DEBUG org.hibernate.type.BasicTypeRegistry - Adding type registration calendar -> org.hibernate.type.BasicTypeReference@3b77a04f
20:47:40.390 [main] DEBUG org.hibernate.type.BasicTypeRegistry - Adding type registration java.util.Calendar -> org.hibernate.type.BasicTypeReference@3b77a04f
20:47:40.390 [main] DEBUG org.hibernate.type.BasicTypeRegistry - Adding type registration java.util.GregorianCalendar -> org.hibernate.type.BasicTypeReference@3b77a04f
20:47:40.390 [main] DEBUG org.hibernate.type.BasicTypeRegistry - Adding type registration calendar_date -> org.hibernate.type.BasicTypeReference@7b324585
20:47:40.390 [main] DEBUG org.hibernate.type.BasicTypeRegistry - Adding type registration calendar_time -> org.hibernate.type.BasicTypeReference@2e11485
20:47:40.390 [main] DEBUG org.hibernate.type.BasicTypeRegistry - Adding type registration instant -> org.hibernate.type.BasicTypeReference@60dce7ea
20:47:40.391 [main] DEBUG org.hibernate.type.BasicTypeRegistry - Adding type registration java.time.Instant -> org.hibernate.type.BasicTypeReference@60dce7ea
20:47:40.391 [main] DEBUG org.hibernate.type.BasicTypeRegistry - Adding type registration uuid -> org.hibernate.type.BasicTypeReference@662f5666
20:47:40.391 [main] DEBUG org.hibernate.type.BasicTypeRegistry - Adding type registration java.util.UUID -> org.hibernate.type.BasicTypeReference@662f5666
20:47:40.391 [main] DEBUG org.hibernate.type.BasicTypeRegistry - Adding type registration pg-uuid -> org.hibernate.type.BasicTypeReference@662f5666
20:47:40.391 [main] DEBUG org.hibernate.type.BasicTypeRegistry - Adding type registration uuid-binary -> org.hibernate.type.BasicTypeReference@fd8294b
20:47:40.391 [main] DEBUG org.hibernate.type.BasicTypeRegistry - Adding type registration uuid-char -> org.hibernate.type.BasicTypeReference@5974109
20:47:40.392 [main] DEBUG org.hibernate.type.BasicTypeRegistry - Adding type registration class -> org.hibernate.type.BasicTypeReference@1ef3efa8
20:47:40.392 [main] DEBUG org.hibernate.type.BasicTypeRegistry - Adding type registration java.lang.Class -> org.hibernate.type.BasicTypeReference@1ef3efa8
20:47:40.392 [main] DEBUG org.hibernate.type.BasicTypeRegistry - Adding type registration currency -> org.hibernate.type.BasicTypeReference@502f1f4c
20:47:40.392 [main] DEBUG org.hibernate.type.BasicTypeRegistry - Adding type registration Currency -> org.hibernate.type.BasicTypeReference@502f1f4c
20:47:40.392 [main] DEBUG org.hibernate.type.BasicTypeRegistry - Adding type registration java.util.Currency -> org.hibernate.type.BasicTypeReference@502f1f4c
20:47:40.392 [main] DEBUG org.hibernate.type.BasicTypeRegistry - Adding type registration locale -> org.hibernate.type.BasicTypeReference@6f8f9349
20:47:40.392 [main] DEBUG org.hibernate.type.BasicTypeRegistry - Adding type registration java.util.Locale -> org.hibernate.type.BasicTypeReference@6f8f9349
20:47:40.392 [main] DEBUG org.hibernate.type.BasicTypeRegistry - Adding type registration serializable -> org.hibernate.type.BasicTypeReference@75c9e76b
20:47:40.392 [main] DEBUG org.hibernate.type.BasicTypeRegistry - Adding type registration java.io.Serializable -> org.hibernate.type.BasicTypeReference@75c9e76b
20:47:40.392 [main] DEBUG org.hibernate.type.BasicTypeRegistry - Adding type registration timezone -> org.hibernate.type.BasicTypeReference@7446d8d5
20:47:40.392 [main] DEBUG org.hibernate.type.BasicTypeRegistry - Adding type registration java.util.TimeZone -> org.hibernate.type.BasicTypeReference@7446d8d5
20:47:40.392 [main] DEBUG org.hibernate.type.BasicTypeRegistry - Adding type registration ZoneOffset -> org.hibernate.type.BasicTypeReference@5c3b6c6e
20:47:40.392 [main] DEBUG org.hibernate.type.BasicTypeRegistry - Adding type registration java.time.ZoneOffset -> org.hibernate.type.BasicTypeReference@5c3b6c6e
20:47:40.392 [main] DEBUG org.hibernate.type.BasicTypeRegistry - Adding type registration url -> org.hibernate.type.BasicTypeReference@4fbda97b
20:47:40.392 [main] DEBUG org.hibernate.type.BasicTypeRegistry - Adding type registration java.net.URL -> org.hibernate.type.BasicTypeReference@4fbda97b
20:47:40.392 [main] DEBUG org.hibernate.type.BasicTypeRegistry - Adding type registration vector -> org.hibernate.type.BasicTypeReference@75f5fd58
20:47:40.393 [main] DEBUG org.hibernate.type.BasicTypeRegistry - Adding type registration float_vector -> org.hibernate.type.BasicTypeReference@37b70343
20:47:40.393 [main] DEBUG org.hibernate.type.BasicTypeRegistry - Adding type registration double_vector -> org.hibernate.type.BasicTypeReference@306851c7
20:47:40.393 [main] DEBUG org.hibernate.type.BasicTypeRegistry - Adding type registration byte_vector -> org.hibernate.type.BasicTypeReference@12bcd0c0
20:47:40.393 [main] DEBUG org.hibernate.type.BasicTypeRegistry - Adding type registration row_version -> org.hibernate.type.BasicTypeReference@4879f0f2
20:47:40.397 [main] DEBUG org.hibernate.type.BasicTypeRegistry - Adding type registration object -> org.hibernate.type.JavaObjectType@3918c187
20:47:40.397 [main] DEBUG org.hibernate.type.BasicTypeRegistry - Adding type registration java.lang.Object -> org.hibernate.type.JavaObjectType@3918c187
20:47:40.397 [main] DEBUG org.hibernate.type.BasicTypeRegistry - Adding type registration null -> org.hibernate.type.NullType@242aa8d9
20:47:40.397 [main] DEBUG org.hibernate.type.BasicTypeRegistry - Adding type registration imm_date -> org.hibernate.type.BasicTypeReference@5b11a194
20:47:40.397 [main] DEBUG org.hibernate.type.BasicTypeRegistry - Adding type registration imm_time -> org.hibernate.type.BasicTypeReference@37bd68c3
20:47:40.397 [main] DEBUG org.hibernate.type.BasicTypeRegistry - Adding type registration imm_timestamp -> org.hibernate.type.BasicTypeReference@60f7cc1d
20:47:40.397 [main] DEBUG org.hibernate.type.BasicTypeRegistry - Adding type registration imm_calendar -> org.hibernate.type.BasicTypeReference@11eadcba
20:47:40.398 [main] DEBUG org.hibernate.type.BasicTypeRegistry - Adding type registration imm_calendar_date -> org.hibernate.type.BasicTypeReference@4721d212
20:47:40.398 [main] DEBUG org.hibernate.type.BasicTypeRegistry - Adding type registration imm_calendar_time -> org.hibernate.type.BasicTypeReference@1b065145
20:47:40.398 [main] DEBUG org.hibernate.type.BasicTypeRegistry - Adding type registration imm_binary -> org.hibernate.type.BasicTypeReference@45cff11c
20:47:40.398 [main] DEBUG org.hibernate.type.BasicTypeRegistry - Adding type registration imm_serializable -> org.hibernate.type.BasicTypeReference@207ea13
20:47:40.412 [main] WARN  org.hibernate.orm.connections.pooling - HHH10001002: Using built-in connection pool (not intended for production use)
20:47:40.519 [main] DEBUG org.hibernate.orm.connections.pooling - Initializing Connection pool with 1 Connections
20:47:40.811 [main] DEBUG org.hibernate.engine.jdbc.env.internal.JdbcEnvironmentInitiator - Database ->
	   name : Oracle
	version : Oracle Database 21c Express Edition Release 21.0.0.0.0 - Production
Version 21.3.0.0.0
	  major : 21
	  minor : 3
20:47:40.811 [main] DEBUG org.hibernate.engine.jdbc.env.internal.JdbcEnvironmentInitiator - Driver ->
	   name : Oracle JDBC driver
	version : 23.7.0.25.01
	  major : 23
	  minor : 7
20:47:40.811 [main] DEBUG org.hibernate.engine.jdbc.env.internal.JdbcEnvironmentInitiator - JDBC version : 4.3
20:47:40.916 [main] WARN  org.hibernate.orm.deprecation - HHH90000025: OracleDialect does not need to be specified explicitly using 'hibernate.dialect' (remove the property setting and it will be selected by default)
20:47:40.918 [main] DEBUG org.hibernate.orm.dialect - HHH035001: Using dialect: org.hibernate.dialect.OracleDialect, version: 21.3
20:47:40.974 [main] INFO  org.hibernate.orm.connections.pooling - HHH10001005: Database info:
	Database JDBC URL [jdbc:oracle:thin:getafe/password@//localhost:1522/XEPDB1]
	Database driver: oracle.jdbc.OracleDriver
	Database version: 21.3
	Autocommit mode: false
	Isolation level: undefined/unknown
	Minimum pool size: 1
	Maximum pool size: 20
20:47:40.980 [main] DEBUG org.hibernate.type.descriptor.jdbc.spi.JdbcTypeRegistry - addDescriptor(NCharTypeDescriptor) replaced previous registration(CharTypeDescriptor)
20:47:40.980 [main] DEBUG org.hibernate.type.descriptor.jdbc.spi.JdbcTypeRegistry - addDescriptor(NVarcharTypeDescriptor) replaced previous registration(VarcharTypeDescriptor)
20:47:40.980 [main] DEBUG org.hibernate.type.descriptor.jdbc.spi.JdbcTypeRegistry - addDescriptor(LongNVarcharTypeDescriptor) replaced previous registration(LongVarcharTypeDescriptor)
20:47:40.982 [main] DEBUG org.hibernate.type.descriptor.jdbc.spi.JdbcTypeRegistry - addDescriptor(NClobTypeDescriptor(DEFAULT)) replaced previous registration(ClobTypeDescriptor(DEFAULT))
20:47:40.983 [main] DEBUG org.hibernate.type.descriptor.jdbc.spi.JdbcTypeRegistry - addDescriptor(BooleanTypeDescriptor) replaced previous registration(BooleanTypeDescriptor)
20:47:40.988 [main] DEBUG org.hibernate.type.BasicTypeRegistry - Adding type registration null -> org.hibernate.type.NullType@68868328
20:47:40.988 [main] DEBUG org.hibernate.type.BasicTypeRegistry - Type registration key [null] overrode previous entry : `org.hibernate.type.NullType@242aa8d9`
20:47:40.988 [main] DEBUG org.hibernate.type.BasicTypeRegistry - Adding type registration JAVA_OBJECT -> org.hibernate.type.JavaObjectType@72fd8a3c
20:47:40.988 [main] DEBUG org.hibernate.type.BasicTypeRegistry - Adding type registration java.lang.Object -> org.hibernate.type.JavaObjectType@72fd8a3c
20:47:40.988 [main] DEBUG org.hibernate.type.BasicTypeRegistry - Type registration key [java.lang.Object] overrode previous entry : `org.hibernate.type.JavaObjectType@3918c187`
20:47:40.991 [main] DEBUG org.hibernate.type.BasicTypeRegistry - Adding type registration org.hibernate.type.DurationType -> basicType@1(java.time.Duration,3015)
20:47:40.991 [main] DEBUG org.hibernate.type.BasicTypeRegistry - Adding type registration Duration -> basicType@1(java.time.Duration,3015)
20:47:40.991 [main] DEBUG org.hibernate.type.BasicTypeRegistry - Adding type registration java.time.Duration -> basicType@1(java.time.Duration,3015)
20:47:40.992 [main] DEBUG org.hibernate.type.spi.TypeConfiguration$Scope - Scoping TypeConfiguration [org.hibernate.type.spi.TypeConfiguration@b9a77c8] to MetadataBuildingContext [org.hibernate.boot.internal.MetadataBuildingContextRootImpl@7a81065e]
20:47:41.008 [main] DEBUG org.hibernate.boot.model.relational.Namespace - Created database namespace [logicalName=Name{catalog=null, schema=null}, physicalName=Name{catalog=null, schema=null}]
20:47:41.141 [main] DEBUG org.hibernate.internal.SessionFactoryImpl - Building session factory
20:47:41.164 [main] DEBUG org.hibernate.service.internal.SessionFactoryServiceRegistryImpl - EventListenerRegistry access via ServiceRegistry is deprecated.  Use `sessionFactory.getEventEngine().getListenerRegistry()` instead
20:47:41.165 [main] DEBUG org.hibernate.internal.SessionFactoryImpl - Instantiating SessionFactory with settings: {hibernate.format_sql=true, java.specification.version=21, sun.cpu.isalist=amd64, sun.jnu.encoding=Cp1252, hibernate.dialect=org.hibernate.dialect.OracleDialect, java.class.path=C:\Users\Tardes\git\cursojava\target\classes;C:\Users\Tardes\.m2\repository\ch\qos\logback\logback-classic\1.5.18\logback-classic-1.5.18.jar;C:\Users\Tardes\.m2\repository\ch\qos\logback\logback-core\1.5.18\logback-core-1.5.18.jar;C:\Users\Tardes\.m2\repository\org\slf4j\slf4j-api\2.0.17\slf4j-api-2.0.17.jar;C:\Users\Tardes\.m2\repository\com\oracle\database\jdbc\ojdbc11\23.7.0.25.01\ojdbc11-23.7.0.25.01.jar;C:\Users\Tardes\.m2\repository\org\projectlombok\lombok\1.18.42\lombok-1.18.42.jar;C:\Users\Tardes\.m2\repository\org\hibernate\orm\hibernate-core\6.6.12.Final\hibernate-core-6.6.12.Final.jar;C:\Users\Tardes\.m2\repository\jakarta\transaction\jakarta.transaction-api\2.0.1\jakarta.transaction-api-2.0.1.jar;C:\Users\Tardes\.m2\repository\org\jboss\logging\jboss-logging\3.5.0.Final\jboss-logging-3.5.0.Final.jar;C:\Users\Tardes\.m2\repository\org\hibernate\common\hibernate-commons-annotations\7.0.3.Final\hibernate-commons-annotations-7.0.3.Final.jar;C:\Users\Tardes\.m2\repository\io\smallrye\jandex\3.2.0\jandex-3.2.0.jar;C:\Users\Tardes\.m2\repository\com\fasterxml\classmate\1.5.1\classmate-1.5.1.jar;C:\Users\Tardes\.m2\repository\net\bytebuddy\byte-buddy\1.15.11\byte-buddy-1.15.11.jar;C:\Users\Tardes\.m2\repository\jakarta\xml\bind\jakarta.xml.bind-api\4.0.0\jakarta.xml.bind-api-4.0.0.jar;C:\Users\Tardes\.m2\repository\jakarta\activation\jakarta.activation-api\2.1.0\jakarta.activation-api-2.1.0.jar;C:\Users\Tardes\.m2\repository\org\glassfish\jaxb\jaxb-runtime\4.0.2\jaxb-runtime-4.0.2.jar;C:\Users\Tardes\.m2\repository\org\glassfish\jaxb\jaxb-core\4.0.2\jaxb-core-4.0.2.jar;C:\Users\Tardes\.m2\repository\org\eclipse\angus\angus-activation\2.0.0\angus-activation-2.0.0.jar;C:\Users\Tardes\.m2\repository\org\glassfish\jaxb\txw2\4.0.2\txw2-4.0.2.jar;C:\Users\Tardes\.m2\repository\com\sun\istack\istack-commons-runtime\4.1.1\istack-commons-runtime-4.1.1.jar;C:\Users\Tardes\.m2\repository\jakarta\inject\jakarta.inject-api\2.0.1\jakarta.inject-api-2.0.1.jar;C:\Users\Tardes\.m2\repository\org\antlr\antlr4-runtime\4.13.0\antlr4-runtime-4.13.0.jar;C:\Users\Tardes\.m2\repository\jakarta\persistence\jakarta.persistence-api\3.1.0\jakarta.persistence-api-3.1.0.jar;C:\Users\Tardes\.m2\repository\org\hibernate\validator\hibernate-validator\8.0.1.Final\hibernate-validator-8.0.1.Final.jar;C:\Users\Tardes\.m2\repository\jakarta\validation\jakarta.validation-api\3.0.2\jakarta.validation-api-3.0.2.jar, java.vm.vendor=Eclipse Adoptium, sun.arch.data.model=64, user.variant=, java.vendor.url=https://adoptium.net/, user.timezone=Europe/Madrid, java.vm.specification.version=21, os.name=Windows 11, sun.java.launcher=SUN_STANDARD, user.country=ES, sun.boot.library.path=C:\Users\Tardes\IDES\eclipse\plugins\org.eclipse.justj.openjdk.hotspot.jre.full.win32.x86_64_21.0.7.v20250502-0916\jre\bin, sun.java.command=hibernate.HibernateMain, jdk.debug=release, sun.cpu.endian=little, user.home=C:\Users\Tardes, user.language=es, java.specification.vendor=Oracle Corporation, java.version.date=2025-04-15, java.home=C:\Users\Tardes\IDES\eclipse\plugins\org.eclipse.justj.openjdk.hotspot.jre.full.win32.x86_64_21.0.7.v20250502-0916\jre, file.separator=\, java.vm.compressedOopsMode=Zero based, line.separator=
, java.vm.specification.vendor=Oracle Corporation, java.specification.name=Java Platform API Specification, hibernate.hbm2ddl.auto=update, user.script=, sun.management.compiler=HotSpot 64-Bit Tiered Compilers, java.runtime.version=21.0.7+6-LTS, user.name=Tardes, stdout.encoding=UTF-8, path.separator=;, hibernate.connection.username=****, os.version=10.0, java.runtime.name=OpenJDK Runtime Environment, hibernate.connection.url=jdbc:oracle:thin:getafe/password@//localhost:1522/XEPDB1, file.encoding=UTF-8, java.vm.name=OpenJDK 64-Bit Server VM, hibernate.show_sql=true, java.vendor.version=Temurin-21.0.7+6, hibernate.connection.driver_class=oracle.jdbc.OracleDriver, java.vendor.url.bug=https://github.com/adoptium/adoptium-support/issues, java.io.tmpdir=C:\Users\Tardes\AppData\Local\Temp\, java.version=21.0.7, user.dir=C:\Users\Tardes\git\cursojava, os.arch=amd64, java.vm.specification.name=Java Virtual Machine Specification, hibernate.connection.password=****, sun.os.patch.level=, hibernate.boot.CfgXmlAccessService.key=org.hibernate.boot.cfgxml.spi.LoadedConfig@7412a438, native.encoding=Cp1252, java.library.path=C:\Users\Tardes\IDES\eclipse\plugins\org.eclipse.justj.openjdk.hotspot.jre.full.win32.x86_64_21.0.7.v20250502-0916\jre\bin;C:\WINDOWS\Sun\Java\bin;C:\WINDOWS\system32;C:\WINDOWS;C:/Users/Tardes/IDES/eclipse//plugins/org.eclipse.justj.openjdk.hotspot.jre.full.win32.x86_64_21.0.8.v20250724-1412/jre/bin/server;C:/Users/Tardes/IDES/eclipse//plugins/org.eclipse.justj.openjdk.hotspot.jre.full.win32.x86_64_21.0.8.v20250724-1412/jre/bin;C:\Program Files\Common Files\Oracle\Java\javapath;C:\ProgramData\Oracle\Java\javapath;C:\app\Tardes\product\21c\dbhomeXE\bin;C:\Program Files (x86)\Common Files\Oracle\Java\java8path;C:\Program Files (x86)\Common Files\Oracle\Java\javapath;C:\Program Files (x86)\VMware\VMware Workstation\bin\;C:\WINDOWS\system32;C:\WINDOWS;C:\WINDOWS\System32\Wbem;C:\WINDOWS\System32\WindowsPowerShell\v1.0\;C:\WINDOWS\System32\OpenSSH\;C:\Program Files\Docker\Docker\resources\bin;C:\Program Files\Git\cmd;C:\Users\Tardes\AppData\Local\Microsoft\WindowsApps;C:\jdk-21.0.8;;C:\Users\Tardes\IDES\eclipse;;., stderr.encoding=UTF-8, java.vendor=Eclipse Adoptium, java.vm.info=mixed mode, sharing, java.vm.version=21.0.7+6-LTS, sun.io.unicode.encoding=UnicodeLittle, java.class.version=65.0}
20:47:41.167 [main] DEBUG org.hibernate.internal.SessionFactoryImpl - Session factory constructed with filter configurations : {}
20:47:41.180 [main] INFO  org.hibernate.validator.internal.util.Version - HV000001: Hibernate Validator 8.0.1.Final
20:47:41.182 [main] DEBUG org.hibernate.validator.internal.xml.config.ValidationXmlParser - Trying to load META-INF/validation.xml for XML based Validator configuration.
20:47:41.183 [main] DEBUG org.hibernate.validator.internal.xml.config.ResourceLoaderHelper - Trying to load META-INF/validation.xml via TCCL
20:47:41.183 [main] DEBUG org.hibernate.validator.internal.xml.config.ResourceLoaderHelper - Trying to load META-INF/validation.xml via Hibernate Validator's class loader
20:47:41.183 [main] DEBUG org.hibernate.validator.internal.xml.config.ValidationXmlParser - No META-INF/validation.xml found. Using annotation based configuration only.
20:47:41.185 [main] DEBUG org.hibernate.validator.internal.engine.resolver.TraversableResolvers - Found jakarta.persistence.Persistence on classpath containing 'getPersistenceUtil'. Assuming JPA 2 environment. Trying to instantiate JPA aware TraversableResolver
20:47:41.186 [main] DEBUG org.hibernate.validator.internal.engine.resolver.TraversableResolvers - Instantiated JPA aware TraversableResolver of type org.hibernate.validator.internal.engine.resolver.JPATraversableResolver.
20:47:41.193 [main] DEBUG org.hibernate.validator.messageinterpolation.ResourceBundleMessageInterpolator - Failed to load expression factory via classloader jdk.internal.loader.ClassLoaders$AppClassLoader@5c647e05
java.lang.NoClassDefFoundError: jakarta/el/ExpressionFactory
	at org.hibernate.validator.messageinterpolation.ResourceBundleMessageInterpolator.canLoadExpressionFactory(ResourceBundleMessageInterpolator.java:228)
	at org.hibernate.validator.messageinterpolation.ResourceBundleMessageInterpolator.buildExpressionFactory(ResourceBundleMessageInterpolator.java:173)
	at org.hibernate.validator.messageinterpolation.ResourceBundleMessageInterpolator.<init>(ResourceBundleMessageInterpolator.java:97)
	at org.hibernate.validator.internal.engine.AbstractConfigurationImpl.getDefaultMessageInterpolator(AbstractConfigurationImpl.java:575)
	at org.hibernate.validator.internal.engine.AbstractConfigurationImpl.getDefaultMessageInterpolatorConfiguredWithClassLoader(AbstractConfigurationImpl.java:834)
	at org.hibernate.validator.internal.engine.AbstractConfigurationImpl.getMessageInterpolator(AbstractConfigurationImpl.java:485)
	at org.hibernate.validator.internal.engine.ValidatorFactoryImpl.<init>(ValidatorFactoryImpl.java:157)
	at org.hibernate.validator.HibernateValidator.buildValidatorFactory(HibernateValidator.java:38)
	at org.hibernate.validator.internal.engine.AbstractConfigurationImpl.buildValidatorFactory(AbstractConfigurationImpl.java:453)
	at jakarta.validation.Validation.buildDefaultValidatorFactory(Validation.java:103)
	at org.hibernate.boot.beanvalidation.TypeSafeActivator.getValidatorFactory(TypeSafeActivator.java:483)
	at org.hibernate.boot.beanvalidation.TypeSafeActivator.activate(TypeSafeActivator.java:84)
	at java.base/jdk.internal.reflect.DirectMethodHandleAccessor.invoke(DirectMethodHandleAccessor.java:103)
	at java.base/java.lang.reflect.Method.invoke(Method.java:580)
	at org.hibernate.boot.beanvalidation.BeanValidationIntegrator.integrate(BeanValidationIntegrator.java:139)
	at org.hibernate.internal.SessionFactoryImpl.integrate(SessionFactoryImpl.java:523)
	at org.hibernate.internal.SessionFactoryImpl.<init>(SessionFactoryImpl.java:278)
	at org.hibernate.boot.internal.SessionFactoryBuilderImpl.build(SessionFactoryBuilderImpl.java:463)
	at org.hibernate.cfg.Configuration.buildSessionFactory(Configuration.java:980)
	at org.hibernate.cfg.Configuration.buildSessionFactory(Configuration.java:999)
	at hibernate.HibernateMain.main(HibernateMain.java:13)
Caused by: java.lang.ClassNotFoundException: jakarta.el.ExpressionFactory
	at java.base/jdk.internal.loader.BuiltinClassLoader.loadClass(BuiltinClassLoader.java:641)
	at java.base/jdk.internal.loader.ClassLoaders$AppClassLoader.loadClass(ClassLoaders.java:188)
	at java.base/java.lang.ClassLoader.loadClass(ClassLoader.java:526)
	... 21 common frames omitted
20:47:41.195 [main] DEBUG org.hibernate.validator.messageinterpolation.ResourceBundleMessageInterpolator - Failed to load expression factory via classloader jdk.internal.loader.ClassLoaders$AppClassLoader@5c647e05
java.lang.NoClassDefFoundError: jakarta/el/ExpressionFactory
	at org.hibernate.validator.messageinterpolation.ResourceBundleMessageInterpolator.canLoadExpressionFactory(ResourceBundleMessageInterpolator.java:228)
	at org.hibernate.validator.messageinterpolation.ResourceBundleMessageInterpolator.buildExpressionFactory(ResourceBundleMessageInterpolator.java:186)
	at org.hibernate.validator.messageinterpolation.ResourceBundleMessageInterpolator.<init>(ResourceBundleMessageInterpolator.java:97)
	at org.hibernate.validator.internal.engine.AbstractConfigurationImpl.getDefaultMessageInterpolator(AbstractConfigurationImpl.java:575)
	at org.hibernate.validator.internal.engine.AbstractConfigurationImpl.getDefaultMessageInterpolatorConfiguredWithClassLoader(AbstractConfigurationImpl.java:834)
	at org.hibernate.validator.internal.engine.AbstractConfigurationImpl.getMessageInterpolator(AbstractConfigurationImpl.java:485)
	at org.hibernate.validator.internal.engine.ValidatorFactoryImpl.<init>(ValidatorFactoryImpl.java:157)
	at org.hibernate.validator.HibernateValidator.buildValidatorFactory(HibernateValidator.java:38)
	at org.hibernate.validator.internal.engine.AbstractConfigurationImpl.buildValidatorFactory(AbstractConfigurationImpl.java:453)
	at jakarta.validation.Validation.buildDefaultValidatorFactory(Validation.java:103)
	at org.hibernate.boot.beanvalidation.TypeSafeActivator.getValidatorFactory(TypeSafeActivator.java:483)
	at org.hibernate.boot.beanvalidation.TypeSafeActivator.activate(TypeSafeActivator.java:84)
	at java.base/jdk.internal.reflect.DirectMethodHandleAccessor.invoke(DirectMethodHandleAccessor.java:103)
	at java.base/java.lang.reflect.Method.invoke(Method.java:580)
	at org.hibernate.boot.beanvalidation.BeanValidationIntegrator.integrate(BeanValidationIntegrator.java:139)
	at org.hibernate.internal.SessionFactoryImpl.integrate(SessionFactoryImpl.java:523)
	at org.hibernate.internal.SessionFactoryImpl.<init>(SessionFactoryImpl.java:278)
	at org.hibernate.boot.internal.SessionFactoryBuilderImpl.build(SessionFactoryBuilderImpl.java:463)
	at org.hibernate.cfg.Configuration.buildSessionFactory(Configuration.java:980)
	at org.hibernate.cfg.Configuration.buildSessionFactory(Configuration.java:999)
	at hibernate.HibernateMain.main(HibernateMain.java:13)
Caused by: java.lang.ClassNotFoundException: jakarta.el.ExpressionFactory
	... 21 common frames omitted
20:47:41.195 [main] DEBUG org.hibernate.boot.beanvalidation.TypeSafeActivator - Unable to acquire Bean Validation ValidatorFactory, skipping activation
20:47:41.221 [main] DEBUG org.hibernate.query.sqm.function.SqmFunctionRegistry - Registered SqmFunctionTemplate [NamedSqmFunctionTemplate(max)] under max; prior registration was null
20:47:41.222 [main] DEBUG org.hibernate.query.sqm.function.SqmFunctionRegistry - Registered SqmFunctionTemplate [NamedSqmFunctionTemplate(min)] under min; prior registration was null
20:47:41.222 [main] DEBUG org.hibernate.query.sqm.function.SqmFunctionRegistry - Registered SqmFunctionTemplate [NamedSqmFunctionTemplate(sum)] under sum; prior registration was null
20:47:41.222 [main] DEBUG org.hibernate.query.sqm.function.SqmFunctionRegistry - Registered SqmFunctionTemplate [NamedSqmFunctionTemplate(avg)] under avg; prior registration was null
20:47:41.223 [main] DEBUG org.hibernate.query.sqm.function.SqmFunctionRegistry - Registered SqmFunctionTemplate [org.hibernate.dialect.function.CountFunction@4c731956] under count; prior registration was null
20:47:41.223 [main] DEBUG org.hibernate.query.sqm.function.SqmFunctionRegistry - Registered SqmFunctionTemplate [org.hibernate.dialect.function.EveryAnyEmulation@481b2f10] under every; prior registration was null
20:47:41.223 [main] DEBUG org.hibernate.query.sqm.function.SqmFunctionRegistry - Registered SqmFunctionTemplate [org.hibernate.dialect.function.EveryAnyEmulation@2b6c7012] under any; prior registration was null
20:47:41.224 [main] DEBUG org.hibernate.query.sqm.function.SqmFunctionRegistry - Registered SqmFunctionTemplate [NamedSqmFunctionTemplate(floor)] under floor; prior registration was null
20:47:41.224 [main] DEBUG org.hibernate.query.sqm.function.SqmFunctionRegistry - Registered SqmFunctionTemplate [NamedSqmFunctionTemplate(ceiling)] under ceiling; prior registration was null
20:47:41.224 [main] DEBUG org.hibernate.query.sqm.function.SqmFunctionRegistry - Registered SqmFunctionTemplate [NamedSqmFunctionTemplate(mod)] under mod; prior registration was null
20:47:41.224 [main] DEBUG org.hibernate.query.sqm.function.SqmFunctionRegistry - Registered SqmFunctionTemplate [NamedSqmFunctionTemplate(abs)] under abs; prior registration was null
20:47:41.224 [main] DEBUG org.hibernate.query.sqm.function.SqmFunctionRegistry - Registered SqmFunctionTemplate [NamedSqmFunctionTemplate(sign)] under sign; prior registration was null
20:47:41.224 [main] DEBUG org.hibernate.query.sqm.function.SqmFunctionRegistry - Registered SqmFunctionTemplate [NamedSqmFunctionTemplate(sqrt)] under sqrt; prior registration was null
20:47:41.224 [main] DEBUG org.hibernate.query.sqm.function.SqmFunctionRegistry - Registered SqmFunctionTemplate [NamedSqmFunctionTemplate(ln)] under ln; prior registration was null
20:47:41.224 [main] DEBUG org.hibernate.query.sqm.function.SqmFunctionRegistry - Registered SqmFunctionTemplate [NamedSqmFunctionTemplate(exp)] under exp; prior registration was null
20:47:41.224 [main] DEBUG org.hibernate.query.sqm.function.SqmFunctionRegistry - Registered SqmFunctionTemplate [NamedSqmFunctionTemplate(power)] under power; prior registration was null
20:47:41.224 [main] DEBUG org.hibernate.query.sqm.function.SqmFunctionRegistry - Registered SqmFunctionTemplate [NamedSqmFunctionTemplate(round)] under round; prior registration was null
20:47:41.224 [main] DEBUG org.hibernate.query.sqm.function.SqmFunctionRegistry - Registered SqmFunctionTemplate [NamedSqmFunctionTemplate(sin)] under sin; prior registration was null
20:47:41.225 [main] DEBUG org.hibernate.query.sqm.function.SqmFunctionRegistry - Registered SqmFunctionTemplate [NamedSqmFunctionTemplate(cos)] under cos; prior registration was null
20:47:41.225 [main] DEBUG org.hibernate.query.sqm.function.SqmFunctionRegistry - Registered SqmFunctionTemplate [NamedSqmFunctionTemplate(tan)] under tan; prior registration was null
20:47:41.225 [main] DEBUG org.hibernate.query.sqm.function.SqmFunctionRegistry - Registered SqmFunctionTemplate [NamedSqmFunctionTemplate(asin)] under asin; prior registration was null
20:47:41.225 [main] DEBUG org.hibernate.query.sqm.function.SqmFunctionRegistry - Registered SqmFunctionTemplate [NamedSqmFunctionTemplate(acos)] under acos; prior registration was null
20:47:41.225 [main] DEBUG org.hibernate.query.sqm.function.SqmFunctionRegistry - Registered SqmFunctionTemplate [NamedSqmFunctionTemplate(atan)] under atan; prior registration was null
20:47:41.225 [main] DEBUG org.hibernate.query.sqm.function.SqmFunctionRegistry - Registered SqmFunctionTemplate [NamedSqmFunctionTemplate(atan2)] under atan2; prior registration was null
20:47:41.225 [main] DEBUG org.hibernate.query.sqm.function.SqmFunctionRegistry - Registered SqmFunctionTemplate [org.hibernate.query.sqm.function.PatternBasedSqmFunctionDescriptor@73ca34e7] under sinh; prior registration was null
20:47:41.225 [main] DEBUG org.hibernate.query.sqm.function.SqmFunctionRegistry - Registered SqmFunctionTemplate [org.hibernate.query.sqm.function.PatternBasedSqmFunctionDescriptor@4d98e41b] under cosh; prior registration was null
20:47:41.225 [main] DEBUG org.hibernate.query.sqm.function.SqmFunctionRegistry - Registered SqmFunctionTemplate [org.hibernate.query.sqm.function.PatternBasedSqmFunctionDescriptor@5ed5b321] under tanh; prior registration was null
20:47:41.225 [main] DEBUG org.hibernate.query.sqm.function.SqmFunctionRegistry - Registered SqmFunctionTemplate [org.hibernate.query.sqm.function.PatternBasedSqmFunctionDescriptor@5696c927] under pi; prior registration was null
20:47:41.226 [main] DEBUG org.hibernate.query.sqm.function.SqmFunctionRegistry - Registered SqmFunctionTemplate [org.hibernate.query.sqm.function.PatternBasedSqmFunctionDescriptor@7459a21e] under log; prior registration was null
20:47:41.226 [main] DEBUG org.hibernate.query.sqm.function.SqmFunctionRegistry - Registered SqmFunctionTemplate [NamedSqmFunctionTemplate(coalesce)] under coalesce; prior registration was null
20:47:41.226 [main] DEBUG org.hibernate.query.sqm.function.SqmFunctionRegistry - Registered SqmFunctionTemplate [NamedSqmFunctionTemplate(nullif)] under nullif; prior registration was null
20:47:41.226 [main] DEBUG org.hibernate.query.sqm.function.SqmFunctionRegistry - Registered SqmFunctionTemplate [NamedSqmFunctionTemplate(left)] under left; prior registration was null
20:47:41.226 [main] DEBUG org.hibernate.query.sqm.function.SqmFunctionRegistry - Registered SqmFunctionTemplate [NamedSqmFunctionTemplate(right)] under right; prior registration was null
20:47:41.226 [main] DEBUG org.hibernate.query.sqm.function.SqmFunctionRegistry - Registered SqmFunctionTemplate [NamedSqmFunctionTemplate(replace)] under replace; prior registration was null
20:47:41.228 [main] DEBUG org.hibernate.query.sqm.function.SqmFunctionRegistry - Registered SqmFunctionTemplate [NamedSqmFunctionTemplate(concat)] under concat; prior registration was null
20:47:41.228 [main] DEBUG org.hibernate.query.sqm.function.SqmFunctionRegistry - Registered SqmFunctionTemplate [NamedSqmFunctionTemplate(lower)] under lower; prior registration was null
20:47:41.228 [main] DEBUG org.hibernate.query.sqm.function.SqmFunctionRegistry - Registered SqmFunctionTemplate [NamedSqmFunctionTemplate(upper)] under upper; prior registration was null
20:47:41.228 [main] DEBUG org.hibernate.query.sqm.function.SqmFunctionRegistry - Registered SqmFunctionTemplate [NamedSqmFunctionTemplate(substring)] under substring; prior registration was null
20:47:41.228 [main] DEBUG org.hibernate.query.sqm.function.SqmFunctionRegistry - Registered SqmFunctionTemplate [NamedSqmFunctionTemplate(locate)] under locate; prior registration was null
20:47:41.228 [main] DEBUG org.hibernate.query.sqm.function.SqmFunctionRegistry - Registered SqmFunctionTemplate [NamedSqmFunctionTemplate(character_length)] under character_length; prior registration was null
20:47:41.228 [main] DEBUG org.hibernate.query.sqm.function.SqmFunctionRegistry - Registering alternate key : length -> character_length
20:47:41.229 [main] DEBUG org.hibernate.query.sqm.function.SqmFunctionRegistry - Registered SqmFunctionTemplate [org.hibernate.dialect.function.LocatePositionEmulation@f2d890c] under position; prior registration was null
20:47:41.230 [main] DEBUG org.hibernate.query.sqm.function.SqmFunctionRegistry - Registered SqmFunctionTemplate [org.hibernate.dialect.function.InsertSubstringOverlayEmulation@30aec673] under overlay; prior registration was null
20:47:41.230 [main] DEBUG org.hibernate.query.sqm.function.SqmFunctionRegistry - Registered SqmFunctionTemplate [org.hibernate.dialect.function.TrimFunction@5a622fe8] under trim; prior registration was null
20:47:41.230 [main] DEBUG org.hibernate.query.sqm.function.SqmFunctionRegistry - Registered SqmFunctionTemplate [org.hibernate.dialect.function.CastFunction@1cbc1dde] under cast; prior registration was null
20:47:41.230 [main] DEBUG org.hibernate.query.sqm.function.SqmFunctionRegistry - Registered SqmFunctionTemplate [org.hibernate.query.sqm.function.PatternBasedSqmFunctionDescriptor@4971f459] under collate; prior registration was null
20:47:41.231 [main] DEBUG org.hibernate.query.sqm.function.SqmFunctionRegistry - Registered SqmFunctionTemplate [org.hibernate.dialect.function.ExtractFunction@1416ff46] under extract; prior registration was null
20:47:41.231 [main] DEBUG org.hibernate.query.sqm.function.SqmFunctionRegistry - Registered SqmFunctionTemplate [NamedSqmFunctionTemplate(least)] under least; prior registration was null
20:47:41.231 [main] DEBUG org.hibernate.query.sqm.function.SqmFunctionRegistry - Registered SqmFunctionTemplate [NamedSqmFunctionTemplate(greatest)] under greatest; prior registration was null
20:47:41.231 [main] DEBUG org.hibernate.query.sqm.function.SqmFunctionRegistry - Registered SqmFunctionTemplate [org.hibernate.dialect.function.CoalesceIfnullEmulation@4c531172] under ifnull; prior registration was null
20:47:41.231 [main] DEBUG org.hibernate.query.sqm.function.SqmFunctionRegistry - Registered SqmFunctionTemplate [NamedSqmFunctionTemplate(lpad)] under lpad; prior registration was null
20:47:41.231 [main] DEBUG org.hibernate.query.sqm.function.SqmFunctionRegistry - Registered SqmFunctionTemplate [NamedSqmFunctionTemplate(rpad)] under rpad; prior registration was null
20:47:41.231 [main] DEBUG org.hibernate.query.sqm.function.SqmFunctionRegistry - Registered SqmFunctionTemplate [org.hibernate.dialect.function.LpadRpadPadEmulation@236fdf] under pad; prior registration was null
20:47:41.231 [main] DEBUG org.hibernate.query.sqm.function.SqmFunctionRegistry - Registered SqmFunctionTemplate [org.hibernate.dialect.function.CastStrEmulation@531ec978] under str; prior registration was null
20:47:41.232 [main] DEBUG org.hibernate.query.sqm.function.SqmFunctionRegistry - Registered SqmFunctionTemplate [org.hibernate.dialect.function.FormatFunction@6c17c0f8] under format; prior registration was null
20:47:41.233 [main] DEBUG org.hibernate.query.sqm.function.SqmFunctionRegistry - Registered SqmFunctionTemplate [org.hibernate.dialect.function.TimestampaddFunction@498a612d] under timestampadd; prior registration was null
20:47:41.233 [main] DEBUG org.hibernate.query.sqm.function.SqmFunctionRegistry - Registered SqmFunctionTemplate [org.hibernate.dialect.function.TimestampdiffFunction@72028a45] under timestampdiff; prior registration was null
20:47:41.233 [main] DEBUG org.hibernate.query.sqm.function.SqmFunctionRegistry - Registering alternate key : dateadd -> timestampadd
20:47:41.233 [main] DEBUG org.hibernate.query.sqm.function.SqmFunctionRegistry - Registering alternate key : datediff -> timestampdiff
20:47:41.234 [main] DEBUG org.hibernate.query.sqm.function.SqmFunctionRegistry - Registered SqmFunctionTemplate [org.hibernate.dialect.function.CurrentFunction@50fdf44f] under current_date; prior registration was null
20:47:41.234 [main] DEBUG org.hibernate.query.sqm.function.SqmFunctionRegistry - Registered SqmFunctionTemplate [org.hibernate.dialect.function.CurrentFunction@172f4514] under current_time; prior registration was null
20:47:41.234 [main] DEBUG org.hibernate.query.sqm.function.SqmFunctionRegistry - Registered SqmFunctionTemplate [org.hibernate.dialect.function.CurrentFunction@7df6d663] under current_timestamp; prior registration was null
20:47:41.234 [main] DEBUG org.hibernate.query.sqm.function.SqmFunctionRegistry - Registering alternate key : current date -> current_date
20:47:41.234 [main] DEBUG org.hibernate.query.sqm.function.SqmFunctionRegistry - Registering alternate key : current time -> current_time
20:47:41.234 [main] DEBUG org.hibernate.query.sqm.function.SqmFunctionRegistry - Registering alternate key : current timestamp -> current_timestamp
20:47:41.234 [main] DEBUG org.hibernate.query.sqm.function.SqmFunctionRegistry - Registered SqmFunctionTemplate [org.hibernate.dialect.function.CurrentFunction@13d019a4] under local_date; prior registration was null
20:47:41.234 [main] DEBUG org.hibernate.query.sqm.function.SqmFunctionRegistry - Registered SqmFunctionTemplate [org.hibernate.dialect.function.CurrentFunction@2c30c81d] under local_time; prior registration was null
20:47:41.234 [main] DEBUG org.hibernate.query.sqm.function.SqmFunctionRegistry - Registered SqmFunctionTemplate [org.hibernate.dialect.function.CurrentFunction@415a3f6a] under local_datetime; prior registration was null
20:47:41.234 [main] DEBUG org.hibernate.query.sqm.function.SqmFunctionRegistry - Registered SqmFunctionTemplate [org.hibernate.dialect.function.CurrentFunction@a54acec] under offset_datetime; prior registration was null
20:47:41.234 [main] DEBUG org.hibernate.query.sqm.function.SqmFunctionRegistry - Registering alternate key : local date -> local_date
20:47:41.234 [main] DEBUG org.hibernate.query.sqm.function.SqmFunctionRegistry - Registering alternate key : local time -> local_time
20:47:41.234 [main] DEBUG org.hibernate.query.sqm.function.SqmFunctionRegistry - Registering alternate key : local datetime -> local_datetime
20:47:41.234 [main] DEBUG org.hibernate.query.sqm.function.SqmFunctionRegistry - Registering alternate key : offset datetime -> offset_datetime
20:47:41.234 [main] DEBUG org.hibernate.query.sqm.function.SqmFunctionRegistry - Registered SqmFunctionTemplate [org.hibernate.dialect.function.CurrentFunction@19da993b] under instant; prior registration was null
20:47:41.234 [main] DEBUG org.hibernate.query.sqm.function.SqmFunctionRegistry - Registering alternate key : current_instant -> instant
20:47:41.235 [main] DEBUG org.hibernate.query.sqm.function.SqmFunctionRegistry - Registered SqmFunctionTemplate [org.hibernate.dialect.function.SqlFunction@41f3aaf1] under sql; prior registration was null
20:47:41.235 [main] DEBUG org.hibernate.query.sqm.function.SqmFunctionRegistry - Registered SqmFunctionTemplate [NamedSqmFunctionTemplate(ascii)] under ascii; prior registration was null
20:47:41.235 [main] DEBUG org.hibernate.query.sqm.function.SqmFunctionRegistry - Registered SqmFunctionTemplate [NamedSqmFunctionTemplate(chr)] under chr; prior registration was null
20:47:41.235 [main] DEBUG org.hibernate.query.sqm.function.SqmFunctionRegistry - Registering alternate key : char -> chr
20:47:41.235 [main] DEBUG org.hibernate.query.sqm.function.SqmFunctionRegistry - Registered SqmFunctionTemplate [NamedSqmFunctionTemplate(cosh)] under cosh; prior registration was org.hibernate.query.sqm.function.PatternBasedSqmFunctionDescriptor@4d98e41b
20:47:41.235 [main] DEBUG org.hibernate.query.sqm.function.SqmFunctionRegistry - Registered SqmFunctionTemplate [NamedSqmFunctionTemplate(sinh)] under sinh; prior registration was org.hibernate.query.sqm.function.PatternBasedSqmFunctionDescriptor@73ca34e7
20:47:41.235 [main] DEBUG org.hibernate.query.sqm.function.SqmFunctionRegistry - Registered SqmFunctionTemplate [NamedSqmFunctionTemplate(tanh)] under tanh; prior registration was org.hibernate.query.sqm.function.PatternBasedSqmFunctionDescriptor@5ed5b321
20:47:41.235 [main] DEBUG org.hibernate.query.sqm.function.SqmFunctionRegistry - Registered SqmFunctionTemplate [NamedSqmFunctionTemplate(log)] under log; prior registration was org.hibernate.query.sqm.function.PatternBasedSqmFunctionDescriptor@7459a21e
20:47:41.235 [main] DEBUG org.hibernate.query.sqm.function.SqmFunctionRegistry - Registered SqmFunctionTemplate [org.hibernate.query.sqm.function.PatternBasedSqmFunctionDescriptor@741741d0] under log10; prior registration was null
20:47:41.235 [main] DEBUG org.hibernate.query.sqm.function.SqmFunctionRegistry - Registered SqmFunctionTemplate [NamedSqmFunctionTemplate(soundex)] under soundex; prior registration was null
20:47:41.235 [main] DEBUG org.hibernate.query.sqm.function.SqmFunctionRegistry - Registered SqmFunctionTemplate [NamedSqmFunctionTemplate(ltrim)] under ltrim; prior registration was null
20:47:41.235 [main] DEBUG org.hibernate.query.sqm.function.SqmFunctionRegistry - Registered SqmFunctionTemplate [NamedSqmFunctionTemplate(rtrim)] under rtrim; prior registration was null
20:47:41.235 [main] DEBUG org.hibernate.query.sqm.function.SqmFunctionRegistry - Registered SqmFunctionTemplate [NamedSqmFunctionTemplate(initcap)] under initcap; prior registration was null
20:47:41.235 [main] DEBUG org.hibernate.query.sqm.function.SqmFunctionRegistry - Registered SqmFunctionTemplate [NamedSqmFunctionTemplate(instr)] under instr; prior registration was null
20:47:41.235 [main] DEBUG org.hibernate.query.sqm.function.SqmFunctionRegistry - Registered SqmFunctionTemplate [NamedSqmFunctionTemplate(substr)] under substr; prior registration was null
20:47:41.235 [main] DEBUG org.hibernate.query.sqm.function.SqmFunctionRegistry - Registered SqmFunctionTemplate [NamedSqmFunctionTemplate(substr)] under substring; prior registration was NamedSqmFunctionTemplate(substring)
20:47:41.235 [main] DEBUG org.hibernate.query.sqm.function.SqmFunctionRegistry - Registered SqmFunctionTemplate [org.hibernate.query.sqm.function.PatternBasedSqmFunctionDescriptor@5f9f3e58] under left; prior registration was NamedSqmFunctionTemplate(left)
20:47:41.235 [main] DEBUG org.hibernate.query.sqm.function.SqmFunctionRegistry - Registered SqmFunctionTemplate [org.hibernate.query.sqm.function.PatternBasedSqmFunctionDescriptor@3c19592c] under right; prior registration was NamedSqmFunctionTemplate(right)
20:47:41.235 [main] DEBUG org.hibernate.query.sqm.function.SqmFunctionRegistry - Registered SqmFunctionTemplate [NamedSqmFunctionTemplate(translate)] under translate; prior registration was null
20:47:41.235 [main] DEBUG org.hibernate.query.sqm.function.SqmFunctionRegistry - Registered SqmFunctionTemplate [NamedSqmFunctionTemplate(bitand)] under bitand; prior registration was null
20:47:41.235 [main] DEBUG org.hibernate.query.sqm.function.SqmFunctionRegistry - Registered SqmFunctionTemplate [NamedSqmFunctionTemplate(last_day)] under last_day; prior registration was null
20:47:41.235 [main] DEBUG org.hibernate.query.sqm.function.SqmFunctionRegistry - Registered SqmFunctionTemplate [NamedSqmFunctionTemplate(to_number)] under to_number; prior registration was null
20:47:41.235 [main] DEBUG org.hibernate.query.sqm.function.SqmFunctionRegistry - Registered SqmFunctionTemplate [NamedSqmFunctionTemplate(to_char)] under to_char; prior registration was null
20:47:41.235 [main] DEBUG org.hibernate.query.sqm.function.SqmFunctionRegistry - Registered SqmFunctionTemplate [NamedSqmFunctionTemplate(to_date)] under to_date; prior registration was null
20:47:41.235 [main] DEBUG org.hibernate.query.sqm.function.SqmFunctionRegistry - Registered SqmFunctionTemplate [NamedSqmFunctionTemplate(to_timestamp)] under to_timestamp; prior registration was null
20:47:41.235 [main] DEBUG org.hibernate.query.sqm.function.SqmFunctionRegistry - Registered SqmFunctionTemplate [NamedSqmFunctionTemplate(ceil)] under ceil; prior registration was null
20:47:41.235 [main] DEBUG org.hibernate.query.sqm.function.SqmFunctionRegistry - Registering alternate key : ceiling -> ceil
20:47:41.235 [main] DEBUG org.hibernate.query.sqm.function.SqmFunctionRegistry - Registered SqmFunctionTemplate [org.hibernate.query.sqm.function.PatternBasedSqmFunctionDescriptor@60e1d87c] under concat; prior registration was NamedSqmFunctionTemplate(concat)
20:47:41.235 [main] DEBUG org.hibernate.query.sqm.function.SqmFunctionRegistry - Registered SqmFunctionTemplate [NamedSqmFunctionTemplate(rowid)] under rowid; prior registration was null
20:47:41.235 [main] DEBUG org.hibernate.query.sqm.function.SqmFunctionRegistry - Registered SqmFunctionTemplate [NamedSqmFunctionTemplate(rownum)] under rownum; prior registration was null
20:47:41.235 [main] DEBUG org.hibernate.query.sqm.function.SqmFunctionRegistry - Registered SqmFunctionTemplate [NamedSqmFunctionTemplate(sysdate)] under sysdate; prior registration was null
20:47:41.235 [main] DEBUG org.hibernate.query.sqm.function.SqmFunctionRegistry - Registered SqmFunctionTemplate [NamedSqmFunctionTemplate(systimestamp)] under systimestamp; prior registration was null
20:47:41.235 [main] DEBUG org.hibernate.query.sqm.function.SqmFunctionRegistry - Registered SqmFunctionTemplate [NamedSqmFunctionTemplate(add_months)] under add_months; prior registration was null
20:47:41.235 [main] DEBUG org.hibernate.query.sqm.function.SqmFunctionRegistry - Registered SqmFunctionTemplate [NamedSqmFunctionTemplate(months_between)] under months_between; prior registration was null
20:47:41.236 [main] DEBUG org.hibernate.query.sqm.function.SqmFunctionRegistry - Registered SqmFunctionTemplate [org.hibernate.dialect.function.MinMaxCaseEveryAnyEmulation@10177794] under every; prior registration was org.hibernate.dialect.function.EveryAnyEmulation@481b2f10
20:47:41.236 [main] DEBUG org.hibernate.query.sqm.function.SqmFunctionRegistry - Registered SqmFunctionTemplate [org.hibernate.dialect.function.MinMaxCaseEveryAnyEmulation@e5c2463] under any; prior registration was org.hibernate.dialect.function.EveryAnyEmulation@2b6c7012
20:47:41.236 [main] DEBUG org.hibernate.query.sqm.function.SqmFunctionRegistry - Registered SqmFunctionTemplate [org.hibernate.query.sqm.function.PatternBasedSqmFunctionDescriptor@6a950a3b] under repeat; prior registration was null
20:47:41.236 [main] DEBUG org.hibernate.query.sqm.function.SqmFunctionRegistry - Registered SqmFunctionTemplate [org.hibernate.query.sqm.function.PatternBasedSqmFunctionDescriptor@4f7be6c8] under radians; prior registration was null
20:47:41.236 [main] DEBUG org.hibernate.query.sqm.function.SqmFunctionRegistry - Registered SqmFunctionTemplate [org.hibernate.query.sqm.function.PatternBasedSqmFunctionDescriptor@647b9364] under degrees; prior registration was null
20:47:41.236 [main] DEBUG org.hibernate.query.sqm.function.SqmFunctionRegistry - Registered SqmFunctionTemplate [NamedSqmFunctionTemplate(median)] under median; prior registration was null
20:47:41.236 [main] DEBUG org.hibernate.query.sqm.function.SqmFunctionRegistry - Registered SqmFunctionTemplate [NamedSqmFunctionTemplate(stddev)] under stddev; prior registration was null
20:47:41.236 [main] DEBUG org.hibernate.query.sqm.function.SqmFunctionRegistry - Registered SqmFunctionTemplate [NamedSqmFunctionTemplate(stddev_pop)] under stddev_pop; prior registration was null
20:47:41.236 [main] DEBUG org.hibernate.query.sqm.function.SqmFunctionRegistry - Registered SqmFunctionTemplate [NamedSqmFunctionTemplate(stddev_samp)] under stddev_samp; prior registration was null
20:47:41.236 [main] DEBUG org.hibernate.query.sqm.function.SqmFunctionRegistry - Registered SqmFunctionTemplate [NamedSqmFunctionTemplate(variance)] under variance; prior registration was null
20:47:41.236 [main] DEBUG org.hibernate.query.sqm.function.SqmFunctionRegistry - Registered SqmFunctionTemplate [NamedSqmFunctionTemplate(var_pop)] under var_pop; prior registration was null
20:47:41.236 [main] DEBUG org.hibernate.query.sqm.function.SqmFunctionRegistry - Registered SqmFunctionTemplate [NamedSqmFunctionTemplate(var_samp)] under var_samp; prior registration was null
20:47:41.236 [main] DEBUG org.hibernate.query.sqm.function.SqmFunctionRegistry - Registered SqmFunctionTemplate [NamedSqmFunctionTemplate(covar_pop)] under covar_pop; prior registration was null
20:47:41.236 [main] DEBUG org.hibernate.query.sqm.function.SqmFunctionRegistry - Registered SqmFunctionTemplate [NamedSqmFunctionTemplate(covar_samp)] under covar_samp; prior registration was null
20:47:41.236 [main] DEBUG org.hibernate.query.sqm.function.SqmFunctionRegistry - Registered SqmFunctionTemplate [NamedSqmFunctionTemplate(corr)] under corr; prior registration was null
20:47:41.236 [main] DEBUG org.hibernate.query.sqm.function.SqmFunctionRegistry - Registered SqmFunctionTemplate [NamedSqmFunctionTemplate(regr_avgx)] under regr_avgx; prior registration was null
20:47:41.237 [main] DEBUG org.hibernate.query.sqm.function.SqmFunctionRegistry - Registered SqmFunctionTemplate [NamedSqmFunctionTemplate(regr_avgy)] under regr_avgy; prior registration was null
20:47:41.237 [main] DEBUG org.hibernate.query.sqm.function.SqmFunctionRegistry - Registered SqmFunctionTemplate [NamedSqmFunctionTemplate(regr_count)] under regr_count; prior registration was null
20:47:41.237 [main] DEBUG org.hibernate.query.sqm.function.SqmFunctionRegistry - Registered SqmFunctionTemplate [NamedSqmFunctionTemplate(regr_intercept)] under regr_intercept; prior registration was null
20:47:41.237 [main] DEBUG org.hibernate.query.sqm.function.SqmFunctionRegistry - Registered SqmFunctionTemplate [NamedSqmFunctionTemplate(regr_r2)] under regr_r2; prior registration was null
20:47:41.237 [main] DEBUG org.hibernate.query.sqm.function.SqmFunctionRegistry - Registered SqmFunctionTemplate [NamedSqmFunctionTemplate(regr_slope)] under regr_slope; prior registration was null
20:47:41.237 [main] DEBUG org.hibernate.query.sqm.function.SqmFunctionRegistry - Registered SqmFunctionTemplate [NamedSqmFunctionTemplate(regr_sxx)] under regr_sxx; prior registration was null
20:47:41.237 [main] DEBUG org.hibernate.query.sqm.function.SqmFunctionRegistry - Registered SqmFunctionTemplate [NamedSqmFunctionTemplate(regr_sxy)] under regr_sxy; prior registration was null
20:47:41.237 [main] DEBUG org.hibernate.query.sqm.function.SqmFunctionRegistry - Registered SqmFunctionTemplate [NamedSqmFunctionTemplate(regr_syy)] under regr_syy; prior registration was null
20:47:41.237 [main] DEBUG org.hibernate.query.sqm.function.SqmFunctionRegistry - Registered SqmFunctionTemplate [org.hibernate.dialect.function.LengthFunction@34330f77] under character_length; prior registration was NamedSqmFunctionTemplate(character_length)
20:47:41.237 [main] DEBUG org.hibernate.query.sqm.function.SqmFunctionRegistry - Registering alternate key : length -> character_length
20:47:41.237 [main] DEBUG org.hibernate.query.sqm.function.SqmFunctionRegistry - Registered SqmFunctionTemplate [org.hibernate.dialect.function.LengthFunction@1320e68a] under octet_length; prior registration was null
20:47:41.237 [main] DEBUG org.hibernate.query.sqm.function.SqmFunctionRegistry - Registered SqmFunctionTemplate [org.hibernate.dialect.function.LengthFunction@4b033eac] under bit_length; prior registration was null
20:47:41.237 [main] DEBUG org.hibernate.query.sqm.function.SqmFunctionRegistry - Registered SqmFunctionTemplate [NamedSqmFunctionTemplate(coalesce)] under coalesce; prior registration was NamedSqmFunctionTemplate(coalesce)
20:47:41.237 [main] DEBUG org.hibernate.query.sqm.function.SqmFunctionRegistry - Registered SqmFunctionTemplate [org.hibernate.query.sqm.function.PatternBasedSqmFunctionDescriptor@69c532af] under bitor; prior registration was null
20:47:41.237 [main] DEBUG org.hibernate.query.sqm.function.SqmFunctionRegistry - Registered SqmFunctionTemplate [org.hibernate.query.sqm.function.PatternBasedSqmFunctionDescriptor@45a1d057] under bitxor; prior registration was null
20:47:41.237 [main] DEBUG org.hibernate.query.sqm.function.SqmFunctionRegistry - Registered SqmFunctionTemplate [org.hibernate.query.sqm.function.MultipatternSqmFunctionDescriptor@8fd91d1] under locate; prior registration was NamedSqmFunctionTemplate(locate)
20:47:41.238 [main] DEBUG org.hibernate.query.sqm.function.SqmFunctionRegistry - Registered SqmFunctionTemplate [org.hibernate.dialect.function.ListaggFunction@76437e9b] under listagg; prior registration was null
20:47:41.238 [main] DEBUG org.hibernate.query.sqm.function.SqmFunctionRegistry - Registered SqmFunctionTemplate [NamedSqmFunctionTemplate(row_number)] under row_number; prior registration was null
20:47:41.238 [main] DEBUG org.hibernate.query.sqm.function.SqmFunctionRegistry - Registered SqmFunctionTemplate [NamedSqmFunctionTemplate(lag)] under lag; prior registration was null
20:47:41.238 [main] DEBUG org.hibernate.query.sqm.function.SqmFunctionRegistry - Registered SqmFunctionTemplate [NamedSqmFunctionTemplate(lead)] under lead; prior registration was null
20:47:41.238 [main] DEBUG org.hibernate.query.sqm.function.SqmFunctionRegistry - Registered SqmFunctionTemplate [NamedSqmFunctionTemplate(first_value)] under first_value; prior registration was null
20:47:41.238 [main] DEBUG org.hibernate.query.sqm.function.SqmFunctionRegistry - Registered SqmFunctionTemplate [NamedSqmFunctionTemplate(last_value)] under last_value; prior registration was null
20:47:41.238 [main] DEBUG org.hibernate.query.sqm.function.SqmFunctionRegistry - Registered SqmFunctionTemplate [NamedSqmFunctionTemplate(nth_value)] under nth_value; prior registration was null
20:47:41.238 [main] DEBUG org.hibernate.query.sqm.function.SqmFunctionRegistry - Registered SqmFunctionTemplate [org.hibernate.dialect.function.HypotheticalSetFunction@353f472a] under rank; prior registration was null
20:47:41.238 [main] DEBUG org.hibernate.query.sqm.function.SqmFunctionRegistry - Registered SqmFunctionTemplate [org.hibernate.dialect.function.HypotheticalSetFunction@63bfdbcb] under dense_rank; prior registration was null
20:47:41.238 [main] DEBUG org.hibernate.query.sqm.function.SqmFunctionRegistry - Registered SqmFunctionTemplate [org.hibernate.dialect.function.HypotheticalSetFunction@7af0affa] under percent_rank; prior registration was null
20:47:41.238 [main] DEBUG org.hibernate.query.sqm.function.SqmFunctionRegistry - Registered SqmFunctionTemplate [org.hibernate.dialect.function.HypotheticalSetFunction@71560f51] under cume_dist; prior registration was null
20:47:41.240 [main] DEBUG org.hibernate.query.sqm.function.SqmFunctionRegistry - Registered SqmFunctionTemplate [org.hibernate.dialect.function.InverseDistributionFunction@67d4c48d] under mode; prior registration was null
20:47:41.240 [main] DEBUG org.hibernate.query.sqm.function.SqmFunctionRegistry - Registered SqmFunctionTemplate [org.hibernate.dialect.function.InverseDistributionFunction@230a73f2] under percentile_cont; prior registration was null
20:47:41.240 [main] DEBUG org.hibernate.query.sqm.function.SqmFunctionRegistry - Registered SqmFunctionTemplate [org.hibernate.dialect.function.InverseDistributionFunction@4b97b3d2] under percentile_disc; prior registration was null
20:47:41.240 [main] DEBUG org.hibernate.query.sqm.function.SqmFunctionRegistry - Registered SqmFunctionTemplate [org.hibernate.dialect.function.ModeStatsModeEmulation@7f97bc14] under mode; prior registration was org.hibernate.dialect.function.InverseDistributionFunction@67d4c48d
20:47:41.242 [main] DEBUG org.hibernate.query.sqm.function.SqmFunctionRegistry - Registered SqmFunctionTemplate [org.hibernate.dialect.function.OracleTruncFunction@6f7a2a5] under trunc; prior registration was null
20:47:41.242 [main] DEBUG org.hibernate.query.sqm.function.SqmFunctionRegistry - Registering alternate key : truncate -> trunc
20:47:41.242 [main] DEBUG org.hibernate.query.sqm.function.SqmFunctionRegistry - Registered SqmFunctionTemplate [org.hibernate.dialect.function.array.OracleArrayConstructorFunction@2e590b] under array; prior registration was null
20:47:41.242 [main] DEBUG org.hibernate.query.sqm.function.SqmFunctionRegistry - Registered SqmFunctionTemplate [org.hibernate.dialect.function.array.OracleArrayConstructorFunction@42ef042a] under array_list; prior registration was null
20:47:41.243 [main] DEBUG org.hibernate.query.sqm.function.SqmFunctionRegistry - Registered SqmFunctionTemplate [org.hibernate.dialect.function.array.OracleArrayAggEmulation@70b2fa10] under array_agg; prior registration was null
20:47:41.244 [main] DEBUG org.hibernate.query.sqm.function.SqmFunctionRegistry - Registered SqmFunctionTemplate [org.hibernate.dialect.function.array.OracleArrayPositionFunction@5b8572df] under array_position; prior registration was null
20:47:41.246 [main] DEBUG org.hibernate.query.sqm.function.SqmFunctionRegistry - Registered SqmFunctionTemplate [org.hibernate.dialect.function.array.OracleArrayPositionsFunction@738a5848] under array_positions; prior registration was null
20:47:41.248 [main] DEBUG org.hibernate.query.sqm.function.SqmFunctionRegistry - Registered SqmFunctionTemplate [org.hibernate.dialect.function.array.OracleArrayPositionsFunction@36359723] under array_positions_list; prior registration was null
20:47:41.248 [main] DEBUG org.hibernate.query.sqm.function.SqmFunctionRegistry - Registered SqmFunctionTemplate [org.hibernate.dialect.function.array.OracleArrayLengthFunction@53eba4b8] under array_length; prior registration was null
20:47:41.248 [main] DEBUG org.hibernate.query.sqm.function.SqmFunctionRegistry - Registered SqmFunctionTemplate [org.hibernate.dialect.function.DynamicDispatchFunction@61608e1a] under length; prior registration was null
20:47:41.248 [main] DEBUG org.hibernate.query.sqm.function.SqmFunctionRegistry - Registered SqmFunctionTemplate [org.hibernate.dialect.function.array.OracleArrayConcatFunction@3daf03d8] under array_concat; prior registration was null
20:47:41.249 [main] DEBUG org.hibernate.query.sqm.function.SqmFunctionRegistry - Registered SqmFunctionTemplate [org.hibernate.dialect.function.array.OracleArrayConcatElementFunction@7302ff13] under array_prepend; prior registration was null
20:47:41.249 [main] DEBUG org.hibernate.query.sqm.function.SqmFunctionRegistry - Registered SqmFunctionTemplate [org.hibernate.dialect.function.array.OracleArrayConcatElementFunction@4017fe2c] under array_append; prior registration was null
20:47:41.250 [main] DEBUG org.hibernate.query.sqm.function.SqmFunctionRegistry - Registered SqmFunctionTemplate [org.hibernate.dialect.function.array.OracleArrayContainsFunction@9df564f] under array_contains; prior registration was null
20:47:41.250 [main] DEBUG org.hibernate.query.sqm.function.SqmFunctionRegistry - Registered SqmFunctionTemplate [org.hibernate.dialect.function.array.OracleArrayContainsFunction@1a21f43f] under array_contains_nullable; prior registration was null
20:47:41.250 [main] DEBUG org.hibernate.query.sqm.function.SqmFunctionRegistry - Registered SqmFunctionTemplate [org.hibernate.dialect.function.array.OracleArrayIncludesFunction@55e1192] under array_includes; prior registration was null
20:47:41.250 [main] DEBUG org.hibernate.query.sqm.function.SqmFunctionRegistry - Registered SqmFunctionTemplate [org.hibernate.dialect.function.array.OracleArrayIncludesFunction@1213ffbc] under array_includes_nullable; prior registration was null
20:47:41.251 [main] DEBUG org.hibernate.query.sqm.function.SqmFunctionRegistry - Registered SqmFunctionTemplate [org.hibernate.dialect.function.array.OracleArrayIntersectsFunction@2199e845] under array_intersects; prior registration was null
20:47:41.251 [main] DEBUG org.hibernate.query.sqm.function.SqmFunctionRegistry - Registered SqmFunctionTemplate [org.hibernate.dialect.function.array.OracleArrayIntersectsFunction@27976390] under array_intersects_nullable; prior registration was null
20:47:41.251 [main] DEBUG org.hibernate.query.sqm.function.SqmFunctionRegistry - Registering alternate key : array_overlaps -> array_intersects
20:47:41.251 [main] DEBUG org.hibernate.query.sqm.function.SqmFunctionRegistry - Registering alternate key : array_overlaps_nullable -> array_intersects_nullable
20:47:41.251 [main] DEBUG org.hibernate.query.sqm.function.SqmFunctionRegistry - Registered SqmFunctionTemplate [org.hibernate.dialect.function.array.OracleArrayGetFunction@c2cf597] under array_get; prior registration was null
20:47:41.252 [main] DEBUG org.hibernate.query.sqm.function.SqmFunctionRegistry - Registered SqmFunctionTemplate [org.hibernate.dialect.function.array.OracleArraySetFunction@613f7eb7] under array_set; prior registration was null
20:47:41.252 [main] DEBUG org.hibernate.query.sqm.function.SqmFunctionRegistry - Registered SqmFunctionTemplate [org.hibernate.dialect.function.array.OracleArrayRemoveFunction@643ba1ed] under array_remove; prior registration was null
20:47:41.252 [main] DEBUG org.hibernate.query.sqm.function.SqmFunctionRegistry - Registered SqmFunctionTemplate [org.hibernate.dialect.function.array.OracleArrayRemoveIndexFunction@1f84327b] under array_remove_index; prior registration was null
20:47:41.252 [main] DEBUG org.hibernate.query.sqm.function.SqmFunctionRegistry - Registered SqmFunctionTemplate [org.hibernate.dialect.function.array.OracleArraySliceFunction@5e1a986c] under array_slice; prior registration was null
20:47:41.253 [main] DEBUG org.hibernate.query.sqm.function.SqmFunctionRegistry - Registered SqmFunctionTemplate [org.hibernate.dialect.function.array.OracleArrayReplaceFunction@44f0ff2b] under array_replace; prior registration was null
20:47:41.253 [main] DEBUG org.hibernate.query.sqm.function.SqmFunctionRegistry - Registered SqmFunctionTemplate [org.hibernate.dialect.function.array.OracleArrayTrimFunction@11ede87f] under array_trim; prior registration was null
20:47:41.253 [main] DEBUG org.hibernate.query.sqm.function.SqmFunctionRegistry - Registered SqmFunctionTemplate [org.hibernate.dialect.function.array.OracleArrayFillFunction@626e0c86] under array_fill; prior registration was null
20:47:41.253 [main] DEBUG org.hibernate.query.sqm.function.SqmFunctionRegistry - Registered SqmFunctionTemplate [org.hibernate.dialect.function.array.OracleArrayFillFunction@28ee0a3c] under array_fill_list; prior registration was null
20:47:41.254 [main] DEBUG org.hibernate.query.sqm.function.SqmFunctionRegistry - Registered SqmFunctionTemplate [org.hibernate.dialect.function.array.OracleArrayToStringFunction@18d47df0] under array_to_string; prior registration was null
20:47:41.254 [main] DEBUG org.hibernate.HQL_FUNCTIONS - abs(NUMERIC arg)
20:47:41.256 [main] DEBUG org.hibernate.HQL_FUNCTIONS - Double acos(NUMERIC arg)
20:47:41.256 [main] DEBUG org.hibernate.HQL_FUNCTIONS - add_months(DATE datetime, INTEGER months)
20:47:41.256 [main] DEBUG org.hibernate.HQL_FUNCTIONS - Boolean any(BOOLEAN arg)
20:47:41.256 [main] DEBUG org.hibernate.HQL_FUNCTIONS - array( ... )
20:47:41.256 [main] DEBUG org.hibernate.HQL_FUNCTIONS - array_agg(arg)
20:47:41.256 [main] DEBUG org.hibernate.HQL_FUNCTIONS - array_append( ... )
20:47:41.256 [main] DEBUG org.hibernate.HQL_FUNCTIONS - array_concat( ... )
20:47:41.256 [main] DEBUG org.hibernate.HQL_FUNCTIONS - Boolean array_contains(ARRAY haystackArray, OBJECT needleElementOrArray)
20:47:41.256 [main] DEBUG org.hibernate.HQL_FUNCTIONS - Boolean array_contains_nullable(ARRAY haystackArray, OBJECT needleElementOrArray)
20:47:41.256 [main] DEBUG org.hibernate.HQL_FUNCTIONS - array_fill(OBJECT element, INTEGER elementCount)
20:47:41.256 [main] DEBUG org.hibernate.HQL_FUNCTIONS - array_fill_list(OBJECT element, INTEGER elementCount)
20:47:41.256 [main] DEBUG org.hibernate.HQL_FUNCTIONS - array_get( ... )
20:47:41.256 [main] DEBUG org.hibernate.HQL_FUNCTIONS - Boolean array_includes(ARRAY haystackArray, OBJECT needleArray)
20:47:41.256 [main] DEBUG org.hibernate.HQL_FUNCTIONS - Boolean array_includes_nullable(ARRAY haystackArray, OBJECT needleArray)
20:47:41.256 [main] DEBUG org.hibernate.HQL_FUNCTIONS - Boolean array_intersects(ARRAY array0, OBJECT array1)
20:47:41.256 [main] DEBUG org.hibernate.HQL_FUNCTIONS - Boolean array_intersects_nullable(ARRAY array0, OBJECT array1)
20:47:41.256 [main] DEBUG org.hibernate.HQL_FUNCTIONS - Integer array_length(ARRAY array)
20:47:41.256 [main] DEBUG org.hibernate.HQL_FUNCTIONS - array_list( ... )
20:47:41.256 [main] DEBUG org.hibernate.HQL_FUNCTIONS - Boolean array_overlaps(ARRAY array0, OBJECT array1)
20:47:41.256 [main] DEBUG org.hibernate.HQL_FUNCTIONS - Boolean array_overlaps_nullable(ARRAY array0, OBJECT array1)
20:47:41.257 [main] DEBUG org.hibernate.HQL_FUNCTIONS - Integer array_position(ARRAY array, OBJECT element[, INTEGER startPosition])
20:47:41.257 [main] DEBUG org.hibernate.HQL_FUNCTIONS - int[] array_positions(ARRAY array, OBJECT element)
20:47:41.257 [main] DEBUG org.hibernate.HQL_FUNCTIONS - List array_positions_list(ARRAY array, OBJECT element)
20:47:41.257 [main] DEBUG org.hibernate.HQL_FUNCTIONS - array_prepend( ... )
20:47:41.257 [main] DEBUG org.hibernate.HQL_FUNCTIONS - array_remove( ... )
20:47:41.257 [main] DEBUG org.hibernate.HQL_FUNCTIONS - array_remove_index( ... )
20:47:41.257 [main] DEBUG org.hibernate.HQL_FUNCTIONS - array_replace( ... )
20:47:41.257 [main] DEBUG org.hibernate.HQL_FUNCTIONS - array_set( ... )
20:47:41.257 [main] DEBUG org.hibernate.HQL_FUNCTIONS - array_slice( ... )
20:47:41.257 [main] DEBUG org.hibernate.HQL_FUNCTIONS - String array_to_string( ... )
20:47:41.257 [main] DEBUG org.hibernate.HQL_FUNCTIONS - array_trim( ... )
20:47:41.257 [main] DEBUG org.hibernate.HQL_FUNCTIONS - Integer ascii(STRING arg)
20:47:41.257 [main] DEBUG org.hibernate.HQL_FUNCTIONS - Double asin(NUMERIC arg)
20:47:41.257 [main] DEBUG org.hibernate.HQL_FUNCTIONS - Double atan(NUMERIC arg)
20:47:41.257 [main] DEBUG org.hibernate.HQL_FUNCTIONS - Double atan2(NUMERIC arg0, NUMERIC arg1)
20:47:41.257 [main] DEBUG org.hibernate.HQL_FUNCTIONS - avg(arg)
20:47:41.257 [main] DEBUG org.hibernate.HQL_FUNCTIONS - Integer bit_length(STRING_OR_CLOB arg)
20:47:41.257 [main] DEBUG org.hibernate.HQL_FUNCTIONS - bitand(arg0, arg1)
20:47:41.257 [main] DEBUG org.hibernate.HQL_FUNCTIONS - bitor(arg0, arg1)
20:47:41.257 [main] DEBUG org.hibernate.HQL_FUNCTIONS - bitxor(arg0, arg1)
20:47:41.257 [main] DEBUG org.hibernate.HQL_FUNCTIONS - cast(arg as Type)
20:47:41.257 [main] DEBUG org.hibernate.HQL_FUNCTIONS - ceil(NUMERIC arg)
20:47:41.257 [main] DEBUG org.hibernate.HQL_FUNCTIONS - ceiling(NUMERIC arg)
20:47:41.257 [main] DEBUG org.hibernate.HQL_FUNCTIONS - Character char(INTEGER arg)
20:47:41.257 [main] DEBUG org.hibernate.HQL_FUNCTIONS - Integer character_length(STRING_OR_CLOB arg)
20:47:41.257 [main] DEBUG org.hibernate.HQL_FUNCTIONS - Character chr(INTEGER arg)
20:47:41.257 [main] DEBUG org.hibernate.HQL_FUNCTIONS - coalesce(arg0[, arg1[, ...]])
20:47:41.257 [main] DEBUG org.hibernate.HQL_FUNCTIONS - String collate(STRING string as COLLATION collation)
20:47:41.257 [main] DEBUG org.hibernate.HQL_FUNCTIONS - String concat(STRING string0[, STRING string1[, ...]])
20:47:41.257 [main] DEBUG org.hibernate.HQL_FUNCTIONS - Double corr(NUMERIC arg0, NUMERIC arg1)
20:47:41.257 [main] DEBUG org.hibernate.HQL_FUNCTIONS - Double cos(NUMERIC arg)
20:47:41.258 [main] DEBUG org.hibernate.HQL_FUNCTIONS - Double cosh(NUMERIC arg)
20:47:41.258 [main] DEBUG org.hibernate.HQL_FUNCTIONS - Long count([distinct ]{arg|*})
20:47:41.258 [main] DEBUG org.hibernate.HQL_FUNCTIONS - Double covar_pop(NUMERIC arg0, NUMERIC arg1)
20:47:41.258 [main] DEBUG org.hibernate.HQL_FUNCTIONS - Double covar_samp(NUMERIC arg0, NUMERIC arg1)
20:47:41.258 [main] DEBUG org.hibernate.HQL_FUNCTIONS - Double cume_dist([arg0[, ...]])
20:47:41.258 [main] DEBUG org.hibernate.HQL_FUNCTIONS - Date current date
20:47:41.258 [main] DEBUG org.hibernate.HQL_FUNCTIONS - Time current time
20:47:41.258 [main] DEBUG org.hibernate.HQL_FUNCTIONS - Timestamp current timestamp
20:47:41.258 [main] DEBUG org.hibernate.HQL_FUNCTIONS - Date current_date
20:47:41.258 [main] DEBUG org.hibernate.HQL_FUNCTIONS - Instant current_instant
20:47:41.258 [main] DEBUG org.hibernate.HQL_FUNCTIONS - Time current_time
20:47:41.258 [main] DEBUG org.hibernate.HQL_FUNCTIONS - Timestamp current_timestamp
20:47:41.258 [main] DEBUG org.hibernate.HQL_FUNCTIONS - dateadd(TEMPORAL_UNIT field, INTEGER magnitude, TEMPORAL datetime)
20:47:41.258 [main] DEBUG org.hibernate.HQL_FUNCTIONS - Long|Double datediff(TEMPORAL_UNIT field, TEMPORAL start, TEMPORAL end)
20:47:41.258 [main] DEBUG org.hibernate.HQL_FUNCTIONS - Double degrees(NUMERIC arg)
20:47:41.258 [main] DEBUG org.hibernate.HQL_FUNCTIONS - Long dense_rank([arg0[, ...]])
20:47:41.258 [main] DEBUG org.hibernate.HQL_FUNCTIONS - Boolean every(BOOLEAN arg)
20:47:41.258 [main] DEBUG org.hibernate.HQL_FUNCTIONS - Double exp(NUMERIC arg)
20:47:41.258 [main] DEBUG org.hibernate.HQL_FUNCTIONS - extract(TEMPORAL_UNIT field from TEMPORAL arg)
20:47:41.258 [main] DEBUG org.hibernate.HQL_FUNCTIONS - first_valueANY value
20:47:41.258 [main] DEBUG org.hibernate.HQL_FUNCTIONS - floor(NUMERIC arg)
20:47:41.258 [main] DEBUG org.hibernate.HQL_FUNCTIONS - String format(TEMPORAL datetime as STRING pattern)
20:47:41.258 [main] DEBUG org.hibernate.HQL_FUNCTIONS - greatest(COMPARABLE arg0, COMPARABLE arg1[, arg2[, ...]])
20:47:41.258 [main] DEBUG org.hibernate.HQL_FUNCTIONS - ifnull(arg0, arg1)
20:47:41.258 [main] DEBUG org.hibernate.HQL_FUNCTIONS - String initcap(arg)
20:47:41.258 [main] DEBUG org.hibernate.HQL_FUNCTIONS - Instant instant
20:47:41.258 [main] DEBUG org.hibernate.HQL_FUNCTIONS - Integer instr(STRING string, STRING pattern[, INTEGER start[, INTEGER occurrence]])
20:47:41.258 [main] DEBUG org.hibernate.HQL_FUNCTIONS - lagANY value[, INTEGER offset[, ANY default]]
20:47:41.258 [main] DEBUG org.hibernate.HQL_FUNCTIONS - Date last_day(DATE arg)
20:47:41.258 [main] DEBUG org.hibernate.HQL_FUNCTIONS - last_valueANY value
20:47:41.258 [main] DEBUG org.hibernate.HQL_FUNCTIONS - leadANY value[, INTEGER offset[, ANY default]]
20:47:41.258 [main] DEBUG org.hibernate.HQL_FUNCTIONS - least(COMPARABLE arg0, COMPARABLE arg1[, arg2[, ...]])
20:47:41.258 [main] DEBUG org.hibernate.HQL_FUNCTIONS - String left(STRING string, INTEGER length)
20:47:41.258 [main] DEBUG org.hibernate.HQL_FUNCTIONS - length
20:47:41.258 [main] DEBUG org.hibernate.HQL_FUNCTIONS - String listagg(STRING arg0, STRING arg1)
20:47:41.258 [main] DEBUG org.hibernate.HQL_FUNCTIONS - Double ln(NUMERIC arg)
20:47:41.258 [main] DEBUG org.hibernate.HQL_FUNCTIONS - LocalDate local date
20:47:41.258 [main] DEBUG org.hibernate.HQL_FUNCTIONS - LocalDateTime local datetime
20:47:41.258 [main] DEBUG org.hibernate.HQL_FUNCTIONS - LocalTime local time
20:47:41.258 [main] DEBUG org.hibernate.HQL_FUNCTIONS - LocalDate local_date
20:47:41.258 [main] DEBUG org.hibernate.HQL_FUNCTIONS - LocalDateTime local_datetime
20:47:41.258 [main] DEBUG org.hibernate.HQL_FUNCTIONS - LocalTime local_time
20:47:41.258 [main] DEBUG org.hibernate.HQL_FUNCTIONS - Integer locate(pattern, string[, start])
20:47:41.258 [main] DEBUG org.hibernate.HQL_FUNCTIONS - Double log(NUMERIC arg0[, NUMERIC arg1])
20:47:41.259 [main] DEBUG org.hibernate.HQL_FUNCTIONS - Double log10(NUMERIC arg)
20:47:41.259 [main] DEBUG org.hibernate.HQL_FUNCTIONS - String lower(STRING string)
20:47:41.259 [main] DEBUG org.hibernate.HQL_FUNCTIONS - String lpad(STRING string, INTEGER length[, STRING padding])
20:47:41.259 [main] DEBUG org.hibernate.HQL_FUNCTIONS - String ltrim(STRING string[, STRING characters])
20:47:41.259 [main] DEBUG org.hibernate.HQL_FUNCTIONS - max(COMPARABLE arg)
20:47:41.259 [main] DEBUG org.hibernate.HQL_FUNCTIONS - Double median(NUMERIC arg)
20:47:41.259 [main] DEBUG org.hibernate.HQL_FUNCTIONS - min(COMPARABLE arg)
20:47:41.259 [main] DEBUG org.hibernate.HQL_FUNCTIONS - Integer mod(INTEGER arg0, INTEGER arg1)
20:47:41.259 [main] DEBUG org.hibernate.HQL_FUNCTIONS - mode()
20:47:41.259 [main] DEBUG org.hibernate.HQL_FUNCTIONS - Integer months_between(DATE end, DATE start)
20:47:41.259 [main] DEBUG org.hibernate.HQL_FUNCTIONS - nth_valueANY value, INTEGER nth
20:47:41.259 [main] DEBUG org.hibernate.HQL_FUNCTIONS - nullif(arg0, arg1)
20:47:41.259 [main] DEBUG org.hibernate.HQL_FUNCTIONS - Integer octet_length(STRING_OR_CLOB arg)
20:47:41.259 [main] DEBUG org.hibernate.HQL_FUNCTIONS - OffsetDateTime offset datetime
20:47:41.259 [main] DEBUG org.hibernate.HQL_FUNCTIONS - OffsetDateTime offset_datetime
20:47:41.259 [main] DEBUG org.hibernate.HQL_FUNCTIONS - String overlay(STRING string placing STRING replacement from INTEGER start[ for INTEGER length])
20:47:41.259 [main] DEBUG org.hibernate.HQL_FUNCTIONS - String pad(STRING string with INTEGER length {leading|trailing}[ STRING character])
20:47:41.259 [main] DEBUG org.hibernate.HQL_FUNCTIONS - Double percent_rank([arg0[, ...]])
20:47:41.259 [main] DEBUG org.hibernate.HQL_FUNCTIONS - percentile_cont(NUMERIC arg)
20:47:41.259 [main] DEBUG org.hibernate.HQL_FUNCTIONS - percentile_disc(NUMERIC arg)
20:47:41.259 [main] DEBUG org.hibernate.HQL_FUNCTIONS - Double pi
20:47:41.259 [main] DEBUG org.hibernate.HQL_FUNCTIONS - Integer position(STRING pattern in STRING string)
20:47:41.259 [main] DEBUG org.hibernate.HQL_FUNCTIONS - Double power(NUMERIC arg0, NUMERIC arg1)
20:47:41.259 [main] DEBUG org.hibernate.HQL_FUNCTIONS - Double radians(NUMERIC arg)
20:47:41.259 [main] DEBUG org.hibernate.HQL_FUNCTIONS - Long rank([arg0[, ...]])
20:47:41.259 [main] DEBUG org.hibernate.HQL_FUNCTIONS - Double regr_avgx(NUMERIC arg0, NUMERIC arg1)
20:47:41.259 [main] DEBUG org.hibernate.HQL_FUNCTIONS - Double regr_avgy(NUMERIC arg0, NUMERIC arg1)
20:47:41.259 [main] DEBUG org.hibernate.HQL_FUNCTIONS - Double regr_count(NUMERIC arg0, NUMERIC arg1)
20:47:41.259 [main] DEBUG org.hibernate.HQL_FUNCTIONS - Double regr_intercept(NUMERIC arg0, NUMERIC arg1)
20:47:41.259 [main] DEBUG org.hibernate.HQL_FUNCTIONS - Double regr_r2(NUMERIC arg0, NUMERIC arg1)
20:47:41.259 [main] DEBUG org.hibernate.HQL_FUNCTIONS - Double regr_slope(NUMERIC arg0, NUMERIC arg1)
20:47:41.260 [main] DEBUG org.hibernate.HQL_FUNCTIONS - Double regr_sxx(NUMERIC arg0, NUMERIC arg1)
20:47:41.260 [main] DEBUG org.hibernate.HQL_FUNCTIONS - Double regr_sxy(NUMERIC arg0, NUMERIC arg1)
20:47:41.260 [main] DEBUG org.hibernate.HQL_FUNCTIONS - Double regr_syy(NUMERIC arg0, NUMERIC arg1)
20:47:41.260 [main] DEBUG org.hibernate.HQL_FUNCTIONS - String repeat(STRING string, INTEGER times)
20:47:41.260 [main] DEBUG org.hibernate.HQL_FUNCTIONS - String replace(STRING string, STRING pattern, STRING replacement)
20:47:41.260 [main] DEBUG org.hibernate.HQL_FUNCTIONS - String right(STRING string, INTEGER length)
20:47:41.260 [main] DEBUG org.hibernate.HQL_FUNCTIONS - round(NUMERIC number[, INTEGER places])
20:47:41.260 [main] DEBUG org.hibernate.HQL_FUNCTIONS - Long row_number()
20:47:41.260 [main] DEBUG org.hibernate.HQL_FUNCTIONS - Long rowid
20:47:41.260 [main] DEBUG org.hibernate.HQL_FUNCTIONS - Long rownum
20:47:41.260 [main] DEBUG org.hibernate.HQL_FUNCTIONS - String rpad(STRING string, INTEGER length[, STRING padding])
20:47:41.260 [main] DEBUG org.hibernate.HQL_FUNCTIONS - String rtrim(STRING string[, STRING characters])
20:47:41.260 [main] DEBUG org.hibernate.HQL_FUNCTIONS - Integer sign(NUMERIC arg)
20:47:41.260 [main] DEBUG org.hibernate.HQL_FUNCTIONS - Double sin(NUMERIC arg)
20:47:41.260 [main] DEBUG org.hibernate.HQL_FUNCTIONS - Double sinh(NUMERIC arg)
20:47:41.260 [main] DEBUG org.hibernate.HQL_FUNCTIONS - String soundex(arg)
20:47:41.260 [main] DEBUG org.hibernate.HQL_FUNCTIONS - Object sql
20:47:41.260 [main] DEBUG org.hibernate.HQL_FUNCTIONS - Double sqrt(NUMERIC arg)
20:47:41.260 [main] DEBUG org.hibernate.HQL_FUNCTIONS - Double stddev(NUMERIC arg)
20:47:41.260 [main] DEBUG org.hibernate.HQL_FUNCTIONS - Double stddev_pop(NUMERIC arg)
20:47:41.260 [main] DEBUG org.hibernate.HQL_FUNCTIONS - Double stddev_samp(NUMERIC arg)
20:47:41.260 [main] DEBUG org.hibernate.HQL_FUNCTIONS - String str(arg)
20:47:41.260 [main] DEBUG org.hibernate.HQL_FUNCTIONS - String substr(STRING string, INTEGER start[, INTEGER length])
20:47:41.260 [main] DEBUG org.hibernate.HQL_FUNCTIONS - String substring(STRING string{ from|,} INTEGER start[{ for|,} INTEGER length])
20:47:41.260 [main] DEBUG org.hibernate.HQL_FUNCTIONS - sum(arg)
20:47:41.260 [main] DEBUG org.hibernate.HQL_FUNCTIONS - Timestamp sysdate
20:47:41.260 [main] DEBUG org.hibernate.HQL_FUNCTIONS - Timestamp systimestamp
20:47:41.260 [main] DEBUG org.hibernate.HQL_FUNCTIONS - Double tan(NUMERIC arg)
20:47:41.260 [main] DEBUG org.hibernate.HQL_FUNCTIONS - Double tanh(NUMERIC arg)
20:47:41.260 [main] DEBUG org.hibernate.HQL_FUNCTIONS - timestampadd(TEMPORAL_UNIT field, INTEGER magnitude, TEMPORAL datetime)
20:47:41.260 [main] DEBUG org.hibernate.HQL_FUNCTIONS - Long|Double timestampdiff(TEMPORAL_UNIT field, TEMPORAL start, TEMPORAL end)
20:47:41.261 [main] DEBUG org.hibernate.HQL_FUNCTIONS - String to_char(ANY arg0[, STRING arg1, STRING arg2])
20:47:41.261 [main] DEBUG org.hibernate.HQL_FUNCTIONS - Date to_date(STRING arg0[, STRING arg1, STRING arg2])
20:47:41.261 [main] DEBUG org.hibernate.HQL_FUNCTIONS - Double to_number(STRING arg0[, STRING arg1, STRING arg2])
20:47:41.261 [main] DEBUG org.hibernate.HQL_FUNCTIONS - Timestamp to_timestamp(STRING arg0[, STRING arg1, STRING arg2])
20:47:41.261 [main] DEBUG org.hibernate.HQL_FUNCTIONS - String translate(STRING arg0, STRING arg1, STRING arg2)
20:47:41.261 [main] DEBUG org.hibernate.HQL_FUNCTIONS - String trim([[{leading|trailing|both} ][STRING arg0 ]from] STRING arg1)
20:47:41.261 [main] DEBUG org.hibernate.HQL_FUNCTIONS - trunc( ... )
20:47:41.261 [main] DEBUG org.hibernate.HQL_FUNCTIONS - truncate( ... )
20:47:41.261 [main] DEBUG org.hibernate.HQL_FUNCTIONS - String upper(STRING string)
20:47:41.261 [main] DEBUG org.hibernate.HQL_FUNCTIONS - Double var_pop(NUMERIC arg)
20:47:41.261 [main] DEBUG org.hibernate.HQL_FUNCTIONS - Double var_samp(NUMERIC arg)
20:47:41.261 [main] DEBUG org.hibernate.HQL_FUNCTIONS - Double variance(NUMERIC arg)
20:47:41.263 [main] DEBUG org.hibernate.orm.query.plan.cache - Starting QueryInterpretationCache(2048)
20:47:41.303 [main] DEBUG org.hibernate.service.internal.SessionFactoryServiceRegistryImpl - EventListenerRegistry access via ServiceRegistry is deprecated.  Use `sessionFactory.getEventEngine().getListenerRegistry()` instead
20:47:41.304 [main] DEBUG org.hibernate.event.internal.EntityCopyObserverFactoryInitiator - Configured EntityCopyObserver strategy: disallow
20:47:41.312 [main] DEBUG org.hibernate.orm.model.mapping.creation - Starting post-init callbacks
20:47:41.319 [main] DEBUG org.hibernate.engine.transaction.jta.platform.internal.JtaPlatformInitiator - No JtaPlatform was specified, checking resolver
20:47:41.319 [main] DEBUG org.hibernate.engine.transaction.jta.platform.internal.JtaPlatformResolverInitiator - No JtaPlatformResolver was specified, using default [org.hibernate.engine.transaction.jta.platform.internal.StandardJtaPlatformResolver]
20:47:41.321 [main] DEBUG org.hibernate.engine.transaction.jta.platform.internal.StandardJtaPlatformResolver - Could not resolve JtaPlatform, using default [org.hibernate.engine.transaction.jta.platform.internal.NoJtaPlatform]
20:47:41.321 [main] INFO  org.hibernate.engine.transaction.jta.platform.internal.JtaPlatformInitiator - HHH000489: No JTA platform available (set 'hibernate.transaction.jta.platform' to enable JTA platform integration)
20:47:41.322 [main] DEBUG org.hibernate.type.spi.TypeConfiguration$Scope - Scoping TypeConfiguration [org.hibernate.type.spi.TypeConfiguration@b9a77c8] to SessionFactoryImplementor [org.hibernate.internal.SessionFactoryImpl@2416c658]
20:47:41.323 [main] DEBUG org.hibernate.query.named.NamedObjectRepository - Checking 0 named HQL queries
20:47:41.323 [main] DEBUG org.hibernate.query.named.NamedObjectRepository - Checking 0 named SQL queries
20:47:41.324 [main] DEBUG org.hibernate.tool.schema.spi.SchemaManagementToolCoordinator - No actions found; doing nothing
20:47:41.325 [main] DEBUG org.hibernate.internal.SessionFactoryRegistry - Initializing SessionFactoryRegistry : org.hibernate.internal.SessionFactoryRegistry@2a8dd942
20:47:41.325 [main] DEBUG org.hibernate.internal.SessionFactoryRegistry - Registering SessionFactory: 4ac8b55b-32a0-4938-806e-23676157a05b (<unnamed>)
20:47:41.325 [main] DEBUG org.hibernate.internal.SessionFactoryRegistry - Not binding SessionFactory to JNDI, no JNDI name configured
20:47:41.325 [main] DEBUG org.hibernate.internal.SessionFactoryImpl - Instantiated SessionFactory
20:47:41.345 [main] DEBUG org.hibernate.stat.internal.StatisticsInitiator - Statistics initialized [enabled=false]
20:48:53.023 [main] DEBUG org.jboss.logging - Logging Provider: org.jboss.logging.Slf4jLoggerProvider
20:48:53.029 [main] DEBUG org.hibernate.integrator.internal.IntegratorServiceImpl - Adding Integrator [org.hibernate.boot.beanvalidation.BeanValidationIntegrator].
20:48:53.031 [main] DEBUG org.hibernate.integrator.internal.IntegratorServiceImpl - Adding Integrator [org.hibernate.cache.internal.CollectionCacheInvalidator].
20:48:53.054 [main] INFO  org.hibernate.Version - HHH000412: Hibernate ORM core version 6.6.12.Final
20:48:53.055 [main] DEBUG org.hibernate.cfg.Environment - HHH000206: 'hibernate.properties' not found
20:48:53.069 [main] DEBUG org.hibernate.boot.jaxb.internal.stax.LocalXmlResourceResolver - Checking public/system identifiers `-//Hibernate/Hibernate Configuration DTD 5.3//EN`/`http://hibernate.org/dtd/hibernate-configuration-3.0.dtd` as DTD references
20:48:53.074 [main] DEBUG org.hibernate.boot.cfgxml.internal.JaxbCfgProcessor - cfg.xml document did not define namespaces; wrapping in custom event reader to introduce namespace information
20:48:53.194 [main] DEBUG org.hibernate.cfg.Configuration - Building session factory using internal StandardServiceRegistryBuilder
20:48:53.197 [main] DEBUG org.hibernate.cfg.Configuration - Building session factory using provided StandardServiceRegistry
20:48:53.202 [main] DEBUG org.hibernate.orm.idgen.factory - Ignoring CDI for resolving IdentifierGenerator instances as extended or delayed CDI support was enabled
20:48:53.205 [main] DEBUG org.hibernate.orm.idgen.factory - Registering IdentifierGenerator strategy [uuid2] -> [org.hibernate.id.UUIDGenerator]
20:48:53.205 [main] DEBUG org.hibernate.orm.idgen.factory - Registering IdentifierGenerator strategy [guid] -> [org.hibernate.id.GUIDGenerator]
20:48:53.206 [main] DEBUG org.hibernate.orm.idgen.factory - Registering IdentifierGenerator strategy [uuid] -> [org.hibernate.id.UUIDHexGenerator]
20:48:53.206 [main] DEBUG org.hibernate.orm.idgen.factory - Registering IdentifierGenerator strategy [uuid.hex] -> [org.hibernate.id.UUIDHexGenerator]
20:48:53.206 [main] DEBUG org.hibernate.orm.idgen.factory - Registering IdentifierGenerator strategy [assigned] -> [org.hibernate.id.Assigned]
20:48:53.206 [main] DEBUG org.hibernate.orm.idgen.factory - Registering IdentifierGenerator strategy [identity] -> [org.hibernate.id.IdentityGenerator]
20:48:53.207 [main] DEBUG org.hibernate.orm.idgen.factory - Registering IdentifierGenerator strategy [select] -> [org.hibernate.id.SelectGenerator]
20:48:53.207 [main] DEBUG org.hibernate.orm.idgen.factory - Registering IdentifierGenerator strategy [sequence] -> [org.hibernate.id.enhanced.SequenceStyleGenerator]
20:48:53.207 [main] DEBUG org.hibernate.orm.idgen.factory - Registering IdentifierGenerator strategy [increment] -> [org.hibernate.id.IncrementGenerator]
20:48:53.208 [main] DEBUG org.hibernate.orm.idgen.factory - Registering IdentifierGenerator strategy [foreign] -> [org.hibernate.id.ForeignGenerator]
20:48:53.208 [main] DEBUG org.hibernate.orm.idgen.factory - Registering IdentifierGenerator strategy [enhanced-sequence] -> [org.hibernate.id.enhanced.SequenceStyleGenerator]
20:48:53.208 [main] DEBUG org.hibernate.orm.idgen.factory - Registering IdentifierGenerator strategy [enhanced-table] -> [org.hibernate.id.enhanced.TableGenerator]
20:48:53.213 [main] DEBUG org.hibernate.cache.internal.RegionFactoryInitiator - Cannot default RegionFactory based on registered strategies as `[]` RegionFactory strategies were registered
20:48:53.214 [main] INFO  org.hibernate.cache.internal.RegionFactoryInitiator - HHH000026: Second-level cache disabled
20:48:53.287 [main] DEBUG org.hibernate.type.BasicTypeRegistry - Adding type registration boolean -> org.hibernate.type.BasicTypeReference@67ab1c47
20:48:53.287 [main] DEBUG org.hibernate.type.BasicTypeRegistry - Adding type registration boolean -> org.hibernate.type.BasicTypeReference@67ab1c47
20:48:53.287 [main] DEBUG org.hibernate.type.BasicTypeRegistry - Adding type registration java.lang.Boolean -> org.hibernate.type.BasicTypeReference@67ab1c47
20:48:53.287 [main] DEBUG org.hibernate.type.BasicTypeRegistry - Adding type registration numeric_boolean -> org.hibernate.type.BasicTypeReference@b78a709
20:48:53.287 [main] DEBUG org.hibernate.type.BasicTypeRegistry - Adding type registration org.hibernate.type.NumericBooleanConverter -> org.hibernate.type.BasicTypeReference@b78a709
20:48:53.287 [main] DEBUG org.hibernate.type.BasicTypeRegistry - Adding type registration true_false -> org.hibernate.type.BasicTypeReference@30bcf3c1
20:48:53.287 [main] DEBUG org.hibernate.type.BasicTypeRegistry - Adding type registration org.hibernate.type.TrueFalseConverter -> org.hibernate.type.BasicTypeReference@30bcf3c1
20:48:53.287 [main] DEBUG org.hibernate.type.BasicTypeRegistry - Adding type registration yes_no -> org.hibernate.type.BasicTypeReference@2a3c96e3
20:48:53.287 [main] DEBUG org.hibernate.type.BasicTypeRegistry - Adding type registration org.hibernate.type.YesNoConverter -> org.hibernate.type.BasicTypeReference@2a3c96e3
20:48:53.287 [main] DEBUG org.hibernate.type.BasicTypeRegistry - Adding type registration byte -> org.hibernate.type.BasicTypeReference@15cafec7
20:48:53.287 [main] DEBUG org.hibernate.type.BasicTypeRegistry - Adding type registration byte -> org.hibernate.type.BasicTypeReference@15cafec7
20:48:53.287 [main] DEBUG org.hibernate.type.BasicTypeRegistry - Adding type registration java.lang.Byte -> org.hibernate.type.BasicTypeReference@15cafec7
20:48:53.287 [main] DEBUG org.hibernate.type.BasicTypeRegistry - Adding type registration binary -> org.hibernate.type.BasicTypeReference@5b444398
20:48:53.287 [main] DEBUG org.hibernate.type.BasicTypeRegistry - Adding type registration byte[] -> org.hibernate.type.BasicTypeReference@5b444398
20:48:53.287 [main] DEBUG org.hibernate.type.BasicTypeRegistry - Adding type registration [B -> org.hibernate.type.BasicTypeReference@5b444398
20:48:53.287 [main] DEBUG org.hibernate.type.BasicTypeRegistry - Adding type registration binary_wrapper -> org.hibernate.type.BasicTypeReference@cb191ca
20:48:53.288 [main] DEBUG org.hibernate.type.BasicTypeRegistry - Adding type registration wrapper-binary -> org.hibernate.type.BasicTypeReference@cb191ca
20:48:53.288 [main] DEBUG org.hibernate.type.BasicTypeRegistry - Adding type registration image -> org.hibernate.type.BasicTypeReference@42f48531
20:48:53.288 [main] DEBUG org.hibernate.type.BasicTypeRegistry - Adding type registration blob -> org.hibernate.type.BasicTypeReference@a776e
20:48:53.288 [main] DEBUG org.hibernate.type.BasicTypeRegistry - Adding type registration java.sql.Blob -> org.hibernate.type.BasicTypeReference@a776e
20:48:53.288 [main] DEBUG org.hibernate.type.BasicTypeRegistry - Adding type registration materialized_blob -> org.hibernate.type.BasicTypeReference@792bbc74
20:48:53.288 [main] DEBUG org.hibernate.type.BasicTypeRegistry - Adding type registration materialized_blob_wrapper -> org.hibernate.type.BasicTypeReference@79145d5a
20:48:53.288 [main] DEBUG org.hibernate.type.BasicTypeRegistry - Adding type registration short -> org.hibernate.type.BasicTypeReference@1f2f9244
20:48:53.288 [main] DEBUG org.hibernate.type.BasicTypeRegistry - Adding type registration short -> org.hibernate.type.BasicTypeReference@1f2f9244
20:48:53.288 [main] DEBUG org.hibernate.type.BasicTypeRegistry - Adding type registration java.lang.Short -> org.hibernate.type.BasicTypeReference@1f2f9244
20:48:53.288 [main] DEBUG org.hibernate.type.BasicTypeRegistry - Adding type registration integer -> org.hibernate.type.BasicTypeReference@4c4d27c8
20:48:53.288 [main] DEBUG org.hibernate.type.BasicTypeRegistry - Adding type registration int -> org.hibernate.type.BasicTypeReference@4c4d27c8
20:48:53.288 [main] DEBUG org.hibernate.type.BasicTypeRegistry - Adding type registration java.lang.Integer -> org.hibernate.type.BasicTypeReference@4c4d27c8
20:48:53.288 [main] DEBUG org.hibernate.type.BasicTypeRegistry - Adding type registration long -> org.hibernate.type.BasicTypeReference@6821ea29
20:48:53.288 [main] DEBUG org.hibernate.type.BasicTypeRegistry - Adding type registration long -> org.hibernate.type.BasicTypeReference@6821ea29
20:48:53.289 [main] DEBUG org.hibernate.type.BasicTypeRegistry - Adding type registration java.lang.Long -> org.hibernate.type.BasicTypeReference@6821ea29
20:48:53.289 [main] DEBUG org.hibernate.type.BasicTypeRegistry - Adding type registration float -> org.hibernate.type.BasicTypeReference@338494fa
20:48:53.289 [main] DEBUG org.hibernate.type.BasicTypeRegistry - Adding type registration float -> org.hibernate.type.BasicTypeReference@338494fa
20:48:53.289 [main] DEBUG org.hibernate.type.BasicTypeRegistry - Adding type registration java.lang.Float -> org.hibernate.type.BasicTypeReference@338494fa
20:48:53.289 [main] DEBUG org.hibernate.type.BasicTypeRegistry - Adding type registration double -> org.hibernate.type.BasicTypeReference@505a9d7c
20:48:53.289 [main] DEBUG org.hibernate.type.BasicTypeRegistry - Adding type registration double -> org.hibernate.type.BasicTypeReference@505a9d7c
20:48:53.289 [main] DEBUG org.hibernate.type.BasicTypeRegistry - Adding type registration java.lang.Double -> org.hibernate.type.BasicTypeReference@505a9d7c
20:48:53.289 [main] DEBUG org.hibernate.type.BasicTypeRegistry - Adding type registration big_integer -> org.hibernate.type.BasicTypeReference@758c83d8
20:48:53.289 [main] DEBUG org.hibernate.type.BasicTypeRegistry - Adding type registration java.math.BigInteger -> org.hibernate.type.BasicTypeReference@758c83d8
20:48:53.289 [main] DEBUG org.hibernate.type.BasicTypeRegistry - Adding type registration big_decimal -> org.hibernate.type.BasicTypeReference@129b4fe2
20:48:53.289 [main] DEBUG org.hibernate.type.BasicTypeRegistry - Adding type registration java.math.BigDecimal -> org.hibernate.type.BasicTypeReference@129b4fe2
20:48:53.289 [main] DEBUG org.hibernate.type.BasicTypeRegistry - Adding type registration character -> org.hibernate.type.BasicTypeReference@5af3a0f
20:48:53.289 [main] DEBUG org.hibernate.type.BasicTypeRegistry - Adding type registration char -> org.hibernate.type.BasicTypeReference@5af3a0f
20:48:53.289 [main] DEBUG org.hibernate.type.BasicTypeRegistry - Adding type registration java.lang.Character -> org.hibernate.type.BasicTypeReference@5af3a0f
20:48:53.289 [main] DEBUG org.hibernate.type.BasicTypeRegistry - Adding type registration character_nchar -> org.hibernate.type.BasicTypeReference@19ae6bb
20:48:53.290 [main] DEBUG org.hibernate.type.BasicTypeRegistry - Adding type registration string -> org.hibernate.type.BasicTypeReference@10993713
20:48:53.290 [main] DEBUG org.hibernate.type.BasicTypeRegistry - Adding type registration java.lang.String -> org.hibernate.type.BasicTypeReference@10993713
20:48:53.290 [main] DEBUG org.hibernate.type.BasicTypeRegistry - Adding type registration nstring -> org.hibernate.type.BasicTypeReference@58359ebd
20:48:53.290 [main] DEBUG org.hibernate.type.BasicTypeRegistry - Adding type registration characters -> org.hibernate.type.BasicTypeReference@24b6b8f6
20:48:53.290 [main] DEBUG org.hibernate.type.BasicTypeRegistry - Adding type registration char[] -> org.hibernate.type.BasicTypeReference@24b6b8f6
20:48:53.290 [main] DEBUG org.hibernate.type.BasicTypeRegistry - Adding type registration [C -> org.hibernate.type.BasicTypeReference@24b6b8f6
20:48:53.290 [main] DEBUG org.hibernate.type.BasicTypeRegistry - Adding type registration wrapper-characters -> org.hibernate.type.BasicTypeReference@72cf2de5
20:48:53.290 [main] DEBUG org.hibernate.type.BasicTypeRegistry - Adding type registration text -> org.hibernate.type.BasicTypeReference@2bb7bd00
20:48:53.290 [main] DEBUG org.hibernate.type.BasicTypeRegistry - Adding type registration ntext -> org.hibernate.type.BasicTypeReference@5f031ebd
20:48:53.290 [main] DEBUG org.hibernate.type.BasicTypeRegistry - Adding type registration clob -> org.hibernate.type.BasicTypeReference@4ee37ca3
20:48:53.290 [main] DEBUG org.hibernate.type.BasicTypeRegistry - Adding type registration java.sql.Clob -> org.hibernate.type.BasicTypeReference@4ee37ca3
20:48:53.290 [main] DEBUG org.hibernate.type.BasicTypeRegistry - Adding type registration nclob -> org.hibernate.type.BasicTypeReference@45c8d09f
20:48:53.290 [main] DEBUG org.hibernate.type.BasicTypeRegistry - Adding type registration java.sql.NClob -> org.hibernate.type.BasicTypeReference@45c8d09f
20:48:53.290 [main] DEBUG org.hibernate.type.BasicTypeRegistry - Adding type registration materialized_clob -> org.hibernate.type.BasicTypeReference@53812a9b
20:48:53.290 [main] DEBUG org.hibernate.type.BasicTypeRegistry - Adding type registration materialized_clob_char_array -> org.hibernate.type.BasicTypeReference@14b030a0
20:48:53.290 [main] DEBUG org.hibernate.type.BasicTypeRegistry - Adding type registration materialized_clob_character_array -> org.hibernate.type.BasicTypeReference@41e350f1
20:48:53.290 [main] DEBUG org.hibernate.type.BasicTypeRegistry - Adding type registration materialized_nclob -> org.hibernate.type.BasicTypeReference@422c3c7a
20:48:53.290 [main] DEBUG org.hibernate.type.BasicTypeRegistry - Adding type registration materialized_nclob_character_array -> org.hibernate.type.BasicTypeReference@18230356
20:48:53.290 [main] DEBUG org.hibernate.type.BasicTypeRegistry - Adding type registration materialized_nclob_char_array -> org.hibernate.type.BasicTypeReference@d8305c2
20:48:53.291 [main] DEBUG org.hibernate.type.BasicTypeRegistry - Adding type registration Duration -> org.hibernate.type.BasicTypeReference@56bca85b
20:48:53.291 [main] DEBUG org.hibernate.type.BasicTypeRegistry - Adding type registration java.time.Duration -> org.hibernate.type.BasicTypeReference@56bca85b
20:48:53.291 [main] DEBUG org.hibernate.type.BasicTypeRegistry - Adding type registration LocalDateTime -> org.hibernate.type.BasicTypeReference@75d0911a
20:48:53.291 [main] DEBUG org.hibernate.type.BasicTypeRegistry - Adding type registration java.time.LocalDateTime -> org.hibernate.type.BasicTypeReference@75d0911a
20:48:53.291 [main] DEBUG org.hibernate.type.BasicTypeRegistry - Adding type registration LocalDate -> org.hibernate.type.BasicTypeReference@75e91545
20:48:53.291 [main] DEBUG org.hibernate.type.BasicTypeRegistry - Adding type registration java.time.LocalDate -> org.hibernate.type.BasicTypeReference@75e91545
20:48:53.291 [main] DEBUG org.hibernate.type.BasicTypeRegistry - Adding type registration LocalTime -> org.hibernate.type.BasicTypeReference@60d1a32f
20:48:53.291 [main] DEBUG org.hibernate.type.BasicTypeRegistry - Adding type registration java.time.LocalTime -> org.hibernate.type.BasicTypeReference@60d1a32f
20:48:53.291 [main] DEBUG org.hibernate.type.BasicTypeRegistry - Adding type registration OffsetDateTime -> org.hibernate.type.BasicTypeReference@531c311e
20:48:53.291 [main] DEBUG org.hibernate.type.BasicTypeRegistry - Adding type registration java.time.OffsetDateTime -> org.hibernate.type.BasicTypeReference@531c311e
20:48:53.291 [main] DEBUG org.hibernate.type.BasicTypeRegistry - Adding type registration OffsetDateTimeWithTimezone -> org.hibernate.type.BasicTypeReference@22b53226
20:48:53.291 [main] DEBUG org.hibernate.type.BasicTypeRegistry - Adding type registration OffsetDateTimeWithoutTimezone -> org.hibernate.type.BasicTypeReference@1fcb4808
20:48:53.291 [main] DEBUG org.hibernate.type.BasicTypeRegistry - Adding type registration OffsetTime -> org.hibernate.type.BasicTypeReference@726e5805
20:48:53.291 [main] DEBUG org.hibernate.type.BasicTypeRegistry - Adding type registration java.time.OffsetTime -> org.hibernate.type.BasicTypeReference@726e5805
20:48:53.291 [main] DEBUG org.hibernate.type.BasicTypeRegistry - Adding type registration OffsetTimeUtc -> org.hibernate.type.BasicTypeReference@40c80397
20:48:53.291 [main] DEBUG org.hibernate.type.BasicTypeRegistry - Adding type registration OffsetTimeWithTimezone -> org.hibernate.type.BasicTypeReference@4b672daa
20:48:53.291 [main] DEBUG org.hibernate.type.BasicTypeRegistry - Adding type registration OffsetTimeWithoutTimezone -> org.hibernate.type.BasicTypeReference@ea9b7c6
20:48:53.291 [main] DEBUG org.hibernate.type.BasicTypeRegistry - Adding type registration ZonedDateTime -> org.hibernate.type.BasicTypeReference@e077866
20:48:53.291 [main] DEBUG org.hibernate.type.BasicTypeRegistry - Adding type registration java.time.ZonedDateTime -> org.hibernate.type.BasicTypeReference@e077866
20:48:53.291 [main] DEBUG org.hibernate.type.BasicTypeRegistry - Adding type registration ZonedDateTimeWithTimezone -> org.hibernate.type.BasicTypeReference@ed3068a
20:48:53.291 [main] DEBUG org.hibernate.type.BasicTypeRegistry - Adding type registration ZonedDateTimeWithoutTimezone -> org.hibernate.type.BasicTypeReference@7c2b6087
20:48:53.291 [main] DEBUG org.hibernate.type.BasicTypeRegistry - Adding type registration date -> org.hibernate.type.BasicTypeReference@3fffff43
20:48:53.292 [main] DEBUG org.hibernate.type.BasicTypeRegistry - Adding type registration java.sql.Date -> org.hibernate.type.BasicTypeReference@3fffff43
20:48:53.292 [main] DEBUG org.hibernate.type.BasicTypeRegistry - Adding type registration time -> org.hibernate.type.BasicTypeReference@a8e6492
20:48:53.292 [main] DEBUG org.hibernate.type.BasicTypeRegistry - Adding type registration java.sql.Time -> org.hibernate.type.BasicTypeReference@a8e6492
20:48:53.292 [main] DEBUG org.hibernate.type.BasicTypeRegistry - Adding type registration timestamp -> org.hibernate.type.BasicTypeReference@1c7fd41f
20:48:53.292 [main] DEBUG org.hibernate.type.BasicTypeRegistry - Adding type registration java.sql.Timestamp -> org.hibernate.type.BasicTypeReference@1c7fd41f
20:48:53.292 [main] DEBUG org.hibernate.type.BasicTypeRegistry - Adding type registration java.util.Date -> org.hibernate.type.BasicTypeReference@1c7fd41f
20:48:53.292 [main] DEBUG org.hibernate.type.BasicTypeRegistry - Adding type registration calendar -> org.hibernate.type.BasicTypeReference@3b77a04f
20:48:53.292 [main] DEBUG org.hibernate.type.BasicTypeRegistry - Adding type registration java.util.Calendar -> org.hibernate.type.BasicTypeReference@3b77a04f
20:48:53.292 [main] DEBUG org.hibernate.type.BasicTypeRegistry - Adding type registration java.util.GregorianCalendar -> org.hibernate.type.BasicTypeReference@3b77a04f
20:48:53.292 [main] DEBUG org.hibernate.type.BasicTypeRegistry - Adding type registration calendar_date -> org.hibernate.type.BasicTypeReference@7b324585
20:48:53.292 [main] DEBUG org.hibernate.type.BasicTypeRegistry - Adding type registration calendar_time -> org.hibernate.type.BasicTypeReference@2e11485
20:48:53.292 [main] DEBUG org.hibernate.type.BasicTypeRegistry - Adding type registration instant -> org.hibernate.type.BasicTypeReference@60dce7ea
20:48:53.292 [main] DEBUG org.hibernate.type.BasicTypeRegistry - Adding type registration java.time.Instant -> org.hibernate.type.BasicTypeReference@60dce7ea
20:48:53.292 [main] DEBUG org.hibernate.type.BasicTypeRegistry - Adding type registration uuid -> org.hibernate.type.BasicTypeReference@662f5666
20:48:53.292 [main] DEBUG org.hibernate.type.BasicTypeRegistry - Adding type registration java.util.UUID -> org.hibernate.type.BasicTypeReference@662f5666
20:48:53.292 [main] DEBUG org.hibernate.type.BasicTypeRegistry - Adding type registration pg-uuid -> org.hibernate.type.BasicTypeReference@662f5666
20:48:53.292 [main] DEBUG org.hibernate.type.BasicTypeRegistry - Adding type registration uuid-binary -> org.hibernate.type.BasicTypeReference@fd8294b
20:48:53.293 [main] DEBUG org.hibernate.type.BasicTypeRegistry - Adding type registration uuid-char -> org.hibernate.type.BasicTypeReference@5974109
20:48:53.293 [main] DEBUG org.hibernate.type.BasicTypeRegistry - Adding type registration class -> org.hibernate.type.BasicTypeReference@1ef3efa8
20:48:53.293 [main] DEBUG org.hibernate.type.BasicTypeRegistry - Adding type registration java.lang.Class -> org.hibernate.type.BasicTypeReference@1ef3efa8
20:48:53.293 [main] DEBUG org.hibernate.type.BasicTypeRegistry - Adding type registration currency -> org.hibernate.type.BasicTypeReference@502f1f4c
20:48:53.293 [main] DEBUG org.hibernate.type.BasicTypeRegistry - Adding type registration Currency -> org.hibernate.type.BasicTypeReference@502f1f4c
20:48:53.293 [main] DEBUG org.hibernate.type.BasicTypeRegistry - Adding type registration java.util.Currency -> org.hibernate.type.BasicTypeReference@502f1f4c
20:48:53.293 [main] DEBUG org.hibernate.type.BasicTypeRegistry - Adding type registration locale -> org.hibernate.type.BasicTypeReference@6f8f9349
20:48:53.293 [main] DEBUG org.hibernate.type.BasicTypeRegistry - Adding type registration java.util.Locale -> org.hibernate.type.BasicTypeReference@6f8f9349
20:48:53.293 [main] DEBUG org.hibernate.type.BasicTypeRegistry - Adding type registration serializable -> org.hibernate.type.BasicTypeReference@75c9e76b
20:48:53.293 [main] DEBUG org.hibernate.type.BasicTypeRegistry - Adding type registration java.io.Serializable -> org.hibernate.type.BasicTypeReference@75c9e76b
20:48:53.293 [main] DEBUG org.hibernate.type.BasicTypeRegistry - Adding type registration timezone -> org.hibernate.type.BasicTypeReference@7446d8d5
20:48:53.294 [main] DEBUG org.hibernate.type.BasicTypeRegistry - Adding type registration java.util.TimeZone -> org.hibernate.type.BasicTypeReference@7446d8d5
20:48:53.294 [main] DEBUG org.hibernate.type.BasicTypeRegistry - Adding type registration ZoneOffset -> org.hibernate.type.BasicTypeReference@5c3b6c6e
20:48:53.294 [main] DEBUG org.hibernate.type.BasicTypeRegistry - Adding type registration java.time.ZoneOffset -> org.hibernate.type.BasicTypeReference@5c3b6c6e
20:48:53.294 [main] DEBUG org.hibernate.type.BasicTypeRegistry - Adding type registration url -> org.hibernate.type.BasicTypeReference@4fbda97b
20:48:53.294 [main] DEBUG org.hibernate.type.BasicTypeRegistry - Adding type registration java.net.URL -> org.hibernate.type.BasicTypeReference@4fbda97b
20:48:53.294 [main] DEBUG org.hibernate.type.BasicTypeRegistry - Adding type registration vector -> org.hibernate.type.BasicTypeReference@75f5fd58
20:48:53.294 [main] DEBUG org.hibernate.type.BasicTypeRegistry - Adding type registration float_vector -> org.hibernate.type.BasicTypeReference@37b70343
20:48:53.294 [main] DEBUG org.hibernate.type.BasicTypeRegistry - Adding type registration double_vector -> org.hibernate.type.BasicTypeReference@306851c7
20:48:53.294 [main] DEBUG org.hibernate.type.BasicTypeRegistry - Adding type registration byte_vector -> org.hibernate.type.BasicTypeReference@12bcd0c0
20:48:53.294 [main] DEBUG org.hibernate.type.BasicTypeRegistry - Adding type registration row_version -> org.hibernate.type.BasicTypeReference@4879f0f2
20:48:53.296 [main] DEBUG org.hibernate.type.BasicTypeRegistry - Adding type registration object -> org.hibernate.type.JavaObjectType@3918c187
20:48:53.296 [main] DEBUG org.hibernate.type.BasicTypeRegistry - Adding type registration java.lang.Object -> org.hibernate.type.JavaObjectType@3918c187
20:48:53.297 [main] DEBUG org.hibernate.type.BasicTypeRegistry - Adding type registration null -> org.hibernate.type.NullType@242aa8d9
20:48:53.297 [main] DEBUG org.hibernate.type.BasicTypeRegistry - Adding type registration imm_date -> org.hibernate.type.BasicTypeReference@5b11a194
20:48:53.298 [main] DEBUG org.hibernate.type.BasicTypeRegistry - Adding type registration imm_time -> org.hibernate.type.BasicTypeReference@37bd68c3
20:48:53.298 [main] DEBUG org.hibernate.type.BasicTypeRegistry - Adding type registration imm_timestamp -> org.hibernate.type.BasicTypeReference@60f7cc1d
20:48:53.298 [main] DEBUG org.hibernate.type.BasicTypeRegistry - Adding type registration imm_calendar -> org.hibernate.type.BasicTypeReference@11eadcba
20:48:53.298 [main] DEBUG org.hibernate.type.BasicTypeRegistry - Adding type registration imm_calendar_date -> org.hibernate.type.BasicTypeReference@4721d212
20:48:53.298 [main] DEBUG org.hibernate.type.BasicTypeRegistry - Adding type registration imm_calendar_time -> org.hibernate.type.BasicTypeReference@1b065145
20:48:53.298 [main] DEBUG org.hibernate.type.BasicTypeRegistry - Adding type registration imm_binary -> org.hibernate.type.BasicTypeReference@45cff11c
20:48:53.298 [main] DEBUG org.hibernate.type.BasicTypeRegistry - Adding type registration imm_serializable -> org.hibernate.type.BasicTypeReference@207ea13
20:48:53.313 [main] WARN  org.hibernate.orm.connections.pooling - HHH10001002: Using built-in connection pool (not intended for production use)
20:48:53.421 [main] DEBUG org.hibernate.orm.connections.pooling - Initializing Connection pool with 1 Connections
20:48:53.713 [main] DEBUG org.hibernate.engine.jdbc.env.internal.JdbcEnvironmentInitiator - Database ->
	   name : Oracle
	version : Oracle Database 21c Express Edition Release 21.0.0.0.0 - Production
Version 21.3.0.0.0
	  major : 21
	  minor : 3
20:48:53.714 [main] DEBUG org.hibernate.engine.jdbc.env.internal.JdbcEnvironmentInitiator - Driver ->
	   name : Oracle JDBC driver
	version : 23.7.0.25.01
	  major : 23
	  minor : 7
20:48:53.714 [main] DEBUG org.hibernate.engine.jdbc.env.internal.JdbcEnvironmentInitiator - JDBC version : 4.3
20:48:53.819 [main] WARN  org.hibernate.orm.deprecation - HHH90000025: OracleDialect does not need to be specified explicitly using 'hibernate.dialect' (remove the property setting and it will be selected by default)
20:48:53.820 [main] DEBUG org.hibernate.orm.dialect - HHH035001: Using dialect: org.hibernate.dialect.OracleDialect, version: 21.3
20:48:53.880 [main] INFO  org.hibernate.orm.connections.pooling - HHH10001005: Database info:
	Database JDBC URL [jdbc:oracle:thin:getafe/password@//localhost:1522/XEPDB1]
	Database driver: oracle.jdbc.OracleDriver
	Database version: 21.3
	Autocommit mode: false
	Isolation level: undefined/unknown
	Minimum pool size: 1
	Maximum pool size: 20
20:48:53.886 [main] DEBUG org.hibernate.type.descriptor.jdbc.spi.JdbcTypeRegistry - addDescriptor(NCharTypeDescriptor) replaced previous registration(CharTypeDescriptor)
20:48:53.886 [main] DEBUG org.hibernate.type.descriptor.jdbc.spi.JdbcTypeRegistry - addDescriptor(NVarcharTypeDescriptor) replaced previous registration(VarcharTypeDescriptor)
20:48:53.886 [main] DEBUG org.hibernate.type.descriptor.jdbc.spi.JdbcTypeRegistry - addDescriptor(LongNVarcharTypeDescriptor) replaced previous registration(LongVarcharTypeDescriptor)
20:48:53.889 [main] DEBUG org.hibernate.type.descriptor.jdbc.spi.JdbcTypeRegistry - addDescriptor(NClobTypeDescriptor(DEFAULT)) replaced previous registration(ClobTypeDescriptor(DEFAULT))
20:48:53.890 [main] DEBUG org.hibernate.type.descriptor.jdbc.spi.JdbcTypeRegistry - addDescriptor(BooleanTypeDescriptor) replaced previous registration(BooleanTypeDescriptor)
20:48:53.899 [main] DEBUG org.hibernate.type.BasicTypeRegistry - Adding type registration null -> org.hibernate.type.NullType@29149030
20:48:53.900 [main] DEBUG org.hibernate.type.BasicTypeRegistry - Type registration key [null] overrode previous entry : `org.hibernate.type.NullType@242aa8d9`
20:48:53.900 [main] DEBUG org.hibernate.type.BasicTypeRegistry - Adding type registration JAVA_OBJECT -> org.hibernate.type.JavaObjectType@3b920bdc
20:48:53.900 [main] DEBUG org.hibernate.type.BasicTypeRegistry - Adding type registration java.lang.Object -> org.hibernate.type.JavaObjectType@3b920bdc
20:48:53.900 [main] DEBUG org.hibernate.type.BasicTypeRegistry - Type registration key [java.lang.Object] overrode previous entry : `org.hibernate.type.JavaObjectType@3918c187`
20:48:53.904 [main] DEBUG org.hibernate.type.BasicTypeRegistry - Adding type registration org.hibernate.type.DurationType -> basicType@1(java.time.Duration,3015)
20:48:53.904 [main] DEBUG org.hibernate.type.BasicTypeRegistry - Adding type registration Duration -> basicType@1(java.time.Duration,3015)
20:48:53.904 [main] DEBUG org.hibernate.type.BasicTypeRegistry - Adding type registration java.time.Duration -> basicType@1(java.time.Duration,3015)
20:48:53.906 [main] DEBUG org.hibernate.type.spi.TypeConfiguration$Scope - Scoping TypeConfiguration [org.hibernate.type.spi.TypeConfiguration@2cc75074] to MetadataBuildingContext [org.hibernate.boot.internal.MetadataBuildingContextRootImpl@445bb139]
20:48:53.922 [main] DEBUG org.hibernate.boot.model.relational.Namespace - Created database namespace [logicalName=Name{catalog=null, schema=null}, physicalName=Name{catalog=null, schema=null}]
20:48:54.054 [main] DEBUG org.hibernate.internal.SessionFactoryImpl - Building session factory
20:48:54.078 [main] DEBUG org.hibernate.service.internal.SessionFactoryServiceRegistryImpl - EventListenerRegistry access via ServiceRegistry is deprecated.  Use `sessionFactory.getEventEngine().getListenerRegistry()` instead
20:48:54.078 [main] DEBUG org.hibernate.internal.SessionFactoryImpl - Instantiating SessionFactory with settings: {hibernate.format_sql=true, java.specification.version=21, sun.cpu.isalist=amd64, sun.jnu.encoding=Cp1252, hibernate.dialect=org.hibernate.dialect.OracleDialect, java.class.path=C:\Users\Tardes\git\cursojava\target\classes;C:\Users\Tardes\.m2\repository\ch\qos\logback\logback-classic\1.5.18\logback-classic-1.5.18.jar;C:\Users\Tardes\.m2\repository\ch\qos\logback\logback-core\1.5.18\logback-core-1.5.18.jar;C:\Users\Tardes\.m2\repository\org\slf4j\slf4j-api\2.0.17\slf4j-api-2.0.17.jar;C:\Users\Tardes\.m2\repository\com\oracle\database\jdbc\ojdbc11\23.7.0.25.01\ojdbc11-23.7.0.25.01.jar;C:\Users\Tardes\.m2\repository\org\projectlombok\lombok\1.18.42\lombok-1.18.42.jar;C:\Users\Tardes\.m2\repository\org\hibernate\orm\hibernate-core\6.6.12.Final\hibernate-core-6.6.12.Final.jar;C:\Users\Tardes\.m2\repository\jakarta\transaction\jakarta.transaction-api\2.0.1\jakarta.transaction-api-2.0.1.jar;C:\Users\Tardes\.m2\repository\org\jboss\logging\jboss-logging\3.5.0.Final\jboss-logging-3.5.0.Final.jar;C:\Users\Tardes\.m2\repository\org\hibernate\common\hibernate-commons-annotations\7.0.3.Final\hibernate-commons-annotations-7.0.3.Final.jar;C:\Users\Tardes\.m2\repository\io\smallrye\jandex\3.2.0\jandex-3.2.0.jar;C:\Users\Tardes\.m2\repository\com\fasterxml\classmate\1.5.1\classmate-1.5.1.jar;C:\Users\Tardes\.m2\repository\net\bytebuddy\byte-buddy\1.15.11\byte-buddy-1.15.11.jar;C:\Users\Tardes\.m2\repository\jakarta\xml\bind\jakarta.xml.bind-api\4.0.0\jakarta.xml.bind-api-4.0.0.jar;C:\Users\Tardes\.m2\repository\jakarta\activation\jakarta.activation-api\2.1.0\jakarta.activation-api-2.1.0.jar;C:\Users\Tardes\.m2\repository\org\glassfish\jaxb\jaxb-runtime\4.0.2\jaxb-runtime-4.0.2.jar;C:\Users\Tardes\.m2\repository\org\glassfish\jaxb\jaxb-core\4.0.2\jaxb-core-4.0.2.jar;C:\Users\Tardes\.m2\repository\org\eclipse\angus\angus-activation\2.0.0\angus-activation-2.0.0.jar;C:\Users\Tardes\.m2\repository\org\glassfish\jaxb\txw2\4.0.2\txw2-4.0.2.jar;C:\Users\Tardes\.m2\repository\com\sun\istack\istack-commons-runtime\4.1.1\istack-commons-runtime-4.1.1.jar;C:\Users\Tardes\.m2\repository\jakarta\inject\jakarta.inject-api\2.0.1\jakarta.inject-api-2.0.1.jar;C:\Users\Tardes\.m2\repository\org\antlr\antlr4-runtime\4.13.0\antlr4-runtime-4.13.0.jar;C:\Users\Tardes\.m2\repository\jakarta\persistence\jakarta.persistence-api\3.1.0\jakarta.persistence-api-3.1.0.jar;C:\Users\Tardes\.m2\repository\org\hibernate\validator\hibernate-validator\8.0.1.Final\hibernate-validator-8.0.1.Final.jar;C:\Users\Tardes\.m2\repository\jakarta\validation\jakarta.validation-api\3.0.2\jakarta.validation-api-3.0.2.jar, java.vm.vendor=Eclipse Adoptium, sun.arch.data.model=64, user.variant=, java.vendor.url=https://adoptium.net/, user.timezone=Europe/Madrid, java.vm.specification.version=21, os.name=Windows 11, sun.java.launcher=SUN_STANDARD, user.country=ES, sun.boot.library.path=C:\Users\Tardes\IDES\eclipse\plugins\org.eclipse.justj.openjdk.hotspot.jre.full.win32.x86_64_21.0.7.v20250502-0916\jre\bin, sun.java.command=hibernate.HibernateMain, jdk.debug=release, sun.cpu.endian=little, user.home=C:\Users\Tardes, user.language=es, java.specification.vendor=Oracle Corporation, java.version.date=2025-04-15, java.home=C:\Users\Tardes\IDES\eclipse\plugins\org.eclipse.justj.openjdk.hotspot.jre.full.win32.x86_64_21.0.7.v20250502-0916\jre, file.separator=\, java.vm.compressedOopsMode=Zero based, line.separator=
, java.vm.specification.vendor=Oracle Corporation, java.specification.name=Java Platform API Specification, hibernate.hbm2ddl.auto=update, user.script=, sun.management.compiler=HotSpot 64-Bit Tiered Compilers, java.runtime.version=21.0.7+6-LTS, user.name=Tardes, stdout.encoding=UTF-8, path.separator=;, hibernate.connection.username=****, os.version=10.0, java.runtime.name=OpenJDK Runtime Environment, hibernate.connection.url=jdbc:oracle:thin:getafe/password@//localhost:1522/XEPDB1, file.encoding=UTF-8, java.vm.name=OpenJDK 64-Bit Server VM, hibernate.show_sql=true, java.vendor.version=Temurin-21.0.7+6, hibernate.connection.driver_class=oracle.jdbc.OracleDriver, java.vendor.url.bug=https://github.com/adoptium/adoptium-support/issues, java.io.tmpdir=C:\Users\Tardes\AppData\Local\Temp\, java.version=21.0.7, user.dir=C:\Users\Tardes\git\cursojava, os.arch=amd64, java.vm.specification.name=Java Virtual Machine Specification, hibernate.connection.password=****, sun.os.patch.level=, hibernate.boot.CfgXmlAccessService.key=org.hibernate.boot.cfgxml.spi.LoadedConfig@1946384, native.encoding=Cp1252, java.library.path=C:\Users\Tardes\IDES\eclipse\plugins\org.eclipse.justj.openjdk.hotspot.jre.full.win32.x86_64_21.0.7.v20250502-0916\jre\bin;C:\WINDOWS\Sun\Java\bin;C:\WINDOWS\system32;C:\WINDOWS;C:/Users/Tardes/IDES/eclipse//plugins/org.eclipse.justj.openjdk.hotspot.jre.full.win32.x86_64_21.0.8.v20250724-1412/jre/bin/server;C:/Users/Tardes/IDES/eclipse//plugins/org.eclipse.justj.openjdk.hotspot.jre.full.win32.x86_64_21.0.8.v20250724-1412/jre/bin;C:\Program Files\Common Files\Oracle\Java\javapath;C:\ProgramData\Oracle\Java\javapath;C:\app\Tardes\product\21c\dbhomeXE\bin;C:\Program Files (x86)\Common Files\Oracle\Java\java8path;C:\Program Files (x86)\Common Files\Oracle\Java\javapath;C:\Program Files (x86)\VMware\VMware Workstation\bin\;C:\WINDOWS\system32;C:\WINDOWS;C:\WINDOWS\System32\Wbem;C:\WINDOWS\System32\WindowsPowerShell\v1.0\;C:\WINDOWS\System32\OpenSSH\;C:\Program Files\Docker\Docker\resources\bin;C:\Program Files\Git\cmd;C:\Users\Tardes\AppData\Local\Microsoft\WindowsApps;C:\jdk-21.0.8;;C:\Users\Tardes\IDES\eclipse;;., stderr.encoding=UTF-8, java.vendor=Eclipse Adoptium, java.vm.info=mixed mode, sharing, java.vm.version=21.0.7+6-LTS, sun.io.unicode.encoding=UnicodeLittle, java.class.version=65.0}
20:48:54.081 [main] DEBUG org.hibernate.internal.SessionFactoryImpl - Session factory constructed with filter configurations : {}
20:48:54.092 [main] INFO  org.hibernate.validator.internal.util.Version - HV000001: Hibernate Validator 8.0.1.Final
20:48:54.094 [main] DEBUG org.hibernate.validator.internal.xml.config.ValidationXmlParser - Trying to load META-INF/validation.xml for XML based Validator configuration.
20:48:54.094 [main] DEBUG org.hibernate.validator.internal.xml.config.ResourceLoaderHelper - Trying to load META-INF/validation.xml via TCCL
20:48:54.095 [main] DEBUG org.hibernate.validator.internal.xml.config.ResourceLoaderHelper - Trying to load META-INF/validation.xml via Hibernate Validator's class loader
20:48:54.095 [main] DEBUG org.hibernate.validator.internal.xml.config.ValidationXmlParser - No META-INF/validation.xml found. Using annotation based configuration only.
20:48:54.097 [main] DEBUG org.hibernate.validator.internal.engine.resolver.TraversableResolvers - Found jakarta.persistence.Persistence on classpath containing 'getPersistenceUtil'. Assuming JPA 2 environment. Trying to instantiate JPA aware TraversableResolver
20:48:54.097 [main] DEBUG org.hibernate.validator.internal.engine.resolver.TraversableResolvers - Instantiated JPA aware TraversableResolver of type org.hibernate.validator.internal.engine.resolver.JPATraversableResolver.
20:48:54.105 [main] DEBUG org.hibernate.validator.messageinterpolation.ResourceBundleMessageInterpolator - Failed to load expression factory via classloader jdk.internal.loader.ClassLoaders$AppClassLoader@5c647e05
java.lang.NoClassDefFoundError: jakarta/el/ExpressionFactory
	at org.hibernate.validator.messageinterpolation.ResourceBundleMessageInterpolator.canLoadExpressionFactory(ResourceBundleMessageInterpolator.java:228)
	at org.hibernate.validator.messageinterpolation.ResourceBundleMessageInterpolator.buildExpressionFactory(ResourceBundleMessageInterpolator.java:173)
	at org.hibernate.validator.messageinterpolation.ResourceBundleMessageInterpolator.<init>(ResourceBundleMessageInterpolator.java:97)
	at org.hibernate.validator.internal.engine.AbstractConfigurationImpl.getDefaultMessageInterpolator(AbstractConfigurationImpl.java:575)
	at org.hibernate.validator.internal.engine.AbstractConfigurationImpl.getDefaultMessageInterpolatorConfiguredWithClassLoader(AbstractConfigurationImpl.java:834)
	at org.hibernate.validator.internal.engine.AbstractConfigurationImpl.getMessageInterpolator(AbstractConfigurationImpl.java:485)
	at org.hibernate.validator.internal.engine.ValidatorFactoryImpl.<init>(ValidatorFactoryImpl.java:157)
	at org.hibernate.validator.HibernateValidator.buildValidatorFactory(HibernateValidator.java:38)
	at org.hibernate.validator.internal.engine.AbstractConfigurationImpl.buildValidatorFactory(AbstractConfigurationImpl.java:453)
	at jakarta.validation.Validation.buildDefaultValidatorFactory(Validation.java:103)
	at org.hibernate.boot.beanvalidation.TypeSafeActivator.getValidatorFactory(TypeSafeActivator.java:483)
	at org.hibernate.boot.beanvalidation.TypeSafeActivator.activate(TypeSafeActivator.java:84)
	at java.base/jdk.internal.reflect.DirectMethodHandleAccessor.invoke(DirectMethodHandleAccessor.java:103)
	at java.base/java.lang.reflect.Method.invoke(Method.java:580)
	at org.hibernate.boot.beanvalidation.BeanValidationIntegrator.integrate(BeanValidationIntegrator.java:139)
	at org.hibernate.internal.SessionFactoryImpl.integrate(SessionFactoryImpl.java:523)
	at org.hibernate.internal.SessionFactoryImpl.<init>(SessionFactoryImpl.java:278)
	at org.hibernate.boot.internal.SessionFactoryBuilderImpl.build(SessionFactoryBuilderImpl.java:463)
	at org.hibernate.cfg.Configuration.buildSessionFactory(Configuration.java:980)
	at org.hibernate.cfg.Configuration.buildSessionFactory(Configuration.java:999)
	at hibernate.HibernateMain.main(HibernateMain.java:13)
Caused by: java.lang.ClassNotFoundException: jakarta.el.ExpressionFactory
	at java.base/jdk.internal.loader.BuiltinClassLoader.loadClass(BuiltinClassLoader.java:641)
	at java.base/jdk.internal.loader.ClassLoaders$AppClassLoader.loadClass(ClassLoaders.java:188)
	at java.base/java.lang.ClassLoader.loadClass(ClassLoader.java:526)
	... 21 common frames omitted
20:48:54.106 [main] DEBUG org.hibernate.validator.messageinterpolation.ResourceBundleMessageInterpolator - Failed to load expression factory via classloader jdk.internal.loader.ClassLoaders$AppClassLoader@5c647e05
java.lang.NoClassDefFoundError: jakarta/el/ExpressionFactory
	at org.hibernate.validator.messageinterpolation.ResourceBundleMessageInterpolator.canLoadExpressionFactory(ResourceBundleMessageInterpolator.java:228)
	at org.hibernate.validator.messageinterpolation.ResourceBundleMessageInterpolator.buildExpressionFactory(ResourceBundleMessageInterpolator.java:186)
	at org.hibernate.validator.messageinterpolation.ResourceBundleMessageInterpolator.<init>(ResourceBundleMessageInterpolator.java:97)
	at org.hibernate.validator.internal.engine.AbstractConfigurationImpl.getDefaultMessageInterpolator(AbstractConfigurationImpl.java:575)
	at org.hibernate.validator.internal.engine.AbstractConfigurationImpl.getDefaultMessageInterpolatorConfiguredWithClassLoader(AbstractConfigurationImpl.java:834)
	at org.hibernate.validator.internal.engine.AbstractConfigurationImpl.getMessageInterpolator(AbstractConfigurationImpl.java:485)
	at org.hibernate.validator.internal.engine.ValidatorFactoryImpl.<init>(ValidatorFactoryImpl.java:157)
	at org.hibernate.validator.HibernateValidator.buildValidatorFactory(HibernateValidator.java:38)
	at org.hibernate.validator.internal.engine.AbstractConfigurationImpl.buildValidatorFactory(AbstractConfigurationImpl.java:453)
	at jakarta.validation.Validation.buildDefaultValidatorFactory(Validation.java:103)
	at org.hibernate.boot.beanvalidation.TypeSafeActivator.getValidatorFactory(TypeSafeActivator.java:483)
	at org.hibernate.boot.beanvalidation.TypeSafeActivator.activate(TypeSafeActivator.java:84)
	at java.base/jdk.internal.reflect.DirectMethodHandleAccessor.invoke(DirectMethodHandleAccessor.java:103)
	at java.base/java.lang.reflect.Method.invoke(Method.java:580)
	at org.hibernate.boot.beanvalidation.BeanValidationIntegrator.integrate(BeanValidationIntegrator.java:139)
	at org.hibernate.internal.SessionFactoryImpl.integrate(SessionFactoryImpl.java:523)
	at org.hibernate.internal.SessionFactoryImpl.<init>(SessionFactoryImpl.java:278)
	at org.hibernate.boot.internal.SessionFactoryBuilderImpl.build(SessionFactoryBuilderImpl.java:463)
	at org.hibernate.cfg.Configuration.buildSessionFactory(Configuration.java:980)
	at org.hibernate.cfg.Configuration.buildSessionFactory(Configuration.java:999)
	at hibernate.HibernateMain.main(HibernateMain.java:13)
Caused by: java.lang.ClassNotFoundException: jakarta.el.ExpressionFactory
	... 21 common frames omitted
20:48:54.107 [main] DEBUG org.hibernate.boot.beanvalidation.TypeSafeActivator - Unable to acquire Bean Validation ValidatorFactory, skipping activation
20:48:54.131 [main] DEBUG org.hibernate.query.sqm.function.SqmFunctionRegistry - Registered SqmFunctionTemplate [NamedSqmFunctionTemplate(max)] under max; prior registration was null
20:48:54.131 [main] DEBUG org.hibernate.query.sqm.function.SqmFunctionRegistry - Registered SqmFunctionTemplate [NamedSqmFunctionTemplate(min)] under min; prior registration was null
20:48:54.132 [main] DEBUG org.hibernate.query.sqm.function.SqmFunctionRegistry - Registered SqmFunctionTemplate [NamedSqmFunctionTemplate(sum)] under sum; prior registration was null
20:48:54.132 [main] DEBUG org.hibernate.query.sqm.function.SqmFunctionRegistry - Registered SqmFunctionTemplate [NamedSqmFunctionTemplate(avg)] under avg; prior registration was null
20:48:54.133 [main] DEBUG org.hibernate.query.sqm.function.SqmFunctionRegistry - Registered SqmFunctionTemplate [org.hibernate.dialect.function.CountFunction@5b35c7d] under count; prior registration was null
20:48:54.134 [main] DEBUG org.hibernate.query.sqm.function.SqmFunctionRegistry - Registered SqmFunctionTemplate [org.hibernate.dialect.function.EveryAnyEmulation@740dcae3] under every; prior registration was null
20:48:54.134 [main] DEBUG org.hibernate.query.sqm.function.SqmFunctionRegistry - Registered SqmFunctionTemplate [org.hibernate.dialect.function.EveryAnyEmulation@4e140497] under any; prior registration was null
20:48:54.134 [main] DEBUG org.hibernate.query.sqm.function.SqmFunctionRegistry - Registered SqmFunctionTemplate [NamedSqmFunctionTemplate(floor)] under floor; prior registration was null
20:48:54.134 [main] DEBUG org.hibernate.query.sqm.function.SqmFunctionRegistry - Registered SqmFunctionTemplate [NamedSqmFunctionTemplate(ceiling)] under ceiling; prior registration was null
20:48:54.134 [main] DEBUG org.hibernate.query.sqm.function.SqmFunctionRegistry - Registered SqmFunctionTemplate [NamedSqmFunctionTemplate(mod)] under mod; prior registration was null
20:48:54.134 [main] DEBUG org.hibernate.query.sqm.function.SqmFunctionRegistry - Registered SqmFunctionTemplate [NamedSqmFunctionTemplate(abs)] under abs; prior registration was null
20:48:54.134 [main] DEBUG org.hibernate.query.sqm.function.SqmFunctionRegistry - Registered SqmFunctionTemplate [NamedSqmFunctionTemplate(sign)] under sign; prior registration was null
20:48:54.135 [main] DEBUG org.hibernate.query.sqm.function.SqmFunctionRegistry - Registered SqmFunctionTemplate [NamedSqmFunctionTemplate(sqrt)] under sqrt; prior registration was null
20:48:54.135 [main] DEBUG org.hibernate.query.sqm.function.SqmFunctionRegistry - Registered SqmFunctionTemplate [NamedSqmFunctionTemplate(ln)] under ln; prior registration was null
20:48:54.135 [main] DEBUG org.hibernate.query.sqm.function.SqmFunctionRegistry - Registered SqmFunctionTemplate [NamedSqmFunctionTemplate(exp)] under exp; prior registration was null
20:48:54.135 [main] DEBUG org.hibernate.query.sqm.function.SqmFunctionRegistry - Registered SqmFunctionTemplate [NamedSqmFunctionTemplate(power)] under power; prior registration was null
20:48:54.135 [main] DEBUG org.hibernate.query.sqm.function.SqmFunctionRegistry - Registered SqmFunctionTemplate [NamedSqmFunctionTemplate(round)] under round; prior registration was null
20:48:54.135 [main] DEBUG org.hibernate.query.sqm.function.SqmFunctionRegistry - Registered SqmFunctionTemplate [NamedSqmFunctionTemplate(sin)] under sin; prior registration was null
20:48:54.135 [main] DEBUG org.hibernate.query.sqm.function.SqmFunctionRegistry - Registered SqmFunctionTemplate [NamedSqmFunctionTemplate(cos)] under cos; prior registration was null
20:48:54.135 [main] DEBUG org.hibernate.query.sqm.function.SqmFunctionRegistry - Registered SqmFunctionTemplate [NamedSqmFunctionTemplate(tan)] under tan; prior registration was null
20:48:54.135 [main] DEBUG org.hibernate.query.sqm.function.SqmFunctionRegistry - Registered SqmFunctionTemplate [NamedSqmFunctionTemplate(asin)] under asin; prior registration was null
20:48:54.135 [main] DEBUG org.hibernate.query.sqm.function.SqmFunctionRegistry - Registered SqmFunctionTemplate [NamedSqmFunctionTemplate(acos)] under acos; prior registration was null
20:48:54.135 [main] DEBUG org.hibernate.query.sqm.function.SqmFunctionRegistry - Registered SqmFunctionTemplate [NamedSqmFunctionTemplate(atan)] under atan; prior registration was null
20:48:54.136 [main] DEBUG org.hibernate.query.sqm.function.SqmFunctionRegistry - Registered SqmFunctionTemplate [NamedSqmFunctionTemplate(atan2)] under atan2; prior registration was null
20:48:54.137 [main] DEBUG org.hibernate.query.sqm.function.SqmFunctionRegistry - Registered SqmFunctionTemplate [org.hibernate.query.sqm.function.PatternBasedSqmFunctionDescriptor@611e5819] under sinh; prior registration was null
20:48:54.137 [main] DEBUG org.hibernate.query.sqm.function.SqmFunctionRegistry - Registered SqmFunctionTemplate [org.hibernate.query.sqm.function.PatternBasedSqmFunctionDescriptor@681c0ae6] under cosh; prior registration was null
20:48:54.137 [main] DEBUG org.hibernate.query.sqm.function.SqmFunctionRegistry - Registered SqmFunctionTemplate [org.hibernate.query.sqm.function.PatternBasedSqmFunctionDescriptor@73ca34e7] under tanh; prior registration was null
20:48:54.137 [main] DEBUG org.hibernate.query.sqm.function.SqmFunctionRegistry - Registered SqmFunctionTemplate [org.hibernate.query.sqm.function.PatternBasedSqmFunctionDescriptor@4d98e41b] under pi; prior registration was null
20:48:54.137 [main] DEBUG org.hibernate.query.sqm.function.SqmFunctionRegistry - Registered SqmFunctionTemplate [org.hibernate.query.sqm.function.PatternBasedSqmFunctionDescriptor@5ed5b321] under log; prior registration was null
20:48:54.137 [main] DEBUG org.hibernate.query.sqm.function.SqmFunctionRegistry - Registered SqmFunctionTemplate [NamedSqmFunctionTemplate(coalesce)] under coalesce; prior registration was null
20:48:54.137 [main] DEBUG org.hibernate.query.sqm.function.SqmFunctionRegistry - Registered SqmFunctionTemplate [NamedSqmFunctionTemplate(nullif)] under nullif; prior registration was null
20:48:54.137 [main] DEBUG org.hibernate.query.sqm.function.SqmFunctionRegistry - Registered SqmFunctionTemplate [NamedSqmFunctionTemplate(left)] under left; prior registration was null
20:48:54.137 [main] DEBUG org.hibernate.query.sqm.function.SqmFunctionRegistry - Registered SqmFunctionTemplate [NamedSqmFunctionTemplate(right)] under right; prior registration was null
20:48:54.137 [main] DEBUG org.hibernate.query.sqm.function.SqmFunctionRegistry - Registered SqmFunctionTemplate [NamedSqmFunctionTemplate(replace)] under replace; prior registration was null
20:48:54.138 [main] DEBUG org.hibernate.query.sqm.function.SqmFunctionRegistry - Registered SqmFunctionTemplate [NamedSqmFunctionTemplate(concat)] under concat; prior registration was null
20:48:54.138 [main] DEBUG org.hibernate.query.sqm.function.SqmFunctionRegistry - Registered SqmFunctionTemplate [NamedSqmFunctionTemplate(lower)] under lower; prior registration was null
20:48:54.138 [main] DEBUG org.hibernate.query.sqm.function.SqmFunctionRegistry - Registered SqmFunctionTemplate [NamedSqmFunctionTemplate(upper)] under upper; prior registration was null
20:48:54.138 [main] DEBUG org.hibernate.query.sqm.function.SqmFunctionRegistry - Registered SqmFunctionTemplate [NamedSqmFunctionTemplate(substring)] under substring; prior registration was null
20:48:54.138 [main] DEBUG org.hibernate.query.sqm.function.SqmFunctionRegistry - Registered SqmFunctionTemplate [NamedSqmFunctionTemplate(locate)] under locate; prior registration was null
20:48:54.138 [main] DEBUG org.hibernate.query.sqm.function.SqmFunctionRegistry - Registered SqmFunctionTemplate [NamedSqmFunctionTemplate(character_length)] under character_length; prior registration was null
20:48:54.138 [main] DEBUG org.hibernate.query.sqm.function.SqmFunctionRegistry - Registering alternate key : length -> character_length
20:48:54.138 [main] DEBUG org.hibernate.query.sqm.function.SqmFunctionRegistry - Registered SqmFunctionTemplate [org.hibernate.dialect.function.LocatePositionEmulation@61149fa5] under position; prior registration was null
20:48:54.139 [main] DEBUG org.hibernate.query.sqm.function.SqmFunctionRegistry - Registered SqmFunctionTemplate [org.hibernate.dialect.function.InsertSubstringOverlayEmulation@3d9f0a5] under overlay; prior registration was null
20:48:54.139 [main] DEBUG org.hibernate.query.sqm.function.SqmFunctionRegistry - Registered SqmFunctionTemplate [org.hibernate.dialect.function.TrimFunction@188a5fc2] under trim; prior registration was null
20:48:54.140 [main] DEBUG org.hibernate.query.sqm.function.SqmFunctionRegistry - Registered SqmFunctionTemplate [org.hibernate.dialect.function.CastFunction@4a89ef44] under cast; prior registration was null
20:48:54.140 [main] DEBUG org.hibernate.query.sqm.function.SqmFunctionRegistry - Registered SqmFunctionTemplate [org.hibernate.query.sqm.function.PatternBasedSqmFunctionDescriptor@310a7859] under collate; prior registration was null
20:48:54.140 [main] DEBUG org.hibernate.query.sqm.function.SqmFunctionRegistry - Registered SqmFunctionTemplate [org.hibernate.dialect.function.ExtractFunction@2eada095] under extract; prior registration was null
20:48:54.140 [main] DEBUG org.hibernate.query.sqm.function.SqmFunctionRegistry - Registered SqmFunctionTemplate [NamedSqmFunctionTemplate(least)] under least; prior registration was null
20:48:54.140 [main] DEBUG org.hibernate.query.sqm.function.SqmFunctionRegistry - Registered SqmFunctionTemplate [NamedSqmFunctionTemplate(greatest)] under greatest; prior registration was null
20:48:54.141 [main] DEBUG org.hibernate.query.sqm.function.SqmFunctionRegistry - Registered SqmFunctionTemplate [org.hibernate.dialect.function.CoalesceIfnullEmulation@2506e949] under ifnull; prior registration was null
20:48:54.141 [main] DEBUG org.hibernate.query.sqm.function.SqmFunctionRegistry - Registered SqmFunctionTemplate [NamedSqmFunctionTemplate(lpad)] under lpad; prior registration was null
20:48:54.141 [main] DEBUG org.hibernate.query.sqm.function.SqmFunctionRegistry - Registered SqmFunctionTemplate [NamedSqmFunctionTemplate(rpad)] under rpad; prior registration was null
20:48:54.141 [main] DEBUG org.hibernate.query.sqm.function.SqmFunctionRegistry - Registered SqmFunctionTemplate [org.hibernate.dialect.function.LpadRpadPadEmulation@5ac53c06] under pad; prior registration was null
20:48:54.141 [main] DEBUG org.hibernate.query.sqm.function.SqmFunctionRegistry - Registered SqmFunctionTemplate [org.hibernate.dialect.function.CastStrEmulation@653fb8d1] under str; prior registration was null
20:48:54.142 [main] DEBUG org.hibernate.query.sqm.function.SqmFunctionRegistry - Registered SqmFunctionTemplate [org.hibernate.dialect.function.FormatFunction@2c604965] under format; prior registration was null
20:48:54.143 [main] DEBUG org.hibernate.query.sqm.function.SqmFunctionRegistry - Registered SqmFunctionTemplate [org.hibernate.dialect.function.TimestampaddFunction@88b76f2] under timestampadd; prior registration was null
20:48:54.143 [main] DEBUG org.hibernate.query.sqm.function.SqmFunctionRegistry - Registered SqmFunctionTemplate [org.hibernate.dialect.function.TimestampdiffFunction@c1e14f] under timestampdiff; prior registration was null
20:48:54.143 [main] DEBUG org.hibernate.query.sqm.function.SqmFunctionRegistry - Registering alternate key : dateadd -> timestampadd
20:48:54.143 [main] DEBUG org.hibernate.query.sqm.function.SqmFunctionRegistry - Registering alternate key : datediff -> timestampdiff
20:48:54.144 [main] DEBUG org.hibernate.query.sqm.function.SqmFunctionRegistry - Registered SqmFunctionTemplate [org.hibernate.dialect.function.CurrentFunction@7b222230] under current_date; prior registration was null
20:48:54.144 [main] DEBUG org.hibernate.query.sqm.function.SqmFunctionRegistry - Registered SqmFunctionTemplate [org.hibernate.dialect.function.CurrentFunction@364b1061] under current_time; prior registration was null
20:48:54.144 [main] DEBUG org.hibernate.query.sqm.function.SqmFunctionRegistry - Registered SqmFunctionTemplate [org.hibernate.dialect.function.CurrentFunction@50fdf44f] under current_timestamp; prior registration was null
20:48:54.144 [main] DEBUG org.hibernate.query.sqm.function.SqmFunctionRegistry - Registering alternate key : current date -> current_date
20:48:54.144 [main] DEBUG org.hibernate.query.sqm.function.SqmFunctionRegistry - Registering alternate key : current time -> current_time
20:48:54.144 [main] DEBUG org.hibernate.query.sqm.function.SqmFunctionRegistry - Registering alternate key : current timestamp -> current_timestamp
20:48:54.144 [main] DEBUG org.hibernate.query.sqm.function.SqmFunctionRegistry - Registered SqmFunctionTemplate [org.hibernate.dialect.function.CurrentFunction@172f4514] under local_date; prior registration was null
20:48:54.144 [main] DEBUG org.hibernate.query.sqm.function.SqmFunctionRegistry - Registered SqmFunctionTemplate [org.hibernate.dialect.function.CurrentFunction@7df6d663] under local_time; prior registration was null
20:48:54.144 [main] DEBUG org.hibernate.query.sqm.function.SqmFunctionRegistry - Registered SqmFunctionTemplate [org.hibernate.dialect.function.CurrentFunction@13d019a4] under local_datetime; prior registration was null
20:48:54.144 [main] DEBUG org.hibernate.query.sqm.function.SqmFunctionRegistry - Registered SqmFunctionTemplate [org.hibernate.dialect.function.CurrentFunction@2c30c81d] under offset_datetime; prior registration was null
20:48:54.144 [main] DEBUG org.hibernate.query.sqm.function.SqmFunctionRegistry - Registering alternate key : local date -> local_date
20:48:54.144 [main] DEBUG org.hibernate.query.sqm.function.SqmFunctionRegistry - Registering alternate key : local time -> local_time
20:48:54.144 [main] DEBUG org.hibernate.query.sqm.function.SqmFunctionRegistry - Registering alternate key : local datetime -> local_datetime
20:48:54.144 [main] DEBUG org.hibernate.query.sqm.function.SqmFunctionRegistry - Registering alternate key : offset datetime -> offset_datetime
20:48:54.144 [main] DEBUG org.hibernate.query.sqm.function.SqmFunctionRegistry - Registered SqmFunctionTemplate [org.hibernate.dialect.function.CurrentFunction@415a3f6a] under instant; prior registration was null
20:48:54.144 [main] DEBUG org.hibernate.query.sqm.function.SqmFunctionRegistry - Registering alternate key : current_instant -> instant
20:48:54.145 [main] DEBUG org.hibernate.query.sqm.function.SqmFunctionRegistry - Registered SqmFunctionTemplate [org.hibernate.dialect.function.SqlFunction@23310248] under sql; prior registration was null
20:48:54.145 [main] DEBUG org.hibernate.query.sqm.function.SqmFunctionRegistry - Registered SqmFunctionTemplate [NamedSqmFunctionTemplate(ascii)] under ascii; prior registration was null
20:48:54.145 [main] DEBUG org.hibernate.query.sqm.function.SqmFunctionRegistry - Registered SqmFunctionTemplate [NamedSqmFunctionTemplate(chr)] under chr; prior registration was null
20:48:54.145 [main] DEBUG org.hibernate.query.sqm.function.SqmFunctionRegistry - Registering alternate key : char -> chr
20:48:54.145 [main] DEBUG org.hibernate.query.sqm.function.SqmFunctionRegistry - Registered SqmFunctionTemplate [NamedSqmFunctionTemplate(cosh)] under cosh; prior registration was org.hibernate.query.sqm.function.PatternBasedSqmFunctionDescriptor@681c0ae6
20:48:54.145 [main] DEBUG org.hibernate.query.sqm.function.SqmFunctionRegistry - Registered SqmFunctionTemplate [NamedSqmFunctionTemplate(sinh)] under sinh; prior registration was org.hibernate.query.sqm.function.PatternBasedSqmFunctionDescriptor@611e5819
20:48:54.145 [main] DEBUG org.hibernate.query.sqm.function.SqmFunctionRegistry - Registered SqmFunctionTemplate [NamedSqmFunctionTemplate(tanh)] under tanh; prior registration was org.hibernate.query.sqm.function.PatternBasedSqmFunctionDescriptor@73ca34e7
20:48:54.145 [main] DEBUG org.hibernate.query.sqm.function.SqmFunctionRegistry - Registered SqmFunctionTemplate [NamedSqmFunctionTemplate(log)] under log; prior registration was org.hibernate.query.sqm.function.PatternBasedSqmFunctionDescriptor@5ed5b321
20:48:54.145 [main] DEBUG org.hibernate.query.sqm.function.SqmFunctionRegistry - Registered SqmFunctionTemplate [org.hibernate.query.sqm.function.PatternBasedSqmFunctionDescriptor@c2df90e] under log10; prior registration was null
20:48:54.145 [main] DEBUG org.hibernate.query.sqm.function.SqmFunctionRegistry - Registered SqmFunctionTemplate [NamedSqmFunctionTemplate(soundex)] under soundex; prior registration was null
20:48:54.145 [main] DEBUG org.hibernate.query.sqm.function.SqmFunctionRegistry - Registered SqmFunctionTemplate [NamedSqmFunctionTemplate(ltrim)] under ltrim; prior registration was null
20:48:54.145 [main] DEBUG org.hibernate.query.sqm.function.SqmFunctionRegistry - Registered SqmFunctionTemplate [NamedSqmFunctionTemplate(rtrim)] under rtrim; prior registration was null
20:48:54.145 [main] DEBUG org.hibernate.query.sqm.function.SqmFunctionRegistry - Registered SqmFunctionTemplate [NamedSqmFunctionTemplate(initcap)] under initcap; prior registration was null
20:48:54.145 [main] DEBUG org.hibernate.query.sqm.function.SqmFunctionRegistry - Registered SqmFunctionTemplate [NamedSqmFunctionTemplate(instr)] under instr; prior registration was null
20:48:54.145 [main] DEBUG org.hibernate.query.sqm.function.SqmFunctionRegistry - Registered SqmFunctionTemplate [NamedSqmFunctionTemplate(substr)] under substr; prior registration was null
20:48:54.145 [main] DEBUG org.hibernate.query.sqm.function.SqmFunctionRegistry - Registered SqmFunctionTemplate [NamedSqmFunctionTemplate(substr)] under substring; prior registration was NamedSqmFunctionTemplate(substring)
20:48:54.145 [main] DEBUG org.hibernate.query.sqm.function.SqmFunctionRegistry - Registered SqmFunctionTemplate [org.hibernate.query.sqm.function.PatternBasedSqmFunctionDescriptor@41f3aaf1] under left; prior registration was NamedSqmFunctionTemplate(left)
20:48:54.145 [main] DEBUG org.hibernate.query.sqm.function.SqmFunctionRegistry - Registered SqmFunctionTemplate [org.hibernate.query.sqm.function.PatternBasedSqmFunctionDescriptor@741741d0] under right; prior registration was NamedSqmFunctionTemplate(right)
20:48:54.145 [main] DEBUG org.hibernate.query.sqm.function.SqmFunctionRegistry - Registered SqmFunctionTemplate [NamedSqmFunctionTemplate(translate)] under translate; prior registration was null
20:48:54.145 [main] DEBUG org.hibernate.query.sqm.function.SqmFunctionRegistry - Registered SqmFunctionTemplate [NamedSqmFunctionTemplate(bitand)] under bitand; prior registration was null
20:48:54.145 [main] DEBUG org.hibernate.query.sqm.function.SqmFunctionRegistry - Registered SqmFunctionTemplate [NamedSqmFunctionTemplate(last_day)] under last_day; prior registration was null
20:48:54.145 [main] DEBUG org.hibernate.query.sqm.function.SqmFunctionRegistry - Registered SqmFunctionTemplate [NamedSqmFunctionTemplate(to_number)] under to_number; prior registration was null
20:48:54.145 [main] DEBUG org.hibernate.query.sqm.function.SqmFunctionRegistry - Registered SqmFunctionTemplate [NamedSqmFunctionTemplate(to_char)] under to_char; prior registration was null
20:48:54.145 [main] DEBUG org.hibernate.query.sqm.function.SqmFunctionRegistry - Registered SqmFunctionTemplate [NamedSqmFunctionTemplate(to_date)] under to_date; prior registration was null
20:48:54.145 [main] DEBUG org.hibernate.query.sqm.function.SqmFunctionRegistry - Registered SqmFunctionTemplate [NamedSqmFunctionTemplate(to_timestamp)] under to_timestamp; prior registration was null
20:48:54.145 [main] DEBUG org.hibernate.query.sqm.function.SqmFunctionRegistry - Registered SqmFunctionTemplate [NamedSqmFunctionTemplate(ceil)] under ceil; prior registration was null
20:48:54.145 [main] DEBUG org.hibernate.query.sqm.function.SqmFunctionRegistry - Registering alternate key : ceiling -> ceil
20:48:54.145 [main] DEBUG org.hibernate.query.sqm.function.SqmFunctionRegistry - Registered SqmFunctionTemplate [org.hibernate.query.sqm.function.PatternBasedSqmFunctionDescriptor@5f9f3e58] under concat; prior registration was NamedSqmFunctionTemplate(concat)
20:48:54.145 [main] DEBUG org.hibernate.query.sqm.function.SqmFunctionRegistry - Registered SqmFunctionTemplate [NamedSqmFunctionTemplate(rowid)] under rowid; prior registration was null
20:48:54.145 [main] DEBUG org.hibernate.query.sqm.function.SqmFunctionRegistry - Registered SqmFunctionTemplate [NamedSqmFunctionTemplate(rownum)] under rownum; prior registration was null
20:48:54.145 [main] DEBUG org.hibernate.query.sqm.function.SqmFunctionRegistry - Registered SqmFunctionTemplate [NamedSqmFunctionTemplate(sysdate)] under sysdate; prior registration was null
20:48:54.145 [main] DEBUG org.hibernate.query.sqm.function.SqmFunctionRegistry - Registered SqmFunctionTemplate [NamedSqmFunctionTemplate(systimestamp)] under systimestamp; prior registration was null
20:48:54.145 [main] DEBUG org.hibernate.query.sqm.function.SqmFunctionRegistry - Registered SqmFunctionTemplate [NamedSqmFunctionTemplate(add_months)] under add_months; prior registration was null
20:48:54.146 [main] DEBUG org.hibernate.query.sqm.function.SqmFunctionRegistry - Registered SqmFunctionTemplate [NamedSqmFunctionTemplate(months_between)] under months_between; prior registration was null
20:48:54.146 [main] DEBUG org.hibernate.query.sqm.function.SqmFunctionRegistry - Registered SqmFunctionTemplate [org.hibernate.dialect.function.MinMaxCaseEveryAnyEmulation@87d9a01] under every; prior registration was org.hibernate.dialect.function.EveryAnyEmulation@740dcae3
20:48:54.146 [main] DEBUG org.hibernate.query.sqm.function.SqmFunctionRegistry - Registered SqmFunctionTemplate [org.hibernate.dialect.function.MinMaxCaseEveryAnyEmulation@7e5b621b] under any; prior registration was org.hibernate.dialect.function.EveryAnyEmulation@4e140497
20:48:54.146 [main] DEBUG org.hibernate.query.sqm.function.SqmFunctionRegistry - Registered SqmFunctionTemplate [org.hibernate.query.sqm.function.PatternBasedSqmFunctionDescriptor@10177794] under repeat; prior registration was null
20:48:54.146 [main] DEBUG org.hibernate.query.sqm.function.SqmFunctionRegistry - Registered SqmFunctionTemplate [org.hibernate.query.sqm.function.PatternBasedSqmFunctionDescriptor@e5c2463] under radians; prior registration was null
20:48:54.146 [main] DEBUG org.hibernate.query.sqm.function.SqmFunctionRegistry - Registered SqmFunctionTemplate [org.hibernate.query.sqm.function.PatternBasedSqmFunctionDescriptor@6a950a3b] under degrees; prior registration was null
20:48:54.146 [main] DEBUG org.hibernate.query.sqm.function.SqmFunctionRegistry - Registered SqmFunctionTemplate [NamedSqmFunctionTemplate(median)] under median; prior registration was null
20:48:54.146 [main] DEBUG org.hibernate.query.sqm.function.SqmFunctionRegistry - Registered SqmFunctionTemplate [NamedSqmFunctionTemplate(stddev)] under stddev; prior registration was null
20:48:54.146 [main] DEBUG org.hibernate.query.sqm.function.SqmFunctionRegistry - Registered SqmFunctionTemplate [NamedSqmFunctionTemplate(stddev_pop)] under stddev_pop; prior registration was null
20:48:54.146 [main] DEBUG org.hibernate.query.sqm.function.SqmFunctionRegistry - Registered SqmFunctionTemplate [NamedSqmFunctionTemplate(stddev_samp)] under stddev_samp; prior registration was null
20:48:54.146 [main] DEBUG org.hibernate.query.sqm.function.SqmFunctionRegistry - Registered SqmFunctionTemplate [NamedSqmFunctionTemplate(variance)] under variance; prior registration was null
20:48:54.146 [main] DEBUG org.hibernate.query.sqm.function.SqmFunctionRegistry - Registered SqmFunctionTemplate [NamedSqmFunctionTemplate(var_pop)] under var_pop; prior registration was null
20:48:54.146 [main] DEBUG org.hibernate.query.sqm.function.SqmFunctionRegistry - Registered SqmFunctionTemplate [NamedSqmFunctionTemplate(var_samp)] under var_samp; prior registration was null
20:48:54.146 [main] DEBUG org.hibernate.query.sqm.function.SqmFunctionRegistry - Registered SqmFunctionTemplate [NamedSqmFunctionTemplate(covar_pop)] under covar_pop; prior registration was null
20:48:54.146 [main] DEBUG org.hibernate.query.sqm.function.SqmFunctionRegistry - Registered SqmFunctionTemplate [NamedSqmFunctionTemplate(covar_samp)] under covar_samp; prior registration was null
20:48:54.146 [main] DEBUG org.hibernate.query.sqm.function.SqmFunctionRegistry - Registered SqmFunctionTemplate [NamedSqmFunctionTemplate(corr)] under corr; prior registration was null
20:48:54.147 [main] DEBUG org.hibernate.query.sqm.function.SqmFunctionRegistry - Registered SqmFunctionTemplate [NamedSqmFunctionTemplate(regr_avgx)] under regr_avgx; prior registration was null
20:48:54.147 [main] DEBUG org.hibernate.query.sqm.function.SqmFunctionRegistry - Registered SqmFunctionTemplate [NamedSqmFunctionTemplate(regr_avgy)] under regr_avgy; prior registration was null
20:48:54.147 [main] DEBUG org.hibernate.query.sqm.function.SqmFunctionRegistry - Registered SqmFunctionTemplate [NamedSqmFunctionTemplate(regr_count)] under regr_count; prior registration was null
20:48:54.147 [main] DEBUG org.hibernate.query.sqm.function.SqmFunctionRegistry - Registered SqmFunctionTemplate [NamedSqmFunctionTemplate(regr_intercept)] under regr_intercept; prior registration was null
20:48:54.147 [main] DEBUG org.hibernate.query.sqm.function.SqmFunctionRegistry - Registered SqmFunctionTemplate [NamedSqmFunctionTemplate(regr_r2)] under regr_r2; prior registration was null
20:48:54.147 [main] DEBUG org.hibernate.query.sqm.function.SqmFunctionRegistry - Registered SqmFunctionTemplate [NamedSqmFunctionTemplate(regr_slope)] under regr_slope; prior registration was null
20:48:54.147 [main] DEBUG org.hibernate.query.sqm.function.SqmFunctionRegistry - Registered SqmFunctionTemplate [NamedSqmFunctionTemplate(regr_sxx)] under regr_sxx; prior registration was null
20:48:54.147 [main] DEBUG org.hibernate.query.sqm.function.SqmFunctionRegistry - Registered SqmFunctionTemplate [NamedSqmFunctionTemplate(regr_sxy)] under regr_sxy; prior registration was null
20:48:54.147 [main] DEBUG org.hibernate.query.sqm.function.SqmFunctionRegistry - Registered SqmFunctionTemplate [NamedSqmFunctionTemplate(regr_syy)] under regr_syy; prior registration was null
20:48:54.147 [main] DEBUG org.hibernate.query.sqm.function.SqmFunctionRegistry - Registered SqmFunctionTemplate [org.hibernate.dialect.function.LengthFunction@59303963] under character_length; prior registration was NamedSqmFunctionTemplate(character_length)
20:48:54.147 [main] DEBUG org.hibernate.query.sqm.function.SqmFunctionRegistry - Registering alternate key : length -> character_length
20:48:54.148 [main] DEBUG org.hibernate.query.sqm.function.SqmFunctionRegistry - Registered SqmFunctionTemplate [org.hibernate.dialect.function.LengthFunction@61e86192] under octet_length; prior registration was null
20:48:54.148 [main] DEBUG org.hibernate.query.sqm.function.SqmFunctionRegistry - Registered SqmFunctionTemplate [org.hibernate.dialect.function.LengthFunction@34330f77] under bit_length; prior registration was null
20:48:54.148 [main] DEBUG org.hibernate.query.sqm.function.SqmFunctionRegistry - Registered SqmFunctionTemplate [NamedSqmFunctionTemplate(coalesce)] under coalesce; prior registration was NamedSqmFunctionTemplate(coalesce)
20:48:54.148 [main] DEBUG org.hibernate.query.sqm.function.SqmFunctionRegistry - Registered SqmFunctionTemplate [org.hibernate.query.sqm.function.PatternBasedSqmFunctionDescriptor@1320e68a] under bitor; prior registration was null
20:48:54.148 [main] DEBUG org.hibernate.query.sqm.function.SqmFunctionRegistry - Registered SqmFunctionTemplate [org.hibernate.query.sqm.function.PatternBasedSqmFunctionDescriptor@4b033eac] under bitxor; prior registration was null
20:48:54.148 [main] DEBUG org.hibernate.query.sqm.function.SqmFunctionRegistry - Registered SqmFunctionTemplate [org.hibernate.query.sqm.function.MultipatternSqmFunctionDescriptor@385d819] under locate; prior registration was NamedSqmFunctionTemplate(locate)
20:48:54.148 [main] DEBUG org.hibernate.query.sqm.function.SqmFunctionRegistry - Registered SqmFunctionTemplate [org.hibernate.dialect.function.ListaggFunction@7fb8bad0] under listagg; prior registration was null
20:48:54.148 [main] DEBUG org.hibernate.query.sqm.function.SqmFunctionRegistry - Registered SqmFunctionTemplate [NamedSqmFunctionTemplate(row_number)] under row_number; prior registration was null
20:48:54.149 [main] DEBUG org.hibernate.query.sqm.function.SqmFunctionRegistry - Registered SqmFunctionTemplate [NamedSqmFunctionTemplate(lag)] under lag; prior registration was null
20:48:54.149 [main] DEBUG org.hibernate.query.sqm.function.SqmFunctionRegistry - Registered SqmFunctionTemplate [NamedSqmFunctionTemplate(lead)] under lead; prior registration was null
20:48:54.149 [main] DEBUG org.hibernate.query.sqm.function.SqmFunctionRegistry - Registered SqmFunctionTemplate [NamedSqmFunctionTemplate(first_value)] under first_value; prior registration was null
20:48:54.149 [main] DEBUG org.hibernate.query.sqm.function.SqmFunctionRegistry - Registered SqmFunctionTemplate [NamedSqmFunctionTemplate(last_value)] under last_value; prior registration was null
20:48:54.149 [main] DEBUG org.hibernate.query.sqm.function.SqmFunctionRegistry - Registered SqmFunctionTemplate [NamedSqmFunctionTemplate(nth_value)] under nth_value; prior registration was null
20:48:54.150 [main] DEBUG org.hibernate.query.sqm.function.SqmFunctionRegistry - Registered SqmFunctionTemplate [org.hibernate.dialect.function.HypotheticalSetFunction@32256e68] under rank; prior registration was null
20:48:54.150 [main] DEBUG org.hibernate.query.sqm.function.SqmFunctionRegistry - Registered SqmFunctionTemplate [org.hibernate.dialect.function.HypotheticalSetFunction@5e7abaf7] under dense_rank; prior registration was null
20:48:54.150 [main] DEBUG org.hibernate.query.sqm.function.SqmFunctionRegistry - Registered SqmFunctionTemplate [org.hibernate.dialect.function.HypotheticalSetFunction@353f472a] under percent_rank; prior registration was null
20:48:54.150 [main] DEBUG org.hibernate.query.sqm.function.SqmFunctionRegistry - Registered SqmFunctionTemplate [org.hibernate.dialect.function.HypotheticalSetFunction@63bfdbcb] under cume_dist; prior registration was null
20:48:54.150 [main] DEBUG org.hibernate.query.sqm.function.SqmFunctionRegistry - Registered SqmFunctionTemplate [org.hibernate.dialect.function.InverseDistributionFunction@1d7eb170] under mode; prior registration was null
20:48:54.150 [main] DEBUG org.hibernate.query.sqm.function.SqmFunctionRegistry - Registered SqmFunctionTemplate [org.hibernate.dialect.function.InverseDistributionFunction@5b251fb9] under percentile_cont; prior registration was null
20:48:54.152 [main] DEBUG org.hibernate.query.sqm.function.SqmFunctionRegistry - Registered SqmFunctionTemplate [org.hibernate.dialect.function.InverseDistributionFunction@67d4c48d] under percentile_disc; prior registration was null
20:48:54.152 [main] DEBUG org.hibernate.query.sqm.function.SqmFunctionRegistry - Registered SqmFunctionTemplate [org.hibernate.dialect.function.ModeStatsModeEmulation@798deee8] under mode; prior registration was org.hibernate.dialect.function.InverseDistributionFunction@1d7eb170
20:48:54.154 [main] DEBUG org.hibernate.query.sqm.function.SqmFunctionRegistry - Registered SqmFunctionTemplate [org.hibernate.dialect.function.OracleTruncFunction@55736cfe] under trunc; prior registration was null
20:48:54.154 [main] DEBUG org.hibernate.query.sqm.function.SqmFunctionRegistry - Registering alternate key : truncate -> trunc
20:48:54.155 [main] DEBUG org.hibernate.query.sqm.function.SqmFunctionRegistry - Registered SqmFunctionTemplate [org.hibernate.dialect.function.array.OracleArrayConstructorFunction@7135ce0a] under array; prior registration was null
20:48:54.155 [main] DEBUG org.hibernate.query.sqm.function.SqmFunctionRegistry - Registered SqmFunctionTemplate [org.hibernate.dialect.function.array.OracleArrayConstructorFunction@617449dd] under array_list; prior registration was null
20:48:54.155 [main] DEBUG org.hibernate.query.sqm.function.SqmFunctionRegistry - Registered SqmFunctionTemplate [org.hibernate.dialect.function.array.OracleArrayAggEmulation@25953be6] under array_agg; prior registration was null
20:48:54.156 [main] DEBUG org.hibernate.query.sqm.function.SqmFunctionRegistry - Registered SqmFunctionTemplate [org.hibernate.dialect.function.array.OracleArrayPositionFunction@794eeaf8] under array_position; prior registration was null
20:48:54.159 [main] DEBUG org.hibernate.query.sqm.function.SqmFunctionRegistry - Registered SqmFunctionTemplate [org.hibernate.dialect.function.array.OracleArrayPositionsFunction@61f377d1] under array_positions; prior registration was null
20:48:54.160 [main] DEBUG org.hibernate.query.sqm.function.SqmFunctionRegistry - Registered SqmFunctionTemplate [org.hibernate.dialect.function.array.OracleArrayPositionsFunction@45592af7] under array_positions_list; prior registration was null
20:48:54.160 [main] DEBUG org.hibernate.query.sqm.function.SqmFunctionRegistry - Registered SqmFunctionTemplate [org.hibernate.dialect.function.array.OracleArrayLengthFunction@16b3c905] under array_length; prior registration was null
20:48:54.160 [main] DEBUG org.hibernate.query.sqm.function.SqmFunctionRegistry - Registered SqmFunctionTemplate [org.hibernate.dialect.function.DynamicDispatchFunction@4b88ca8e] under length; prior registration was null
20:48:54.160 [main] DEBUG org.hibernate.query.sqm.function.SqmFunctionRegistry - Registered SqmFunctionTemplate [org.hibernate.dialect.function.array.OracleArrayConcatFunction@33a8c9c9] under array_concat; prior registration was null
20:48:54.161 [main] DEBUG org.hibernate.query.sqm.function.SqmFunctionRegistry - Registered SqmFunctionTemplate [org.hibernate.dialect.function.array.OracleArrayConcatElementFunction@3fdcde7a] under array_prepend; prior registration was null
20:48:54.161 [main] DEBUG org.hibernate.query.sqm.function.SqmFunctionRegistry - Registered SqmFunctionTemplate [org.hibernate.dialect.function.array.OracleArrayConcatElementFunction@4f363abd] under array_append; prior registration was null
20:48:54.162 [main] DEBUG org.hibernate.query.sqm.function.SqmFunctionRegistry - Registered SqmFunctionTemplate [org.hibernate.dialect.function.array.OracleArrayContainsFunction@2f995afc] under array_contains; prior registration was null
20:48:54.162 [main] DEBUG org.hibernate.query.sqm.function.SqmFunctionRegistry - Registered SqmFunctionTemplate [org.hibernate.dialect.function.array.OracleArrayContainsFunction@377949f1] under array_contains_nullable; prior registration was null
20:48:54.162 [main] DEBUG org.hibernate.query.sqm.function.SqmFunctionRegistry - Registered SqmFunctionTemplate [org.hibernate.dialect.function.array.OracleArrayIncludesFunction@261b9a37] under array_includes; prior registration was null
20:48:54.162 [main] DEBUG org.hibernate.query.sqm.function.SqmFunctionRegistry - Registered SqmFunctionTemplate [org.hibernate.dialect.function.array.OracleArrayIncludesFunction@15d3793b] under array_includes_nullable; prior registration was null
20:48:54.163 [main] DEBUG org.hibernate.query.sqm.function.SqmFunctionRegistry - Registered SqmFunctionTemplate [org.hibernate.dialect.function.array.OracleArrayIntersectsFunction@6e8fdd19] under array_intersects; prior registration was null
20:48:54.163 [main] DEBUG org.hibernate.query.sqm.function.SqmFunctionRegistry - Registered SqmFunctionTemplate [org.hibernate.dialect.function.array.OracleArrayIntersectsFunction@35787726] under array_intersects_nullable; prior registration was null
20:48:54.163 [main] DEBUG org.hibernate.query.sqm.function.SqmFunctionRegistry - Registering alternate key : array_overlaps -> array_intersects
20:48:54.163 [main] DEBUG org.hibernate.query.sqm.function.SqmFunctionRegistry - Registering alternate key : array_overlaps_nullable -> array_intersects_nullable
20:48:54.163 [main] DEBUG org.hibernate.query.sqm.function.SqmFunctionRegistry - Registered SqmFunctionTemplate [org.hibernate.dialect.function.array.OracleArrayGetFunction@5e50df2e] under array_get; prior registration was null
20:48:54.164 [main] DEBUG org.hibernate.query.sqm.function.SqmFunctionRegistry - Registered SqmFunctionTemplate [org.hibernate.dialect.function.array.OracleArraySetFunction@5460edd3] under array_set; prior registration was null
20:48:54.164 [main] DEBUG org.hibernate.query.sqm.function.SqmFunctionRegistry - Registered SqmFunctionTemplate [org.hibernate.dialect.function.array.OracleArrayRemoveFunction@1c046c92] under array_remove; prior registration was null
20:48:54.164 [main] DEBUG org.hibernate.query.sqm.function.SqmFunctionRegistry - Registered SqmFunctionTemplate [org.hibernate.dialect.function.array.OracleArrayRemoveIndexFunction@412ebe64] under array_remove_index; prior registration was null
20:48:54.164 [main] DEBUG org.hibernate.query.sqm.function.SqmFunctionRegistry - Registered SqmFunctionTemplate [org.hibernate.dialect.function.array.OracleArraySliceFunction@599a9cb2] under array_slice; prior registration was null
20:48:54.165 [main] DEBUG org.hibernate.query.sqm.function.SqmFunctionRegistry - Registered SqmFunctionTemplate [org.hibernate.dialect.function.array.OracleArrayReplaceFunction@4bf03fee] under array_replace; prior registration was null
20:48:54.165 [main] DEBUG org.hibernate.query.sqm.function.SqmFunctionRegistry - Registered SqmFunctionTemplate [org.hibernate.dialect.function.array.OracleArrayTrimFunction@7418d76e] under array_trim; prior registration was null
20:48:54.165 [main] DEBUG org.hibernate.query.sqm.function.SqmFunctionRegistry - Registered SqmFunctionTemplate [org.hibernate.dialect.function.array.OracleArrayFillFunction@6ee88e21] under array_fill; prior registration was null
20:48:54.165 [main] DEBUG org.hibernate.query.sqm.function.SqmFunctionRegistry - Registered SqmFunctionTemplate [org.hibernate.dialect.function.array.OracleArrayFillFunction@78d23d6a] under array_fill_list; prior registration was null
20:48:54.165 [main] DEBUG org.hibernate.query.sqm.function.SqmFunctionRegistry - Registered SqmFunctionTemplate [org.hibernate.dialect.function.array.OracleArrayToStringFunction@4b41587d] under array_to_string; prior registration was null
20:48:54.168 [main] DEBUG org.hibernate.HQL_FUNCTIONS - abs(NUMERIC arg)
20:48:54.168 [main] DEBUG org.hibernate.HQL_FUNCTIONS - Double acos(NUMERIC arg)
20:48:54.168 [main] DEBUG org.hibernate.HQL_FUNCTIONS - add_months(DATE datetime, INTEGER months)
20:48:54.168 [main] DEBUG org.hibernate.HQL_FUNCTIONS - Boolean any(BOOLEAN arg)
20:48:54.169 [main] DEBUG org.hibernate.HQL_FUNCTIONS - array( ... )
20:48:54.169 [main] DEBUG org.hibernate.HQL_FUNCTIONS - array_agg(arg)
20:48:54.169 [main] DEBUG org.hibernate.HQL_FUNCTIONS - array_append( ... )
20:48:54.169 [main] DEBUG org.hibernate.HQL_FUNCTIONS - array_concat( ... )
20:48:54.169 [main] DEBUG org.hibernate.HQL_FUNCTIONS - Boolean array_contains(ARRAY haystackArray, OBJECT needleElementOrArray)
20:48:54.169 [main] DEBUG org.hibernate.HQL_FUNCTIONS - Boolean array_contains_nullable(ARRAY haystackArray, OBJECT needleElementOrArray)
20:48:54.169 [main] DEBUG org.hibernate.HQL_FUNCTIONS - array_fill(OBJECT element, INTEGER elementCount)
20:48:54.169 [main] DEBUG org.hibernate.HQL_FUNCTIONS - array_fill_list(OBJECT element, INTEGER elementCount)
20:48:54.169 [main] DEBUG org.hibernate.HQL_FUNCTIONS - array_get( ... )
20:48:54.169 [main] DEBUG org.hibernate.HQL_FUNCTIONS - Boolean array_includes(ARRAY haystackArray, OBJECT needleArray)
20:48:54.169 [main] DEBUG org.hibernate.HQL_FUNCTIONS - Boolean array_includes_nullable(ARRAY haystackArray, OBJECT needleArray)
20:48:54.169 [main] DEBUG org.hibernate.HQL_FUNCTIONS - Boolean array_intersects(ARRAY array0, OBJECT array1)
20:48:54.169 [main] DEBUG org.hibernate.HQL_FUNCTIONS - Boolean array_intersects_nullable(ARRAY array0, OBJECT array1)
20:48:54.169 [main] DEBUG org.hibernate.HQL_FUNCTIONS - Integer array_length(ARRAY array)
20:48:54.169 [main] DEBUG org.hibernate.HQL_FUNCTIONS - array_list( ... )
20:48:54.169 [main] DEBUG org.hibernate.HQL_FUNCTIONS - Boolean array_overlaps(ARRAY array0, OBJECT array1)
20:48:54.169 [main] DEBUG org.hibernate.HQL_FUNCTIONS - Boolean array_overlaps_nullable(ARRAY array0, OBJECT array1)
20:48:54.169 [main] DEBUG org.hibernate.HQL_FUNCTIONS - Integer array_position(ARRAY array, OBJECT element[, INTEGER startPosition])
20:48:54.169 [main] DEBUG org.hibernate.HQL_FUNCTIONS - int[] array_positions(ARRAY array, OBJECT element)
20:48:54.169 [main] DEBUG org.hibernate.HQL_FUNCTIONS - List array_positions_list(ARRAY array, OBJECT element)
20:48:54.169 [main] DEBUG org.hibernate.HQL_FUNCTIONS - array_prepend( ... )
20:48:54.169 [main] DEBUG org.hibernate.HQL_FUNCTIONS - array_remove( ... )
20:48:54.169 [main] DEBUG org.hibernate.HQL_FUNCTIONS - array_remove_index( ... )
20:48:54.169 [main] DEBUG org.hibernate.HQL_FUNCTIONS - array_replace( ... )
20:48:54.169 [main] DEBUG org.hibernate.HQL_FUNCTIONS - array_set( ... )
20:48:54.169 [main] DEBUG org.hibernate.HQL_FUNCTIONS - array_slice( ... )
20:48:54.169 [main] DEBUG org.hibernate.HQL_FUNCTIONS - String array_to_string( ... )
20:48:54.169 [main] DEBUG org.hibernate.HQL_FUNCTIONS - array_trim( ... )
20:48:54.169 [main] DEBUG org.hibernate.HQL_FUNCTIONS - Integer ascii(STRING arg)
20:48:54.169 [main] DEBUG org.hibernate.HQL_FUNCTIONS - Double asin(NUMERIC arg)
20:48:54.169 [main] DEBUG org.hibernate.HQL_FUNCTIONS - Double atan(NUMERIC arg)
20:48:54.169 [main] DEBUG org.hibernate.HQL_FUNCTIONS - Double atan2(NUMERIC arg0, NUMERIC arg1)
20:48:54.169 [main] DEBUG org.hibernate.HQL_FUNCTIONS - avg(arg)
20:48:54.170 [main] DEBUG org.hibernate.HQL_FUNCTIONS - Integer bit_length(STRING_OR_CLOB arg)
20:48:54.170 [main] DEBUG org.hibernate.HQL_FUNCTIONS - bitand(arg0, arg1)
20:48:54.170 [main] DEBUG org.hibernate.HQL_FUNCTIONS - bitor(arg0, arg1)
20:48:54.170 [main] DEBUG org.hibernate.HQL_FUNCTIONS - bitxor(arg0, arg1)
20:48:54.170 [main] DEBUG org.hibernate.HQL_FUNCTIONS - cast(arg as Type)
20:48:54.170 [main] DEBUG org.hibernate.HQL_FUNCTIONS - ceil(NUMERIC arg)
20:48:54.170 [main] DEBUG org.hibernate.HQL_FUNCTIONS - ceiling(NUMERIC arg)
20:48:54.170 [main] DEBUG org.hibernate.HQL_FUNCTIONS - Character char(INTEGER arg)
20:48:54.170 [main] DEBUG org.hibernate.HQL_FUNCTIONS - Integer character_length(STRING_OR_CLOB arg)
20:48:54.170 [main] DEBUG org.hibernate.HQL_FUNCTIONS - Character chr(INTEGER arg)
20:48:54.170 [main] DEBUG org.hibernate.HQL_FUNCTIONS - coalesce(arg0[, arg1[, ...]])
20:48:54.170 [main] DEBUG org.hibernate.HQL_FUNCTIONS - String collate(STRING string as COLLATION collation)
20:48:54.170 [main] DEBUG org.hibernate.HQL_FUNCTIONS - String concat(STRING string0[, STRING string1[, ...]])
20:48:54.170 [main] DEBUG org.hibernate.HQL_FUNCTIONS - Double corr(NUMERIC arg0, NUMERIC arg1)
20:48:54.170 [main] DEBUG org.hibernate.HQL_FUNCTIONS - Double cos(NUMERIC arg)
20:48:54.170 [main] DEBUG org.hibernate.HQL_FUNCTIONS - Double cosh(NUMERIC arg)
20:48:54.170 [main] DEBUG org.hibernate.HQL_FUNCTIONS - Long count([distinct ]{arg|*})
20:48:54.170 [main] DEBUG org.hibernate.HQL_FUNCTIONS - Double covar_pop(NUMERIC arg0, NUMERIC arg1)
20:48:54.170 [main] DEBUG org.hibernate.HQL_FUNCTIONS - Double covar_samp(NUMERIC arg0, NUMERIC arg1)
20:48:54.170 [main] DEBUG org.hibernate.HQL_FUNCTIONS - Double cume_dist([arg0[, ...]])
20:48:54.170 [main] DEBUG org.hibernate.HQL_FUNCTIONS - Date current date
20:48:54.170 [main] DEBUG org.hibernate.HQL_FUNCTIONS - Time current time
20:48:54.170 [main] DEBUG org.hibernate.HQL_FUNCTIONS - Timestamp current timestamp
20:48:54.170 [main] DEBUG org.hibernate.HQL_FUNCTIONS - Date current_date
20:48:54.170 [main] DEBUG org.hibernate.HQL_FUNCTIONS - Instant current_instant
20:48:54.170 [main] DEBUG org.hibernate.HQL_FUNCTIONS - Time current_time
20:48:54.170 [main] DEBUG org.hibernate.HQL_FUNCTIONS - Timestamp current_timestamp
20:48:54.170 [main] DEBUG org.hibernate.HQL_FUNCTIONS - dateadd(TEMPORAL_UNIT field, INTEGER magnitude, TEMPORAL datetime)
20:48:54.171 [main] DEBUG org.hibernate.HQL_FUNCTIONS - Long|Double datediff(TEMPORAL_UNIT field, TEMPORAL start, TEMPORAL end)
20:48:54.171 [main] DEBUG org.hibernate.HQL_FUNCTIONS - Double degrees(NUMERIC arg)
20:48:54.171 [main] DEBUG org.hibernate.HQL_FUNCTIONS - Long dense_rank([arg0[, ...]])
20:48:54.171 [main] DEBUG org.hibernate.HQL_FUNCTIONS - Boolean every(BOOLEAN arg)
20:48:54.171 [main] DEBUG org.hibernate.HQL_FUNCTIONS - Double exp(NUMERIC arg)
20:48:54.171 [main] DEBUG org.hibernate.HQL_FUNCTIONS - extract(TEMPORAL_UNIT field from TEMPORAL arg)
20:48:54.171 [main] DEBUG org.hibernate.HQL_FUNCTIONS - first_valueANY value
20:48:54.171 [main] DEBUG org.hibernate.HQL_FUNCTIONS - floor(NUMERIC arg)
20:48:54.171 [main] DEBUG org.hibernate.HQL_FUNCTIONS - String format(TEMPORAL datetime as STRING pattern)
20:48:54.171 [main] DEBUG org.hibernate.HQL_FUNCTIONS - greatest(COMPARABLE arg0, COMPARABLE arg1[, arg2[, ...]])
20:48:54.171 [main] DEBUG org.hibernate.HQL_FUNCTIONS - ifnull(arg0, arg1)
20:48:54.171 [main] DEBUG org.hibernate.HQL_FUNCTIONS - String initcap(arg)
20:48:54.171 [main] DEBUG org.hibernate.HQL_FUNCTIONS - Instant instant
20:48:54.171 [main] DEBUG org.hibernate.HQL_FUNCTIONS - Integer instr(STRING string, STRING pattern[, INTEGER start[, INTEGER occurrence]])
20:48:54.171 [main] DEBUG org.hibernate.HQL_FUNCTIONS - lagANY value[, INTEGER offset[, ANY default]]
20:48:54.171 [main] DEBUG org.hibernate.HQL_FUNCTIONS - Date last_day(DATE arg)
20:48:54.171 [main] DEBUG org.hibernate.HQL_FUNCTIONS - last_valueANY value
20:48:54.171 [main] DEBUG org.hibernate.HQL_FUNCTIONS - leadANY value[, INTEGER offset[, ANY default]]
20:48:54.171 [main] DEBUG org.hibernate.HQL_FUNCTIONS - least(COMPARABLE arg0, COMPARABLE arg1[, arg2[, ...]])
20:48:54.171 [main] DEBUG org.hibernate.HQL_FUNCTIONS - String left(STRING string, INTEGER length)
20:48:54.171 [main] DEBUG org.hibernate.HQL_FUNCTIONS - length
20:48:54.171 [main] DEBUG org.hibernate.HQL_FUNCTIONS - String listagg(STRING arg0, STRING arg1)
20:48:54.171 [main] DEBUG org.hibernate.HQL_FUNCTIONS - Double ln(NUMERIC arg)
20:48:54.171 [main] DEBUG org.hibernate.HQL_FUNCTIONS - LocalDate local date
20:48:54.171 [main] DEBUG org.hibernate.HQL_FUNCTIONS - LocalDateTime local datetime
20:48:54.171 [main] DEBUG org.hibernate.HQL_FUNCTIONS - LocalTime local time
20:48:54.171 [main] DEBUG org.hibernate.HQL_FUNCTIONS - LocalDate local_date
20:48:54.171 [main] DEBUG org.hibernate.HQL_FUNCTIONS - LocalDateTime local_datetime
20:48:54.171 [main] DEBUG org.hibernate.HQL_FUNCTIONS - LocalTime local_time
20:48:54.171 [main] DEBUG org.hibernate.HQL_FUNCTIONS - Integer locate(pattern, string[, start])
20:48:54.171 [main] DEBUG org.hibernate.HQL_FUNCTIONS - Double log(NUMERIC arg0[, NUMERIC arg1])
20:48:54.171 [main] DEBUG org.hibernate.HQL_FUNCTIONS - Double log10(NUMERIC arg)
20:48:54.171 [main] DEBUG org.hibernate.HQL_FUNCTIONS - String lower(STRING string)
20:48:54.171 [main] DEBUG org.hibernate.HQL_FUNCTIONS - String lpad(STRING string, INTEGER length[, STRING padding])
20:48:54.171 [main] DEBUG org.hibernate.HQL_FUNCTIONS - String ltrim(STRING string[, STRING characters])
20:48:54.171 [main] DEBUG org.hibernate.HQL_FUNCTIONS - max(COMPARABLE arg)
20:48:54.171 [main] DEBUG org.hibernate.HQL_FUNCTIONS - Double median(NUMERIC arg)
20:48:54.171 [main] DEBUG org.hibernate.HQL_FUNCTIONS - min(COMPARABLE arg)
20:48:54.171 [main] DEBUG org.hibernate.HQL_FUNCTIONS - Integer mod(INTEGER arg0, INTEGER arg1)
20:48:54.171 [main] DEBUG org.hibernate.HQL_FUNCTIONS - mode()
20:48:54.171 [main] DEBUG org.hibernate.HQL_FUNCTIONS - Integer months_between(DATE end, DATE start)
20:48:54.171 [main] DEBUG org.hibernate.HQL_FUNCTIONS - nth_valueANY value, INTEGER nth
20:48:54.171 [main] DEBUG org.hibernate.HQL_FUNCTIONS - nullif(arg0, arg1)
20:48:54.171 [main] DEBUG org.hibernate.HQL_FUNCTIONS - Integer octet_length(STRING_OR_CLOB arg)
20:48:54.171 [main] DEBUG org.hibernate.HQL_FUNCTIONS - OffsetDateTime offset datetime
20:48:54.171 [main] DEBUG org.hibernate.HQL_FUNCTIONS - OffsetDateTime offset_datetime
20:48:54.171 [main] DEBUG org.hibernate.HQL_FUNCTIONS - String overlay(STRING string placing STRING replacement from INTEGER start[ for INTEGER length])
20:48:54.171 [main] DEBUG org.hibernate.HQL_FUNCTIONS - String pad(STRING string with INTEGER length {leading|trailing}[ STRING character])
20:48:54.171 [main] DEBUG org.hibernate.HQL_FUNCTIONS - Double percent_rank([arg0[, ...]])
20:48:54.171 [main] DEBUG org.hibernate.HQL_FUNCTIONS - percentile_cont(NUMERIC arg)
20:48:54.171 [main] DEBUG org.hibernate.HQL_FUNCTIONS - percentile_disc(NUMERIC arg)
20:48:54.171 [main] DEBUG org.hibernate.HQL_FUNCTIONS - Double pi
20:48:54.171 [main] DEBUG org.hibernate.HQL_FUNCTIONS - Integer position(STRING pattern in STRING string)
20:48:54.171 [main] DEBUG org.hibernate.HQL_FUNCTIONS - Double power(NUMERIC arg0, NUMERIC arg1)
20:48:54.171 [main] DEBUG org.hibernate.HQL_FUNCTIONS - Double radians(NUMERIC arg)
20:48:54.171 [main] DEBUG org.hibernate.HQL_FUNCTIONS - Long rank([arg0[, ...]])
20:48:54.171 [main] DEBUG org.hibernate.HQL_FUNCTIONS - Double regr_avgx(NUMERIC arg0, NUMERIC arg1)
20:48:54.171 [main] DEBUG org.hibernate.HQL_FUNCTIONS - Double regr_avgy(NUMERIC arg0, NUMERIC arg1)
20:48:54.172 [main] DEBUG org.hibernate.HQL_FUNCTIONS - Double regr_count(NUMERIC arg0, NUMERIC arg1)
20:48:54.172 [main] DEBUG org.hibernate.HQL_FUNCTIONS - Double regr_intercept(NUMERIC arg0, NUMERIC arg1)
20:48:54.172 [main] DEBUG org.hibernate.HQL_FUNCTIONS - Double regr_r2(NUMERIC arg0, NUMERIC arg1)
20:48:54.172 [main] DEBUG org.hibernate.HQL_FUNCTIONS - Double regr_slope(NUMERIC arg0, NUMERIC arg1)
20:48:54.172 [main] DEBUG org.hibernate.HQL_FUNCTIONS - Double regr_sxx(NUMERIC arg0, NUMERIC arg1)
20:48:54.172 [main] DEBUG org.hibernate.HQL_FUNCTIONS - Double regr_sxy(NUMERIC arg0, NUMERIC arg1)
20:48:54.172 [main] DEBUG org.hibernate.HQL_FUNCTIONS - Double regr_syy(NUMERIC arg0, NUMERIC arg1)
20:48:54.172 [main] DEBUG org.hibernate.HQL_FUNCTIONS - String repeat(STRING string, INTEGER times)
20:48:54.172 [main] DEBUG org.hibernate.HQL_FUNCTIONS - String replace(STRING string, STRING pattern, STRING replacement)
20:48:54.172 [main] DEBUG org.hibernate.HQL_FUNCTIONS - String right(STRING string, INTEGER length)
20:48:54.172 [main] DEBUG org.hibernate.HQL_FUNCTIONS - round(NUMERIC number[, INTEGER places])
20:48:54.172 [main] DEBUG org.hibernate.HQL_FUNCTIONS - Long row_number()
20:48:54.172 [main] DEBUG org.hibernate.HQL_FUNCTIONS - Long rowid
20:48:54.172 [main] DEBUG org.hibernate.HQL_FUNCTIONS - Long rownum
20:48:54.172 [main] DEBUG org.hibernate.HQL_FUNCTIONS - String rpad(STRING string, INTEGER length[, STRING padding])
20:48:54.172 [main] DEBUG org.hibernate.HQL_FUNCTIONS - String rtrim(STRING string[, STRING characters])
20:48:54.172 [main] DEBUG org.hibernate.HQL_FUNCTIONS - Integer sign(NUMERIC arg)
20:48:54.172 [main] DEBUG org.hibernate.HQL_FUNCTIONS - Double sin(NUMERIC arg)
20:48:54.172 [main] DEBUG org.hibernate.HQL_FUNCTIONS - Double sinh(NUMERIC arg)
20:48:54.172 [main] DEBUG org.hibernate.HQL_FUNCTIONS - String soundex(arg)
20:48:54.172 [main] DEBUG org.hibernate.HQL_FUNCTIONS - Object sql
20:48:54.172 [main] DEBUG org.hibernate.HQL_FUNCTIONS - Double sqrt(NUMERIC arg)
20:48:54.172 [main] DEBUG org.hibernate.HQL_FUNCTIONS - Double stddev(NUMERIC arg)
20:48:54.172 [main] DEBUG org.hibernate.HQL_FUNCTIONS - Double stddev_pop(NUMERIC arg)
20:48:54.172 [main] DEBUG org.hibernate.HQL_FUNCTIONS - Double stddev_samp(NUMERIC arg)
20:48:54.172 [main] DEBUG org.hibernate.HQL_FUNCTIONS - String str(arg)
20:48:54.172 [main] DEBUG org.hibernate.HQL_FUNCTIONS - String substr(STRING string, INTEGER start[, INTEGER length])
20:48:54.172 [main] DEBUG org.hibernate.HQL_FUNCTIONS - String substring(STRING string{ from|,} INTEGER start[{ for|,} INTEGER length])
20:48:54.172 [main] DEBUG org.hibernate.HQL_FUNCTIONS - sum(arg)
20:48:54.172 [main] DEBUG org.hibernate.HQL_FUNCTIONS - Timestamp sysdate
20:48:54.172 [main] DEBUG org.hibernate.HQL_FUNCTIONS - Timestamp systimestamp
20:48:54.172 [main] DEBUG org.hibernate.HQL_FUNCTIONS - Double tan(NUMERIC arg)
20:48:54.172 [main] DEBUG org.hibernate.HQL_FUNCTIONS - Double tanh(NUMERIC arg)
20:48:54.172 [main] DEBUG org.hibernate.HQL_FUNCTIONS - timestampadd(TEMPORAL_UNIT field, INTEGER magnitude, TEMPORAL datetime)
20:48:54.172 [main] DEBUG org.hibernate.HQL_FUNCTIONS - Long|Double timestampdiff(TEMPORAL_UNIT field, TEMPORAL start, TEMPORAL end)
20:48:54.172 [main] DEBUG org.hibernate.HQL_FUNCTIONS - String to_char(ANY arg0[, STRING arg1, STRING arg2])
20:48:54.172 [main] DEBUG org.hibernate.HQL_FUNCTIONS - Date to_date(STRING arg0[, STRING arg1, STRING arg2])
20:48:54.172 [main] DEBUG org.hibernate.HQL_FUNCTIONS - Double to_number(STRING arg0[, STRING arg1, STRING arg2])
20:48:54.172 [main] DEBUG org.hibernate.HQL_FUNCTIONS - Timestamp to_timestamp(STRING arg0[, STRING arg1, STRING arg2])
20:48:54.172 [main] DEBUG org.hibernate.HQL_FUNCTIONS - String translate(STRING arg0, STRING arg1, STRING arg2)
20:48:54.172 [main] DEBUG org.hibernate.HQL_FUNCTIONS - String trim([[{leading|trailing|both} ][STRING arg0 ]from] STRING arg1)
20:48:54.172 [main] DEBUG org.hibernate.HQL_FUNCTIONS - trunc( ... )
20:48:54.172 [main] DEBUG org.hibernate.HQL_FUNCTIONS - truncate( ... )
20:48:54.172 [main] DEBUG org.hibernate.HQL_FUNCTIONS - String upper(STRING string)
20:48:54.172 [main] DEBUG org.hibernate.HQL_FUNCTIONS - Double var_pop(NUMERIC arg)
20:48:54.172 [main] DEBUG org.hibernate.HQL_FUNCTIONS - Double var_samp(NUMERIC arg)
20:48:54.172 [main] DEBUG org.hibernate.HQL_FUNCTIONS - Double variance(NUMERIC arg)
20:48:54.175 [main] DEBUG org.hibernate.orm.query.plan.cache - Starting QueryInterpretationCache(2048)
20:48:54.215 [main] DEBUG org.hibernate.service.internal.SessionFactoryServiceRegistryImpl - EventListenerRegistry access via ServiceRegistry is deprecated.  Use `sessionFactory.getEventEngine().getListenerRegistry()` instead
20:48:54.215 [main] DEBUG org.hibernate.event.internal.EntityCopyObserverFactoryInitiator - Configured EntityCopyObserver strategy: disallow
20:48:54.224 [main] DEBUG org.hibernate.orm.model.mapping.creation - Starting post-init callbacks
20:48:54.230 [main] DEBUG org.hibernate.engine.transaction.jta.platform.internal.JtaPlatformInitiator - No JtaPlatform was specified, checking resolver
20:48:54.230 [main] DEBUG org.hibernate.engine.transaction.jta.platform.internal.JtaPlatformResolverInitiator - No JtaPlatformResolver was specified, using default [org.hibernate.engine.transaction.jta.platform.internal.StandardJtaPlatformResolver]
20:48:54.231 [main] DEBUG org.hibernate.engine.transaction.jta.platform.internal.StandardJtaPlatformResolver - Could not resolve JtaPlatform, using default [org.hibernate.engine.transaction.jta.platform.internal.NoJtaPlatform]
20:48:54.231 [main] INFO  org.hibernate.engine.transaction.jta.platform.internal.JtaPlatformInitiator - HHH000489: No JTA platform available (set 'hibernate.transaction.jta.platform' to enable JTA platform integration)
20:48:54.231 [main] DEBUG org.hibernate.type.spi.TypeConfiguration$Scope - Scoping TypeConfiguration [org.hibernate.type.spi.TypeConfiguration@2cc75074] to SessionFactoryImplementor [org.hibernate.internal.SessionFactoryImpl@67328bcb]
20:48:54.232 [main] DEBUG org.hibernate.query.named.NamedObjectRepository - Checking 0 named HQL queries
20:48:54.232 [main] DEBUG org.hibernate.query.named.NamedObjectRepository - Checking 0 named SQL queries
20:48:54.234 [main] DEBUG org.hibernate.tool.schema.spi.SchemaManagementToolCoordinator - No actions found; doing nothing
20:48:54.235 [main] DEBUG org.hibernate.internal.SessionFactoryRegistry - Initializing SessionFactoryRegistry : org.hibernate.internal.SessionFactoryRegistry@615efd1c
20:48:54.235 [main] DEBUG org.hibernate.internal.SessionFactoryRegistry - Registering SessionFactory: d76b0bd7-7ad6-4d14-b8de-5fce478ad613 (<unnamed>)
20:48:54.235 [main] DEBUG org.hibernate.internal.SessionFactoryRegistry - Not binding SessionFactory to JNDI, no JNDI name configured
20:48:54.235 [main] DEBUG org.hibernate.internal.SessionFactoryImpl - Instantiated SessionFactory
20:48:54.253 [main] DEBUG org.hibernate.stat.internal.StatisticsInitiator - Statistics initialized [enabled=false]
16:43:14.352 [main] DEBUG org.jboss.logging - Logging Provider: org.jboss.logging.Slf4jLoggerProvider
16:43:14.358 [main] DEBUG org.hibernate.integrator.internal.IntegratorServiceImpl - Adding Integrator [org.hibernate.boot.beanvalidation.BeanValidationIntegrator].
16:43:14.360 [main] DEBUG org.hibernate.integrator.internal.IntegratorServiceImpl - Adding Integrator [org.hibernate.cache.internal.CollectionCacheInvalidator].
16:43:14.387 [main] INFO  org.hibernate.Version - HHH000412: Hibernate ORM core version 6.6.12.Final
16:43:14.388 [main] DEBUG org.hibernate.cfg.Environment - HHH000206: 'hibernate.properties' not found
16:43:14.418 [main] DEBUG org.hibernate.boot.jaxb.internal.stax.LocalXmlResourceResolver - Checking public/system identifiers `-//Hibernate/Hibernate Configuration DTD 5.3//EN`/`http://hibernate.org/dtd/hibernate-configuration-3.0.dtd` as DTD references
16:43:14.424 [main] DEBUG org.hibernate.boot.cfgxml.internal.JaxbCfgProcessor - cfg.xml document did not define namespaces; wrapping in custom event reader to introduce namespace information
16:43:14.566 [main] DEBUG org.hibernate.cfg.Configuration - Building session factory using internal StandardServiceRegistryBuilder
16:43:14.570 [main] DEBUG org.hibernate.cfg.Configuration - Building session factory using provided StandardServiceRegistry
16:43:14.575 [main] DEBUG org.hibernate.orm.idgen.factory - Ignoring CDI for resolving IdentifierGenerator instances as extended or delayed CDI support was enabled
16:43:14.579 [main] DEBUG org.hibernate.orm.idgen.factory - Registering IdentifierGenerator strategy [uuid2] -> [org.hibernate.id.UUIDGenerator]
16:43:14.579 [main] DEBUG org.hibernate.orm.idgen.factory - Registering IdentifierGenerator strategy [guid] -> [org.hibernate.id.GUIDGenerator]
16:43:14.579 [main] DEBUG org.hibernate.orm.idgen.factory - Registering IdentifierGenerator strategy [uuid] -> [org.hibernate.id.UUIDHexGenerator]
16:43:14.579 [main] DEBUG org.hibernate.orm.idgen.factory - Registering IdentifierGenerator strategy [uuid.hex] -> [org.hibernate.id.UUIDHexGenerator]
16:43:14.580 [main] DEBUG org.hibernate.orm.idgen.factory - Registering IdentifierGenerator strategy [assigned] -> [org.hibernate.id.Assigned]
16:43:14.580 [main] DEBUG org.hibernate.orm.idgen.factory - Registering IdentifierGenerator strategy [identity] -> [org.hibernate.id.IdentityGenerator]
16:43:14.580 [main] DEBUG org.hibernate.orm.idgen.factory - Registering IdentifierGenerator strategy [select] -> [org.hibernate.id.SelectGenerator]
16:43:14.581 [main] DEBUG org.hibernate.orm.idgen.factory - Registering IdentifierGenerator strategy [sequence] -> [org.hibernate.id.enhanced.SequenceStyleGenerator]
16:43:14.581 [main] DEBUG org.hibernate.orm.idgen.factory - Registering IdentifierGenerator strategy [increment] -> [org.hibernate.id.IncrementGenerator]
16:43:14.581 [main] DEBUG org.hibernate.orm.idgen.factory - Registering IdentifierGenerator strategy [foreign] -> [org.hibernate.id.ForeignGenerator]
16:43:14.581 [main] DEBUG org.hibernate.orm.idgen.factory - Registering IdentifierGenerator strategy [enhanced-sequence] -> [org.hibernate.id.enhanced.SequenceStyleGenerator]
16:43:14.582 [main] DEBUG org.hibernate.orm.idgen.factory - Registering IdentifierGenerator strategy [enhanced-table] -> [org.hibernate.id.enhanced.TableGenerator]
16:43:14.587 [main] DEBUG org.hibernate.cache.internal.RegionFactoryInitiator - Cannot default RegionFactory based on registered strategies as `[]` RegionFactory strategies were registered
16:43:14.587 [main] INFO  org.hibernate.cache.internal.RegionFactoryInitiator - HHH000026: Second-level cache disabled
16:43:14.659 [main] DEBUG org.hibernate.type.BasicTypeRegistry - Adding type registration boolean -> org.hibernate.type.BasicTypeReference@67ab1c47
16:43:14.659 [main] DEBUG org.hibernate.type.BasicTypeRegistry - Adding type registration boolean -> org.hibernate.type.BasicTypeReference@67ab1c47
16:43:14.659 [main] DEBUG org.hibernate.type.BasicTypeRegistry - Adding type registration java.lang.Boolean -> org.hibernate.type.BasicTypeReference@67ab1c47
16:43:14.659 [main] DEBUG org.hibernate.type.BasicTypeRegistry - Adding type registration numeric_boolean -> org.hibernate.type.BasicTypeReference@b78a709
16:43:14.659 [main] DEBUG org.hibernate.type.BasicTypeRegistry - Adding type registration org.hibernate.type.NumericBooleanConverter -> org.hibernate.type.BasicTypeReference@b78a709
16:43:14.659 [main] DEBUG org.hibernate.type.BasicTypeRegistry - Adding type registration true_false -> org.hibernate.type.BasicTypeReference@30bcf3c1
16:43:14.659 [main] DEBUG org.hibernate.type.BasicTypeRegistry - Adding type registration org.hibernate.type.TrueFalseConverter -> org.hibernate.type.BasicTypeReference@30bcf3c1
16:43:14.659 [main] DEBUG org.hibernate.type.BasicTypeRegistry - Adding type registration yes_no -> org.hibernate.type.BasicTypeReference@2a3c96e3
16:43:14.659 [main] DEBUG org.hibernate.type.BasicTypeRegistry - Adding type registration org.hibernate.type.YesNoConverter -> org.hibernate.type.BasicTypeReference@2a3c96e3
16:43:14.659 [main] DEBUG org.hibernate.type.BasicTypeRegistry - Adding type registration byte -> org.hibernate.type.BasicTypeReference@15cafec7
16:43:14.659 [main] DEBUG org.hibernate.type.BasicTypeRegistry - Adding type registration byte -> org.hibernate.type.BasicTypeReference@15cafec7
16:43:14.659 [main] DEBUG org.hibernate.type.BasicTypeRegistry - Adding type registration java.lang.Byte -> org.hibernate.type.BasicTypeReference@15cafec7
16:43:14.659 [main] DEBUG org.hibernate.type.BasicTypeRegistry - Adding type registration binary -> org.hibernate.type.BasicTypeReference@5b444398
16:43:14.659 [main] DEBUG org.hibernate.type.BasicTypeRegistry - Adding type registration byte[] -> org.hibernate.type.BasicTypeReference@5b444398
16:43:14.660 [main] DEBUG org.hibernate.type.BasicTypeRegistry - Adding type registration [B -> org.hibernate.type.BasicTypeReference@5b444398
16:43:14.660 [main] DEBUG org.hibernate.type.BasicTypeRegistry - Adding type registration binary_wrapper -> org.hibernate.type.BasicTypeReference@cb191ca
16:43:14.660 [main] DEBUG org.hibernate.type.BasicTypeRegistry - Adding type registration wrapper-binary -> org.hibernate.type.BasicTypeReference@cb191ca
16:43:14.660 [main] DEBUG org.hibernate.type.BasicTypeRegistry - Adding type registration image -> org.hibernate.type.BasicTypeReference@42f48531
16:43:14.660 [main] DEBUG org.hibernate.type.BasicTypeRegistry - Adding type registration blob -> org.hibernate.type.BasicTypeReference@a776e
16:43:14.660 [main] DEBUG org.hibernate.type.BasicTypeRegistry - Adding type registration java.sql.Blob -> org.hibernate.type.BasicTypeReference@a776e
16:43:14.660 [main] DEBUG org.hibernate.type.BasicTypeRegistry - Adding type registration materialized_blob -> org.hibernate.type.BasicTypeReference@792bbc74
16:43:14.660 [main] DEBUG org.hibernate.type.BasicTypeRegistry - Adding type registration materialized_blob_wrapper -> org.hibernate.type.BasicTypeReference@79145d5a
16:43:14.660 [main] DEBUG org.hibernate.type.BasicTypeRegistry - Adding type registration short -> org.hibernate.type.BasicTypeReference@1f2f9244
16:43:14.660 [main] DEBUG org.hibernate.type.BasicTypeRegistry - Adding type registration short -> org.hibernate.type.BasicTypeReference@1f2f9244
16:43:14.660 [main] DEBUG org.hibernate.type.BasicTypeRegistry - Adding type registration java.lang.Short -> org.hibernate.type.BasicTypeReference@1f2f9244
16:43:14.660 [main] DEBUG org.hibernate.type.BasicTypeRegistry - Adding type registration integer -> org.hibernate.type.BasicTypeReference@4c4d27c8
16:43:14.660 [main] DEBUG org.hibernate.type.BasicTypeRegistry - Adding type registration int -> org.hibernate.type.BasicTypeReference@4c4d27c8
16:43:14.661 [main] DEBUG org.hibernate.type.BasicTypeRegistry - Adding type registration java.lang.Integer -> org.hibernate.type.BasicTypeReference@4c4d27c8
16:43:14.661 [main] DEBUG org.hibernate.type.BasicTypeRegistry - Adding type registration long -> org.hibernate.type.BasicTypeReference@6821ea29
16:43:14.661 [main] DEBUG org.hibernate.type.BasicTypeRegistry - Adding type registration long -> org.hibernate.type.BasicTypeReference@6821ea29
16:43:14.661 [main] DEBUG org.hibernate.type.BasicTypeRegistry - Adding type registration java.lang.Long -> org.hibernate.type.BasicTypeReference@6821ea29
16:43:14.661 [main] DEBUG org.hibernate.type.BasicTypeRegistry - Adding type registration float -> org.hibernate.type.BasicTypeReference@338494fa
16:43:14.661 [main] DEBUG org.hibernate.type.BasicTypeRegistry - Adding type registration float -> org.hibernate.type.BasicTypeReference@338494fa
16:43:14.661 [main] DEBUG org.hibernate.type.BasicTypeRegistry - Adding type registration java.lang.Float -> org.hibernate.type.BasicTypeReference@338494fa
16:43:14.661 [main] DEBUG org.hibernate.type.BasicTypeRegistry - Adding type registration double -> org.hibernate.type.BasicTypeReference@505a9d7c
16:43:14.661 [main] DEBUG org.hibernate.type.BasicTypeRegistry - Adding type registration double -> org.hibernate.type.BasicTypeReference@505a9d7c
16:43:14.661 [main] DEBUG org.hibernate.type.BasicTypeRegistry - Adding type registration java.lang.Double -> org.hibernate.type.BasicTypeReference@505a9d7c
16:43:14.661 [main] DEBUG org.hibernate.type.BasicTypeRegistry - Adding type registration big_integer -> org.hibernate.type.BasicTypeReference@758c83d8
16:43:14.661 [main] DEBUG org.hibernate.type.BasicTypeRegistry - Adding type registration java.math.BigInteger -> org.hibernate.type.BasicTypeReference@758c83d8
16:43:14.661 [main] DEBUG org.hibernate.type.BasicTypeRegistry - Adding type registration big_decimal -> org.hibernate.type.BasicTypeReference@129b4fe2
16:43:14.661 [main] DEBUG org.hibernate.type.BasicTypeRegistry - Adding type registration java.math.BigDecimal -> org.hibernate.type.BasicTypeReference@129b4fe2
16:43:14.661 [main] DEBUG org.hibernate.type.BasicTypeRegistry - Adding type registration character -> org.hibernate.type.BasicTypeReference@5af3a0f
16:43:14.661 [main] DEBUG org.hibernate.type.BasicTypeRegistry - Adding type registration char -> org.hibernate.type.BasicTypeReference@5af3a0f
16:43:14.661 [main] DEBUG org.hibernate.type.BasicTypeRegistry - Adding type registration java.lang.Character -> org.hibernate.type.BasicTypeReference@5af3a0f
16:43:14.661 [main] DEBUG org.hibernate.type.BasicTypeRegistry - Adding type registration character_nchar -> org.hibernate.type.BasicTypeReference@19ae6bb
16:43:14.663 [main] DEBUG org.hibernate.type.BasicTypeRegistry - Adding type registration string -> org.hibernate.type.BasicTypeReference@10993713
16:43:14.663 [main] DEBUG org.hibernate.type.BasicTypeRegistry - Adding type registration java.lang.String -> org.hibernate.type.BasicTypeReference@10993713
16:43:14.663 [main] DEBUG org.hibernate.type.BasicTypeRegistry - Adding type registration nstring -> org.hibernate.type.BasicTypeReference@58359ebd
16:43:14.663 [main] DEBUG org.hibernate.type.BasicTypeRegistry - Adding type registration characters -> org.hibernate.type.BasicTypeReference@24b6b8f6
16:43:14.663 [main] DEBUG org.hibernate.type.BasicTypeRegistry - Adding type registration char[] -> org.hibernate.type.BasicTypeReference@24b6b8f6
16:43:14.663 [main] DEBUG org.hibernate.type.BasicTypeRegistry - Adding type registration [C -> org.hibernate.type.BasicTypeReference@24b6b8f6
16:43:14.663 [main] DEBUG org.hibernate.type.BasicTypeRegistry - Adding type registration wrapper-characters -> org.hibernate.type.BasicTypeReference@72cf2de5
16:43:14.663 [main] DEBUG org.hibernate.type.BasicTypeRegistry - Adding type registration text -> org.hibernate.type.BasicTypeReference@2bb7bd00
16:43:14.663 [main] DEBUG org.hibernate.type.BasicTypeRegistry - Adding type registration ntext -> org.hibernate.type.BasicTypeReference@5f031ebd
16:43:14.663 [main] DEBUG org.hibernate.type.BasicTypeRegistry - Adding type registration clob -> org.hibernate.type.BasicTypeReference@4ee37ca3
16:43:14.663 [main] DEBUG org.hibernate.type.BasicTypeRegistry - Adding type registration java.sql.Clob -> org.hibernate.type.BasicTypeReference@4ee37ca3
16:43:14.663 [main] DEBUG org.hibernate.type.BasicTypeRegistry - Adding type registration nclob -> org.hibernate.type.BasicTypeReference@45c8d09f
16:43:14.663 [main] DEBUG org.hibernate.type.BasicTypeRegistry - Adding type registration java.sql.NClob -> org.hibernate.type.BasicTypeReference@45c8d09f
16:43:14.663 [main] DEBUG org.hibernate.type.BasicTypeRegistry - Adding type registration materialized_clob -> org.hibernate.type.BasicTypeReference@53812a9b
16:43:14.664 [main] DEBUG org.hibernate.type.BasicTypeRegistry - Adding type registration materialized_clob_char_array -> org.hibernate.type.BasicTypeReference@14b030a0
16:43:14.664 [main] DEBUG org.hibernate.type.BasicTypeRegistry - Adding type registration materialized_clob_character_array -> org.hibernate.type.BasicTypeReference@41e350f1
16:43:14.664 [main] DEBUG org.hibernate.type.BasicTypeRegistry - Adding type registration materialized_nclob -> org.hibernate.type.BasicTypeReference@422c3c7a
16:43:14.664 [main] DEBUG org.hibernate.type.BasicTypeRegistry - Adding type registration materialized_nclob_character_array -> org.hibernate.type.BasicTypeReference@18230356
16:43:14.664 [main] DEBUG org.hibernate.type.BasicTypeRegistry - Adding type registration materialized_nclob_char_array -> org.hibernate.type.BasicTypeReference@d8305c2
16:43:14.664 [main] DEBUG org.hibernate.type.BasicTypeRegistry - Adding type registration Duration -> org.hibernate.type.BasicTypeReference@56bca85b
16:43:14.664 [main] DEBUG org.hibernate.type.BasicTypeRegistry - Adding type registration java.time.Duration -> org.hibernate.type.BasicTypeReference@56bca85b
16:43:14.664 [main] DEBUG org.hibernate.type.BasicTypeRegistry - Adding type registration LocalDateTime -> org.hibernate.type.BasicTypeReference@75d0911a
16:43:14.664 [main] DEBUG org.hibernate.type.BasicTypeRegistry - Adding type registration java.time.LocalDateTime -> org.hibernate.type.BasicTypeReference@75d0911a
16:43:14.664 [main] DEBUG org.hibernate.type.BasicTypeRegistry - Adding type registration LocalDate -> org.hibernate.type.BasicTypeReference@75e91545
16:43:14.664 [main] DEBUG org.hibernate.type.BasicTypeRegistry - Adding type registration java.time.LocalDate -> org.hibernate.type.BasicTypeReference@75e91545
16:43:14.665 [main] DEBUG org.hibernate.type.BasicTypeRegistry - Adding type registration LocalTime -> org.hibernate.type.BasicTypeReference@60d1a32f
16:43:14.665 [main] DEBUG org.hibernate.type.BasicTypeRegistry - Adding type registration java.time.LocalTime -> org.hibernate.type.BasicTypeReference@60d1a32f
16:43:14.665 [main] DEBUG org.hibernate.type.BasicTypeRegistry - Adding type registration OffsetDateTime -> org.hibernate.type.BasicTypeReference@531c311e
16:43:14.665 [main] DEBUG org.hibernate.type.BasicTypeRegistry - Adding type registration java.time.OffsetDateTime -> org.hibernate.type.BasicTypeReference@531c311e
16:43:14.665 [main] DEBUG org.hibernate.type.BasicTypeRegistry - Adding type registration OffsetDateTimeWithTimezone -> org.hibernate.type.BasicTypeReference@22b53226
16:43:14.665 [main] DEBUG org.hibernate.type.BasicTypeRegistry - Adding type registration OffsetDateTimeWithoutTimezone -> org.hibernate.type.BasicTypeReference@1fcb4808
16:43:14.665 [main] DEBUG org.hibernate.type.BasicTypeRegistry - Adding type registration OffsetTime -> org.hibernate.type.BasicTypeReference@726e5805
16:43:14.665 [main] DEBUG org.hibernate.type.BasicTypeRegistry - Adding type registration java.time.OffsetTime -> org.hibernate.type.BasicTypeReference@726e5805
16:43:14.665 [main] DEBUG org.hibernate.type.BasicTypeRegistry - Adding type registration OffsetTimeUtc -> org.hibernate.type.BasicTypeReference@40c80397
16:43:14.665 [main] DEBUG org.hibernate.type.BasicTypeRegistry - Adding type registration OffsetTimeWithTimezone -> org.hibernate.type.BasicTypeReference@4b672daa
16:43:14.665 [main] DEBUG org.hibernate.type.BasicTypeRegistry - Adding type registration OffsetTimeWithoutTimezone -> org.hibernate.type.BasicTypeReference@ea9b7c6
16:43:14.665 [main] DEBUG org.hibernate.type.BasicTypeRegistry - Adding type registration ZonedDateTime -> org.hibernate.type.BasicTypeReference@e077866
16:43:14.665 [main] DEBUG org.hibernate.type.BasicTypeRegistry - Adding type registration java.time.ZonedDateTime -> org.hibernate.type.BasicTypeReference@e077866
16:43:14.665 [main] DEBUG org.hibernate.type.BasicTypeRegistry - Adding type registration ZonedDateTimeWithTimezone -> org.hibernate.type.BasicTypeReference@ed3068a
16:43:14.665 [main] DEBUG org.hibernate.type.BasicTypeRegistry - Adding type registration ZonedDateTimeWithoutTimezone -> org.hibernate.type.BasicTypeReference@7c2b6087
16:43:14.665 [main] DEBUG org.hibernate.type.BasicTypeRegistry - Adding type registration date -> org.hibernate.type.BasicTypeReference@3fffff43
16:43:14.665 [main] DEBUG org.hibernate.type.BasicTypeRegistry - Adding type registration java.sql.Date -> org.hibernate.type.BasicTypeReference@3fffff43
16:43:14.666 [main] DEBUG org.hibernate.type.BasicTypeRegistry - Adding type registration time -> org.hibernate.type.BasicTypeReference@a8e6492
16:43:14.666 [main] DEBUG org.hibernate.type.BasicTypeRegistry - Adding type registration java.sql.Time -> org.hibernate.type.BasicTypeReference@a8e6492
16:43:14.666 [main] DEBUG org.hibernate.type.BasicTypeRegistry - Adding type registration timestamp -> org.hibernate.type.BasicTypeReference@1c7fd41f
16:43:14.666 [main] DEBUG org.hibernate.type.BasicTypeRegistry - Adding type registration java.sql.Timestamp -> org.hibernate.type.BasicTypeReference@1c7fd41f
16:43:14.666 [main] DEBUG org.hibernate.type.BasicTypeRegistry - Adding type registration java.util.Date -> org.hibernate.type.BasicTypeReference@1c7fd41f
16:43:14.666 [main] DEBUG org.hibernate.type.BasicTypeRegistry - Adding type registration calendar -> org.hibernate.type.BasicTypeReference@3b77a04f
16:43:14.666 [main] DEBUG org.hibernate.type.BasicTypeRegistry - Adding type registration java.util.Calendar -> org.hibernate.type.BasicTypeReference@3b77a04f
16:43:14.666 [main] DEBUG org.hibernate.type.BasicTypeRegistry - Adding type registration java.util.GregorianCalendar -> org.hibernate.type.BasicTypeReference@3b77a04f
16:43:14.666 [main] DEBUG org.hibernate.type.BasicTypeRegistry - Adding type registration calendar_date -> org.hibernate.type.BasicTypeReference@7b324585
16:43:14.666 [main] DEBUG org.hibernate.type.BasicTypeRegistry - Adding type registration calendar_time -> org.hibernate.type.BasicTypeReference@2e11485
16:43:14.666 [main] DEBUG org.hibernate.type.BasicTypeRegistry - Adding type registration instant -> org.hibernate.type.BasicTypeReference@60dce7ea
16:43:14.666 [main] DEBUG org.hibernate.type.BasicTypeRegistry - Adding type registration java.time.Instant -> org.hibernate.type.BasicTypeReference@60dce7ea
16:43:14.666 [main] DEBUG org.hibernate.type.BasicTypeRegistry - Adding type registration uuid -> org.hibernate.type.BasicTypeReference@662f5666
16:43:14.666 [main] DEBUG org.hibernate.type.BasicTypeRegistry - Adding type registration java.util.UUID -> org.hibernate.type.BasicTypeReference@662f5666
16:43:14.666 [main] DEBUG org.hibernate.type.BasicTypeRegistry - Adding type registration pg-uuid -> org.hibernate.type.BasicTypeReference@662f5666
16:43:14.666 [main] DEBUG org.hibernate.type.BasicTypeRegistry - Adding type registration uuid-binary -> org.hibernate.type.BasicTypeReference@fd8294b
16:43:14.667 [main] DEBUG org.hibernate.type.BasicTypeRegistry - Adding type registration uuid-char -> org.hibernate.type.BasicTypeReference@5974109
16:43:14.668 [main] DEBUG org.hibernate.type.BasicTypeRegistry - Adding type registration class -> org.hibernate.type.BasicTypeReference@1ef3efa8
16:43:14.668 [main] DEBUG org.hibernate.type.BasicTypeRegistry - Adding type registration java.lang.Class -> org.hibernate.type.BasicTypeReference@1ef3efa8
16:43:14.668 [main] DEBUG org.hibernate.type.BasicTypeRegistry - Adding type registration currency -> org.hibernate.type.BasicTypeReference@502f1f4c
16:43:14.668 [main] DEBUG org.hibernate.type.BasicTypeRegistry - Adding type registration Currency -> org.hibernate.type.BasicTypeReference@502f1f4c
16:43:14.668 [main] DEBUG org.hibernate.type.BasicTypeRegistry - Adding type registration java.util.Currency -> org.hibernate.type.BasicTypeReference@502f1f4c
16:43:14.668 [main] DEBUG org.hibernate.type.BasicTypeRegistry - Adding type registration locale -> org.hibernate.type.BasicTypeReference@6f8f9349
16:43:14.668 [main] DEBUG org.hibernate.type.BasicTypeRegistry - Adding type registration java.util.Locale -> org.hibernate.type.BasicTypeReference@6f8f9349
16:43:14.668 [main] DEBUG org.hibernate.type.BasicTypeRegistry - Adding type registration serializable -> org.hibernate.type.BasicTypeReference@75c9e76b
16:43:14.668 [main] DEBUG org.hibernate.type.BasicTypeRegistry - Adding type registration java.io.Serializable -> org.hibernate.type.BasicTypeReference@75c9e76b
16:43:14.669 [main] DEBUG org.hibernate.type.BasicTypeRegistry - Adding type registration timezone -> org.hibernate.type.BasicTypeReference@7446d8d5
16:43:14.669 [main] DEBUG org.hibernate.type.BasicTypeRegistry - Adding type registration java.util.TimeZone -> org.hibernate.type.BasicTypeReference@7446d8d5
16:43:14.669 [main] DEBUG org.hibernate.type.BasicTypeRegistry - Adding type registration ZoneOffset -> org.hibernate.type.BasicTypeReference@5c3b6c6e
16:43:14.669 [main] DEBUG org.hibernate.type.BasicTypeRegistry - Adding type registration java.time.ZoneOffset -> org.hibernate.type.BasicTypeReference@5c3b6c6e
16:43:14.669 [main] DEBUG org.hibernate.type.BasicTypeRegistry - Adding type registration url -> org.hibernate.type.BasicTypeReference@4fbda97b
16:43:14.669 [main] DEBUG org.hibernate.type.BasicTypeRegistry - Adding type registration java.net.URL -> org.hibernate.type.BasicTypeReference@4fbda97b
16:43:14.669 [main] DEBUG org.hibernate.type.BasicTypeRegistry - Adding type registration vector -> org.hibernate.type.BasicTypeReference@75f5fd58
16:43:14.669 [main] DEBUG org.hibernate.type.BasicTypeRegistry - Adding type registration float_vector -> org.hibernate.type.BasicTypeReference@37b70343
16:43:14.669 [main] DEBUG org.hibernate.type.BasicTypeRegistry - Adding type registration double_vector -> org.hibernate.type.BasicTypeReference@306851c7
16:43:14.669 [main] DEBUG org.hibernate.type.BasicTypeRegistry - Adding type registration byte_vector -> org.hibernate.type.BasicTypeReference@12bcd0c0
16:43:14.669 [main] DEBUG org.hibernate.type.BasicTypeRegistry - Adding type registration row_version -> org.hibernate.type.BasicTypeReference@4879f0f2
16:43:14.672 [main] DEBUG org.hibernate.type.BasicTypeRegistry - Adding type registration object -> org.hibernate.type.JavaObjectType@3918c187
16:43:14.672 [main] DEBUG org.hibernate.type.BasicTypeRegistry - Adding type registration java.lang.Object -> org.hibernate.type.JavaObjectType@3918c187
16:43:14.672 [main] DEBUG org.hibernate.type.BasicTypeRegistry - Adding type registration null -> org.hibernate.type.NullType@242aa8d9
16:43:14.672 [main] DEBUG org.hibernate.type.BasicTypeRegistry - Adding type registration imm_date -> org.hibernate.type.BasicTypeReference@5b11a194
16:43:14.672 [main] DEBUG org.hibernate.type.BasicTypeRegistry - Adding type registration imm_time -> org.hibernate.type.BasicTypeReference@37bd68c3
16:43:14.672 [main] DEBUG org.hibernate.type.BasicTypeRegistry - Adding type registration imm_timestamp -> org.hibernate.type.BasicTypeReference@60f7cc1d
16:43:14.673 [main] DEBUG org.hibernate.type.BasicTypeRegistry - Adding type registration imm_calendar -> org.hibernate.type.BasicTypeReference@11eadcba
16:43:14.673 [main] DEBUG org.hibernate.type.BasicTypeRegistry - Adding type registration imm_calendar_date -> org.hibernate.type.BasicTypeReference@4721d212
16:43:14.673 [main] DEBUG org.hibernate.type.BasicTypeRegistry - Adding type registration imm_calendar_time -> org.hibernate.type.BasicTypeReference@1b065145
16:43:14.673 [main] DEBUG org.hibernate.type.BasicTypeRegistry - Adding type registration imm_binary -> org.hibernate.type.BasicTypeReference@45cff11c
16:43:14.673 [main] DEBUG org.hibernate.type.BasicTypeRegistry - Adding type registration imm_serializable -> org.hibernate.type.BasicTypeReference@207ea13
16:43:14.687 [main] WARN  org.hibernate.orm.connections.pooling - HHH10001002: Using built-in connection pool (not intended for production use)
16:43:14.821 [main] DEBUG org.hibernate.orm.connections.pooling - Initializing Connection pool with 1 Connections
16:43:14.999 [main] WARN  org.hibernate.engine.jdbc.env.internal.JdbcEnvironmentInitiator - HHH000342: Could not obtain connection to query metadata
java.lang.IllegalStateException: Cannot get a connection as the driver manager is not properly initialized
	at org.hibernate.engine.jdbc.connections.internal.DriverManagerConnectionProviderImpl.getConnection(DriverManagerConnectionProviderImpl.java:255)
	at org.hibernate.engine.jdbc.env.internal.JdbcEnvironmentInitiator$ConnectionProviderJdbcConnectionAccess.obtainConnection(JdbcEnvironmentInitiator.java:467)
	at org.hibernate.resource.transaction.backend.jdbc.internal.JdbcIsolationDelegate.delegateWork(JdbcIsolationDelegate.java:61)
	at org.hibernate.engine.jdbc.env.internal.JdbcEnvironmentInitiator.getJdbcEnvironmentUsingJdbcMetadata(JdbcEnvironmentInitiator.java:320)
	at org.hibernate.engine.jdbc.env.internal.JdbcEnvironmentInitiator.initiateService(JdbcEnvironmentInitiator.java:129)
	at org.hibernate.engine.jdbc.env.internal.JdbcEnvironmentInitiator.initiateService(JdbcEnvironmentInitiator.java:81)
	at org.hibernate.boot.registry.internal.StandardServiceRegistryImpl.initiateService(StandardServiceRegistryImpl.java:130)
	at org.hibernate.service.internal.AbstractServiceRegistryImpl.createService(AbstractServiceRegistryImpl.java:263)
	at org.hibernate.service.internal.AbstractServiceRegistryImpl.initializeService(AbstractServiceRegistryImpl.java:238)
	at org.hibernate.service.internal.AbstractServiceRegistryImpl.getService(AbstractServiceRegistryImpl.java:215)
	at org.hibernate.service.ServiceRegistry.requireService(ServiceRegistry.java:68)
	at org.hibernate.engine.jdbc.internal.JdbcServicesImpl.configure(JdbcServicesImpl.java:52)
	at org.hibernate.boot.registry.internal.StandardServiceRegistryImpl.configureService(StandardServiceRegistryImpl.java:136)
	at org.hibernate.service.internal.AbstractServiceRegistryImpl.initializeService(AbstractServiceRegistryImpl.java:247)
	at org.hibernate.service.internal.AbstractServiceRegistryImpl.getService(AbstractServiceRegistryImpl.java:215)
	at org.hibernate.engine.jdbc.connections.internal.BasicConnectionCreator.convertSqlException(BasicConnectionCreator.java:133)
	at org.hibernate.engine.jdbc.connections.internal.DriverConnectionCreator.makeConnection(DriverConnectionCreator.java:43)
	at org.hibernate.engine.jdbc.connections.internal.BasicConnectionCreator.createConnection(BasicConnectionCreator.java:61)
	at org.hibernate.engine.jdbc.connections.internal.DriverManagerConnectionProviderImpl$PooledConnections.addConnections(DriverManagerConnectionProviderImpl.java:507)
	at org.hibernate.engine.jdbc.connections.internal.DriverManagerConnectionProviderImpl$PooledConnections.<init>(DriverManagerConnectionProviderImpl.java:380)
	at org.hibernate.engine.jdbc.connections.internal.DriverManagerConnectionProviderImpl$PooledConnections$Builder.build(DriverManagerConnectionProviderImpl.java:558)
	at org.hibernate.engine.jdbc.connections.internal.DriverManagerConnectionProviderImpl.buildPool(DriverManagerConnectionProviderImpl.java:107)
	at org.hibernate.engine.jdbc.connections.internal.DriverManagerConnectionProviderImpl.configure(DriverManagerConnectionProviderImpl.java:87)
	at org.hibernate.boot.registry.internal.StandardServiceRegistryImpl.configureService(StandardServiceRegistryImpl.java:136)
	at org.hibernate.service.internal.AbstractServiceRegistryImpl.initializeService(AbstractServiceRegistryImpl.java:247)
	at org.hibernate.service.internal.AbstractServiceRegistryImpl.getService(AbstractServiceRegistryImpl.java:215)
	at org.hibernate.service.ServiceRegistry.requireService(ServiceRegistry.java:68)
	at org.hibernate.engine.jdbc.env.internal.JdbcEnvironmentInitiator.buildJdbcConnectionAccess(JdbcEnvironmentInitiator.java:434)
	at org.hibernate.engine.jdbc.env.internal.JdbcEnvironmentInitiator.getJdbcEnvironmentUsingJdbcMetadata(JdbcEnvironmentInitiator.java:305)
	at org.hibernate.engine.jdbc.env.internal.JdbcEnvironmentInitiator.initiateService(JdbcEnvironmentInitiator.java:129)
	at org.hibernate.engine.jdbc.env.internal.JdbcEnvironmentInitiator.initiateService(JdbcEnvironmentInitiator.java:81)
	at org.hibernate.boot.registry.internal.StandardServiceRegistryImpl.initiateService(StandardServiceRegistryImpl.java:130)
	at org.hibernate.service.internal.AbstractServiceRegistryImpl.createService(AbstractServiceRegistryImpl.java:263)
	at org.hibernate.service.internal.AbstractServiceRegistryImpl.initializeService(AbstractServiceRegistryImpl.java:238)
	at org.hibernate.service.internal.AbstractServiceRegistryImpl.getService(AbstractServiceRegistryImpl.java:215)
	at org.hibernate.boot.model.relational.Database.<init>(Database.java:45)
	at org.hibernate.boot.internal.InFlightMetadataCollectorImpl.getDatabase(InFlightMetadataCollectorImpl.java:226)
	at org.hibernate.boot.internal.InFlightMetadataCollectorImpl.<init>(InFlightMetadataCollectorImpl.java:194)
	at org.hibernate.boot.model.process.spi.MetadataBuildingProcess.complete(MetadataBuildingProcess.java:171)
	at org.hibernate.boot.model.process.spi.MetadataBuildingProcess.build(MetadataBuildingProcess.java:129)
	at org.hibernate.boot.internal.MetadataBuilderImpl.build(MetadataBuilderImpl.java:449)
	at org.hibernate.boot.internal.MetadataBuilderImpl.build(MetadataBuilderImpl.java:101)
	at org.hibernate.cfg.Configuration.buildSessionFactory(Configuration.java:949)
	at org.hibernate.cfg.Configuration.buildSessionFactory(Configuration.java:999)
	at hibernate.HibernateMain.main(HibernateMain.java:13)
16:43:15.010 [main] WARN  org.hibernate.orm.deprecation - HHH90000025: OracleDialect does not need to be specified explicitly using 'hibernate.dialect' (remove the property setting and it will be selected by default)
16:43:15.011 [main] DEBUG org.hibernate.orm.dialect - HHH035001: Using dialect: org.hibernate.dialect.OracleDialect, version: 19.0
16:43:15.016 [main] DEBUG org.hibernate.orm.jdbc.lob - HHH10010002: Disabling contextual LOB creation as connection was null
16:43:15.018 [main] INFO  org.hibernate.orm.connections.pooling - HHH10001005: Database info:
	Database JDBC URL [jdbc:oracle:thin:getafe/password@//localhost:1522/XEPDB1]
	Database driver: oracle.jdbc.OracleDriver
	Database version: 19.0
	Autocommit mode: false
	Isolation level: undefined/unknown
	Minimum pool size: 1
	Maximum pool size: 20
16:43:15.019 [main] DEBUG org.hibernate.engine.jdbc.spi.SqlExceptionHelper - Error calling Driver.connect() [ORA-17002: Error de E/S: Se ha anulado una conexión establecida por el software en su equipo host., connect lapse 4 ms., Authentication lapse 0 ms.
https://docs.oracle.com/error-help/db/ora-17002/] [n/a]
java.sql.SQLRecoverableException: ORA-17002: Error de E/S: Se ha anulado una conexión establecida por el software en su equipo host., connect lapse 4 ms., Authentication lapse 0 ms.
https://docs.oracle.com/error-help/db/ora-17002/
	at oracle.jdbc.driver.T4CConnection.handleLogonIOException(T4CConnection.java:1896)
	at oracle.jdbc.driver.T4CConnection.logon(T4CConnection.java:1207)
	at oracle.jdbc.driver.PhysicalConnection.connect(PhysicalConnection.java:1189)
	at oracle.jdbc.driver.T4CDriverExtension.getConnection(T4CDriverExtension.java:106)
	at oracle.jdbc.driver.OracleDriver.connect(OracleDriver.java:887)
	at oracle.jdbc.driver.OracleDriver.connect(OracleDriver.java:694)
	at org.hibernate.engine.jdbc.connections.internal.DriverConnectionCreator.makeConnection(DriverConnectionCreator.java:40)
	at org.hibernate.engine.jdbc.connections.internal.BasicConnectionCreator.createConnection(BasicConnectionCreator.java:61)
	at org.hibernate.engine.jdbc.connections.internal.DriverManagerConnectionProviderImpl$PooledConnections.addConnections(DriverManagerConnectionProviderImpl.java:507)
	at org.hibernate.engine.jdbc.connections.internal.DriverManagerConnectionProviderImpl$PooledConnections.<init>(DriverManagerConnectionProviderImpl.java:380)
	at org.hibernate.engine.jdbc.connections.internal.DriverManagerConnectionProviderImpl$PooledConnections$Builder.build(DriverManagerConnectionProviderImpl.java:558)
	at org.hibernate.engine.jdbc.connections.internal.DriverManagerConnectionProviderImpl.buildPool(DriverManagerConnectionProviderImpl.java:107)
	at org.hibernate.engine.jdbc.connections.internal.DriverManagerConnectionProviderImpl.configure(DriverManagerConnectionProviderImpl.java:87)
	at org.hibernate.boot.registry.internal.StandardServiceRegistryImpl.configureService(StandardServiceRegistryImpl.java:136)
	at org.hibernate.service.internal.AbstractServiceRegistryImpl.initializeService(AbstractServiceRegistryImpl.java:247)
	at org.hibernate.service.internal.AbstractServiceRegistryImpl.getService(AbstractServiceRegistryImpl.java:215)
	at org.hibernate.service.ServiceRegistry.requireService(ServiceRegistry.java:68)
	at org.hibernate.engine.jdbc.env.internal.JdbcEnvironmentInitiator.buildJdbcConnectionAccess(JdbcEnvironmentInitiator.java:434)
	at org.hibernate.engine.jdbc.env.internal.JdbcEnvironmentInitiator.getJdbcEnvironmentUsingJdbcMetadata(JdbcEnvironmentInitiator.java:305)
	at org.hibernate.engine.jdbc.env.internal.JdbcEnvironmentInitiator.initiateService(JdbcEnvironmentInitiator.java:129)
	at org.hibernate.engine.jdbc.env.internal.JdbcEnvironmentInitiator.initiateService(JdbcEnvironmentInitiator.java:81)
	at org.hibernate.boot.registry.internal.StandardServiceRegistryImpl.initiateService(StandardServiceRegistryImpl.java:130)
	at org.hibernate.service.internal.AbstractServiceRegistryImpl.createService(AbstractServiceRegistryImpl.java:263)
	at org.hibernate.service.internal.AbstractServiceRegistryImpl.initializeService(AbstractServiceRegistryImpl.java:238)
	at org.hibernate.service.internal.AbstractServiceRegistryImpl.getService(AbstractServiceRegistryImpl.java:215)
	at org.hibernate.boot.model.relational.Database.<init>(Database.java:45)
	at org.hibernate.boot.internal.InFlightMetadataCollectorImpl.getDatabase(InFlightMetadataCollectorImpl.java:226)
	at org.hibernate.boot.internal.InFlightMetadataCollectorImpl.<init>(InFlightMetadataCollectorImpl.java:194)
	at org.hibernate.boot.model.process.spi.MetadataBuildingProcess.complete(MetadataBuildingProcess.java:171)
	at org.hibernate.boot.model.process.spi.MetadataBuildingProcess.build(MetadataBuildingProcess.java:129)
	at org.hibernate.boot.internal.MetadataBuilderImpl.build(MetadataBuilderImpl.java:449)
	at org.hibernate.boot.internal.MetadataBuilderImpl.build(MetadataBuilderImpl.java:101)
	at org.hibernate.cfg.Configuration.buildSessionFactory(Configuration.java:949)
	at org.hibernate.cfg.Configuration.buildSessionFactory(Configuration.java:999)
	at hibernate.HibernateMain.main(HibernateMain.java:13)
Caused by: java.io.IOException: Se ha anulado una conexión establecida por el software en su equipo host., connect lapse 4 ms., Authentication lapse 0 ms.
	at oracle.jdbc.driver.T4CConnection.handleLogonIOException(T4CConnection.java:1891)
	... 34 common frames omitted
Caused by: java.io.IOException: Se ha anulado una conexión establecida por el software en su equipo host., connect lapse 4 ms.
	at oracle.net.ns.NSProtocolNIO.negotiateConnection(NSProtocolNIO.java:264)
	at oracle.net.ns.NSProtocol.connect(NSProtocol.java:353)
	at oracle.jdbc.driver.T4CConnection.connectNetworkSessionProtocol(T4CConnection.java:3684)
	at oracle.jdbc.driver.T4CConnection.logon(T4CConnection.java:1083)
	... 33 common frames omitted
Caused by: java.io.IOException: Se ha anulado una conexión establecida por el software en su equipo host.
	at java.base/sun.nio.ch.SocketDispatcher.read0(Native Method)
	at java.base/sun.nio.ch.SocketDispatcher.read(SocketDispatcher.java:46)
	at java.base/sun.nio.ch.SocketChannelImpl.tryRead(SocketChannelImpl.java:1266)
	at java.base/sun.nio.ch.SocketChannelImpl.blockingRead(SocketChannelImpl.java:1341)
	at java.base/sun.nio.ch.SocketInputStream.read(SocketInputStream.java:70)
	at oracle.net.nt.TimeoutSocketChannel.doBlockedRead(TimeoutSocketChannel.java:623)
	at oracle.net.nt.TimeoutSocketChannel.read(TimeoutSocketChannel.java:559)
	at oracle.net.ns.NSProtocolNIO.doSocketRead(NSProtocolNIO.java:1225)
	at oracle.net.ns.NIOPacket.readNIOPacket(NIOPacket.java:437)
	at oracle.net.ns.NSProtocolNIO.negotiateConnection(NSProtocolNIO.java:217)
	... 36 common frames omitted
16:43:15.020 [main] WARN  org.hibernate.engine.jdbc.spi.SqlExceptionHelper - SQL Error: 17002, SQLState: 08006
16:43:15.020 [main] ERROR org.hibernate.engine.jdbc.spi.SqlExceptionHelper - ORA-17002: Error de E/S: Se ha anulado una conexión establecida por el software en su equipo host., connect lapse 4 ms., Authentication lapse 0 ms.
https://docs.oracle.com/error-help/db/ora-17002/
16:43:15.021 [main] DEBUG org.hibernate.boot.registry.internal.BootstrapServiceRegistryImpl - Implicitly destroying Boot-strap registry on de-registration of all child ServiceRegistries
16:45:25.640 [main] DEBUG org.jboss.logging - Logging Provider: org.jboss.logging.Slf4jLoggerProvider
16:53:36.339 [main] DEBUG org.jboss.logging - Logging Provider: org.jboss.logging.Slf4jLoggerProvider
17:12:58.708 [main] DEBUG org.jboss.logging - Logging Provider: org.jboss.logging.Slf4jLoggerProvider
17:26:39.935 [main] DEBUG org.jboss.logging - Logging Provider: org.jboss.logging.Slf4jLoggerProvider
17:29:03.700 [main] DEBUG org.jboss.logging - Logging Provider: org.jboss.logging.Slf4jLoggerProvider
17:29:47.223 [main] DEBUG org.jboss.logging - Logging Provider: org.jboss.logging.Slf4jLoggerProvider
17:43:59.560 [main] DEBUG org.jboss.logging - Logging Provider: org.jboss.logging.Slf4jLoggerProvider
17:47:22.479 [main] DEBUG org.jboss.logging - Logging Provider: org.jboss.logging.Slf4jLoggerProvider
17:49:58.204 [main] DEBUG org.jboss.logging - Logging Provider: org.jboss.logging.Slf4jLoggerProvider
17:58:27.073 [main] DEBUG org.jboss.logging - Logging Provider: org.jboss.logging.Slf4jLoggerProvider
18:07:26.248 [main] DEBUG org.jboss.logging - Logging Provider: org.jboss.logging.Slf4jLoggerProvider
18:08:15.658 [main] DEBUG org.jboss.logging - Logging Provider: org.jboss.logging.Slf4jLoggerProvider
18:10:57.452 [main] DEBUG org.jboss.logging - Logging Provider: org.jboss.logging.Slf4jLoggerProvider
18:12:12.440 [main] DEBUG org.jboss.logging - Logging Provider: org.jboss.logging.Slf4jLoggerProvider
18:12:36.347 [main] DEBUG org.jboss.logging - Logging Provider: org.jboss.logging.Slf4jLoggerProvider
18:13:06.317 [main] DEBUG org.jboss.logging - Logging Provider: org.jboss.logging.Slf4jLoggerProvider
18:23:30.413 [main] DEBUG org.jboss.logging - Logging Provider: org.jboss.logging.Slf4jLoggerProvider
18:29:04.638 [main] DEBUG org.jboss.logging - Logging Provider: org.jboss.logging.Slf4jLoggerProvider
18:59:45.401 [main] DEBUG org.jboss.logging - Logging Provider: org.jboss.logging.Slf4jLoggerProvider
19:35:46.043 [main] DEBUG org.jboss.logging - Logging Provider: org.jboss.logging.Slf4jLoggerProvider
19:38:46.264 [main] DEBUG org.jboss.logging - Logging Provider: org.jboss.logging.Slf4jLoggerProvider
20:28:10.999 [main] DEBUG org.jboss.logging - Logging Provider: org.jboss.logging.Slf4jLoggerProvider
20:31:13.646 [main] DEBUG org.jboss.logging - Logging Provider: org.jboss.logging.Slf4jLoggerProvider
16:39:20.542 [main] DEBUG org.jboss.logging - Logging Provider: org.jboss.logging.Slf4jLoggerProvider
16:54:18.674 [main] DEBUG org.jboss.logging - Logging Provider: org.jboss.logging.Slf4jLoggerProvider
16:56:09.369 [main] DEBUG org.jboss.logging - Logging Provider: org.jboss.logging.Slf4jLoggerProvider
16:56:59.513 [main] DEBUG org.jboss.logging - Logging Provider: org.jboss.logging.Slf4jLoggerProvider
16:59:39.699 [main] DEBUG org.jboss.logging - Logging Provider: org.jboss.logging.Slf4jLoggerProvider
17:00:16.182 [main] DEBUG org.jboss.logging - Logging Provider: org.jboss.logging.Slf4jLoggerProvider
17:47:06.068 [main] DEBUG org.jboss.logging - Logging Provider: org.jboss.logging.Slf4jLoggerProvider
17:51:54.172 [main] DEBUG org.jboss.logging - Logging Provider: org.jboss.logging.Slf4jLoggerProvider
17:58:33.891 [main] DEBUG org.jboss.logging - Logging Provider: org.jboss.logging.Slf4jLoggerProvider
18:00:09.952 [main] DEBUG org.jboss.logging - Logging Provider: org.jboss.logging.Slf4jLoggerProvider
18:06:34.271 [main] DEBUG org.jboss.logging - Logging Provider: org.jboss.logging.Slf4jLoggerProvider
18:12:19.226 [main] DEBUG org.jboss.logging - Logging Provider: org.jboss.logging.Slf4jLoggerProvider
18:13:27.905 [main] DEBUG org.jboss.logging - Logging Provider: org.jboss.logging.Slf4jLoggerProvider
20:22:25.862 [main] DEBUG org.jboss.logging - Logging Provider: org.jboss.logging.Slf4jLoggerProvider
20:26:24.499 [main] DEBUG org.jboss.logging - Logging Provider: org.jboss.logging.Slf4jLoggerProvider
20:27:43.654 [main] DEBUG org.jboss.logging - Logging Provider: org.jboss.logging.Slf4jLoggerProvider
20:48:04.370 [main] DEBUG org.jboss.logging - Logging Provider: org.jboss.logging.Slf4jLoggerProvider
20:48:19.773 [main] DEBUG org.jboss.logging - Logging Provider: org.jboss.logging.Slf4jLoggerProvider
16:29:40.433 [main] DEBUG org.jboss.logging - Logging Provider: org.jboss.logging.Slf4jLoggerProvider
16:38:52.383 [main] DEBUG org.jboss.logging - Logging Provider: org.jboss.logging.Slf4jLoggerProvider
16:41:47.942 [main] DEBUG org.jboss.logging - Logging Provider: org.jboss.logging.Slf4jLoggerProvider
16:42:43.995 [main] DEBUG org.jboss.logging - Logging Provider: org.jboss.logging.Slf4jLoggerProvider
16:43:36.308 [main] DEBUG org.jboss.logging - Logging Provider: org.jboss.logging.Slf4jLoggerProvider
16:45:11.987 [main] DEBUG org.jboss.logging - Logging Provider: org.jboss.logging.Slf4jLoggerProvider
16:46:37.869 [main] DEBUG org.jboss.logging - Logging Provider: org.jboss.logging.Slf4jLoggerProvider
16:52:10.365 [main] DEBUG org.jboss.logging - Logging Provider: org.jboss.logging.Slf4jLoggerProvider
16:57:07.036 [main] DEBUG org.jboss.logging - Logging Provider: org.jboss.logging.Slf4jLoggerProvider
16:57:28.837 [main] DEBUG org.jboss.logging - Logging Provider: org.jboss.logging.Slf4jLoggerProvider
16:59:25.677 [main] DEBUG org.jboss.logging - Logging Provider: org.jboss.logging.Slf4jLoggerProvider
17:08:21.751 [main] DEBUG org.jboss.logging - Logging Provider: org.jboss.logging.Slf4jLoggerProvider
17:08:52.359 [main] DEBUG org.jboss.logging - Logging Provider: org.jboss.logging.Slf4jLoggerProvider
17:11:29.894 [main] DEBUG org.jboss.logging - Logging Provider: org.jboss.logging.Slf4jLoggerProvider
17:28:40.809 [main] DEBUG org.jboss.logging - Logging Provider: org.jboss.logging.Slf4jLoggerProvider
17:29:15.803 [main] DEBUG org.jboss.logging - Logging Provider: org.jboss.logging.Slf4jLoggerProvider
17:31:19.272 [main] DEBUG org.jboss.logging - Logging Provider: org.jboss.logging.Slf4jLoggerProvider
17:31:41.435 [main] DEBUG org.jboss.logging - Logging Provider: org.jboss.logging.Slf4jLoggerProvider
17:40:26.930 [main] DEBUG org.jboss.logging - Logging Provider: org.jboss.logging.Slf4jLoggerProvider
17:41:29.594 [main] DEBUG org.jboss.logging - Logging Provider: org.jboss.logging.Slf4jLoggerProvider
17:43:17.267 [main] DEBUG org.jboss.logging - Logging Provider: org.jboss.logging.Slf4jLoggerProvider
17:45:54.722 [main] DEBUG org.jboss.logging - Logging Provider: org.jboss.logging.Slf4jLoggerProvider
17:49:57.141 [main] DEBUG org.jboss.logging - Logging Provider: org.jboss.logging.Slf4jLoggerProvider
17:59:38.814 [main] DEBUG org.jboss.logging - Logging Provider: org.jboss.logging.Slf4jLoggerProvider
18:02:53.706 [main] DEBUG org.jboss.logging - Logging Provider: org.jboss.logging.Slf4jLoggerProvider
18:06:29.629 [main] DEBUG org.jboss.logging - Logging Provider: org.jboss.logging.Slf4jLoggerProvider
18:06:53.101 [main] DEBUG org.jboss.logging - Logging Provider: org.jboss.logging.Slf4jLoggerProvider
18:07:14.966 [main] DEBUG org.jboss.logging - Logging Provider: org.jboss.logging.Slf4jLoggerProvider
18:07:48.090 [main] DEBUG org.jboss.logging - Logging Provider: org.jboss.logging.Slf4jLoggerProvider
18:09:53.531 [main] DEBUG org.jboss.logging - Logging Provider: org.jboss.logging.Slf4jLoggerProvider
18:10:15.646 [main] DEBUG org.jboss.logging - Logging Provider: org.jboss.logging.Slf4jLoggerProvider
19:40:35.529 [main] DEBUG org.jboss.logging - Logging Provider: org.jboss.logging.Slf4jLoggerProvider
19:55:26.188 [main] DEBUG org.jboss.logging - Logging Provider: org.jboss.logging.Slf4jLoggerProvider
20:01:11.775 [main] DEBUG org.jboss.logging - Logging Provider: org.jboss.logging.Slf4jLoggerProvider
20:37:27.103 [main] DEBUG org.jboss.logging - Logging Provider: org.jboss.logging.Slf4jLoggerProvider
20:42:11.624 [main] DEBUG org.jboss.logging - Logging Provider: org.jboss.logging.Slf4jLoggerProvider
16:38:03.420 [main] DEBUG org.jboss.logging - Logging Provider: org.jboss.logging.Slf4jLoggerProvider
16:54:12.038 [main] DEBUG org.jboss.logging - Logging Provider: org.jboss.logging.Slf4jLoggerProvider
17:46:02.367 [main] DEBUG org.jboss.logging - Logging Provider: org.jboss.logging.Slf4jLoggerProvider
18:26:21.161 [main] DEBUG org.jboss.logging - Logging Provider: org.jboss.logging.Slf4jLoggerProvider
19:30:07.701 [main] DEBUG org.jboss.logging - Logging Provider: org.jboss.logging.Slf4jLoggerProvider
20:31:24.619 [main] INFO  org.mongodb.driver.client - MongoClient with metadata {"application": {"name": "Cluster0"}, "driver": {"name": "mongo-java-driver|sync", "version": "5.1.0"}, "os": {"type": "Windows", "name": "Windows 11", "architecture": "amd64", "version": "10.0"}, "platform": "Java/Oracle Corporation/21.0.8+12-LTS-250"} created with settings MongoClientSettings{readPreference=primary, writeConcern=WriteConcern{w=null, wTimeout=null ms, journal=null}, retryWrites=true, retryReads=true, readConcern=ReadConcern{level=null}, credential=MongoCredential{mechanism=null, userName='usuariocurso', source='admin', password=<hidden>, mechanismProperties=<hidden>}, transportSettings=null, commandListeners=[], codecRegistry=ProvidersCodecRegistry{codecProviders=[ValueCodecProvider{}, BsonValueCodecProvider{}, DBRefCodecProvider{}, DBObjectCodecProvider{}, DocumentCodecProvider{}, CollectionCodecProvider{}, IterableCodecProvider{}, MapCodecProvider{}, GeoJsonCodecProvider{}, GridFSFileCodecProvider{}, Jsr310CodecProvider{}, JsonObjectCodecProvider{}, BsonCodecProvider{}, EnumCodecProvider{}, com.mongodb.client.model.mql.ExpressionCodecProvider@247310d0, com.mongodb.Jep395RecordCodecProvider@1033576a, com.mongodb.KotlinCodecProvider@303cf2ba]}, loggerSettings=LoggerSettings{maxDocumentLength=1000}, clusterSettings={hosts=[127.0.0.1:27017], srvHost=cluster0.evyfvcr.mongodb.net, srvServiceName=mongodb, mode=MULTIPLE, requiredClusterType=REPLICA_SET, requiredReplicaSetName='atlas-a2f7sm-shard-0', serverSelector='null', clusterListeners='[]', serverSelectionTimeout='30000 ms', localThreshold='15 ms'}, socketSettings=SocketSettings{connectTimeoutMS=10000, readTimeoutMS=0, receiveBufferSize=0, proxySettings=ProxySettings{host=null, port=null, username=null, password=null}}, heartbeatSocketSettings=SocketSettings{connectTimeoutMS=10000, readTimeoutMS=10000, receiveBufferSize=0, proxySettings=ProxySettings{host=null, port=null, username=null, password=null}}, connectionPoolSettings=ConnectionPoolSettings{maxSize=100, minSize=0, maxWaitTimeMS=120000, maxConnectionLifeTimeMS=0, maxConnectionIdleTimeMS=0, maintenanceInitialDelayMS=0, maintenanceFrequencyMS=60000, connectionPoolListeners=[], maxConnecting=2}, serverSettings=ServerSettings{heartbeatFrequencyMS=10000, minHeartbeatFrequencyMS=500, serverMonitoringMode=AUTO, serverListeners='[]', serverMonitorListeners='[]'}, sslSettings=SslSettings{enabled=true, invalidHostNameAllowed=false, context=null}, applicationName='Cluster0', compressorList=[], uuidRepresentation=UNSPECIFIED, serverApi=null, autoEncryptionSettings=null, dnsClient=null, inetAddressResolver=null, contextProvider=null}
20:38:25.638 [main] INFO  org.mongodb.driver.client - MongoClient with metadata {"driver": {"name": "mongo-java-driver|sync", "version": "5.1.0"}, "os": {"type": "Windows", "name": "Windows 11", "architecture": "amd64", "version": "10.0"}, "platform": "Java/Oracle Corporation/21.0.8+12-LTS-250"} created with settings MongoClientSettings{readPreference=primary, writeConcern=WriteConcern{w=majority, wTimeout=null ms, journal=null}, retryWrites=true, retryReads=true, readConcern=ReadConcern{level=null}, credential=MongoCredential{mechanism=null, userName='appUser', source='admin', password=<hidden>, mechanismProperties=<hidden>}, transportSettings=null, commandListeners=[], codecRegistry=ProvidersCodecRegistry{codecProviders=[ValueCodecProvider{}, BsonValueCodecProvider{}, DBRefCodecProvider{}, DBObjectCodecProvider{}, DocumentCodecProvider{}, CollectionCodecProvider{}, IterableCodecProvider{}, MapCodecProvider{}, GeoJsonCodecProvider{}, GridFSFileCodecProvider{}, Jsr310CodecProvider{}, JsonObjectCodecProvider{}, BsonCodecProvider{}, EnumCodecProvider{}, com.mongodb.client.model.mql.ExpressionCodecProvider@247310d0, com.mongodb.Jep395RecordCodecProvider@1033576a, com.mongodb.KotlinCodecProvider@303cf2ba]}, loggerSettings=LoggerSettings{maxDocumentLength=1000}, clusterSettings={hosts=[127.0.0.1:27017], srvHost=TUNOMBREDECLUSTER.mongodb.net, srvServiceName=mongodb, mode=MULTIPLE, requiredClusterType=UNKNOWN, requiredReplicaSetName='null', serverSelector='null', clusterListeners='[]', serverSelectionTimeout='30000 ms', localThreshold='15 ms'}, socketSettings=SocketSettings{connectTimeoutMS=10000, readTimeoutMS=0, receiveBufferSize=0, proxySettings=ProxySettings{host=null, port=null, username=null, password=null}}, heartbeatSocketSettings=SocketSettings{connectTimeoutMS=10000, readTimeoutMS=10000, receiveBufferSize=0, proxySettings=ProxySettings{host=null, port=null, username=null, password=null}}, connectionPoolSettings=ConnectionPoolSettings{maxSize=100, minSize=0, maxWaitTimeMS=120000, maxConnectionLifeTimeMS=0, maxConnectionIdleTimeMS=0, maintenanceInitialDelayMS=0, maintenanceFrequencyMS=60000, connectionPoolListeners=[], maxConnecting=2}, serverSettings=ServerSettings{heartbeatFrequencyMS=10000, minHeartbeatFrequencyMS=500, serverMonitoringMode=AUTO, serverListeners='[]', serverMonitorListeners='[]'}, sslSettings=SslSettings{enabled=true, invalidHostNameAllowed=false, context=null}, applicationName='null', compressorList=[], uuidRepresentation=UNSPECIFIED, serverApi=null, autoEncryptionSettings=null, dnsClient=null, inetAddressResolver=null, contextProvider=null}
20:38:25.640 [cluster-ClusterId{value='69387ab17a19b154501e5d5b', description='null'}-srv-TUNOMBREDECLUSTER.mongodb.net] DEBUG org.mongodb.driver.cluster - Updating cluster description to  {type=UNKNOWN, srvResolutionException=com.mongodb.MongoConfigurationException: Failed looking up SRV record for '_mongodb._tcp.TUNOMBREDECLUSTER.mongodb.net'., servers=[]
20:38:25.641 [cluster-ClusterId{value='69387ab17a19b154501e5d5b', description='null'}-srv-TUNOMBREDECLUSTER.mongodb.net] INFO  org.mongodb.driver.cluster - Exception while resolving SRV records
com.mongodb.MongoConfigurationException: Failed looking up SRV record for '_mongodb._tcp.TUNOMBREDECLUSTER.mongodb.net'.
	at com.mongodb.internal.dns.DefaultDnsResolver.resolveHostFromSrvRecords(DefaultDnsResolver.java:96)
	at com.mongodb.internal.connection.DefaultDnsSrvRecordMonitor$DnsSrvRecordMonitorRunnable.run(DefaultDnsSrvRecordMonitor.java:80)
	at java.base/java.lang.Thread.run(Thread.java:1583)
Caused by: com.mongodb.spi.dns.DnsWithResponseCodeException: DNS name not found [response code 3]
	at com.mongodb.internal.dns.JndiDnsClient.getResourceRecordData(JndiDnsClient.java:52)
	at com.mongodb.internal.dns.DefaultDnsResolver.resolveHostFromSrvRecords(DefaultDnsResolver.java:78)
	... 2 common frames omitted
Caused by: javax.naming.NameNotFoundException: DNS name not found [response code 3]
	at jdk.naming.dns/com.sun.jndi.dns.DnsClient.checkResponseCode(DnsClient.java:785)
	at jdk.naming.dns/com.sun.jndi.dns.DnsClient.isMatchResponse(DnsClient.java:703)
	at jdk.naming.dns/com.sun.jndi.dns.DnsClient.doUdpQuery(DnsClient.java:511)
	at jdk.naming.dns/com.sun.jndi.dns.DnsClient.query(DnsClient.java:259)
	at jdk.naming.dns/com.sun.jndi.dns.Resolver.query(Resolver.java:81)
	at jdk.naming.dns/com.sun.jndi.dns.DnsContext.c_getAttributes(DnsContext.java:434)
	at java.naming/com.sun.jndi.toolkit.ctx.ComponentDirContext.p_getAttributes(ComponentDirContext.java:235)
	at java.naming/com.sun.jndi.toolkit.ctx.PartialCompositeDirContext.getAttributes(PartialCompositeDirContext.java:141)
	at java.naming/com.sun.jndi.toolkit.ctx.PartialCompositeDirContext.getAttributes(PartialCompositeDirContext.java:129)
	at java.naming/javax.naming.directory.InitialDirContext.getAttributes(InitialDirContext.java:171)
	at com.mongodb.internal.dns.JndiDnsClient.getResourceRecordData(JndiDnsClient.java:41)
	... 3 common frames omitted
20:38:25.662 [main] DEBUG org.mongodb.driver.cluster - Server selection started for operation with ID 1. Selector: ReadPreferenceServerSelector{readPreference=primary}, topology description: {type=UNKNOWN, srvResolutionException=com.mongodb.MongoConfigurationException: Failed looking up SRV record for '_mongodb._tcp.TUNOMBREDECLUSTER.mongodb.net'., servers=[]
20:38:25.664 [main] INFO  org.mongodb.driver.cluster - Waiting for server to become available for operation with ID 1. Remaining time: 30000 ms. Selector: ReadPreferenceServerSelector{readPreference=primary}, topology description: {type=UNKNOWN, srvResolutionException=com.mongodb.MongoConfigurationException: Failed looking up SRV record for '_mongodb._tcp.TUNOMBREDECLUSTER.mongodb.net'., servers=[].
20:38:50.577 [cluster-ClusterId{value='69387aca39ad412de31c3161', description='null'}-srv-TUNOMBREDECLUSTER.mongodb.net] DEBUG org.mongodb.driver.cluster - Updating cluster description to  {type=UNKNOWN, srvResolutionException=com.mongodb.MongoConfigurationException: Failed looking up SRV record for '_mongodb._tcp.TUNOMBREDECLUSTER.mongodb.net'., servers=[]
20:38:50.578 [cluster-ClusterId{value='69387aca39ad412de31c3161', description='null'}-srv-TUNOMBREDECLUSTER.mongodb.net] INFO  org.mongodb.driver.cluster - Exception while resolving SRV records
com.mongodb.MongoConfigurationException: Failed looking up SRV record for '_mongodb._tcp.TUNOMBREDECLUSTER.mongodb.net'.
	at com.mongodb.internal.dns.DefaultDnsResolver.resolveHostFromSrvRecords(DefaultDnsResolver.java:96)
	at com.mongodb.internal.connection.DefaultDnsSrvRecordMonitor$DnsSrvRecordMonitorRunnable.run(DefaultDnsSrvRecordMonitor.java:80)
	at java.base/java.lang.Thread.run(Thread.java:1583)
Caused by: com.mongodb.spi.dns.DnsWithResponseCodeException: DNS name not found [response code 3]
	at com.mongodb.internal.dns.JndiDnsClient.getResourceRecordData(JndiDnsClient.java:52)
	at com.mongodb.internal.dns.DefaultDnsResolver.resolveHostFromSrvRecords(DefaultDnsResolver.java:78)
	... 2 common frames omitted
Caused by: javax.naming.NameNotFoundException: DNS name not found [response code 3]
	at jdk.naming.dns/com.sun.jndi.dns.DnsClient.checkResponseCode(DnsClient.java:785)
	at jdk.naming.dns/com.sun.jndi.dns.DnsClient.isMatchResponse(DnsClient.java:703)
	at jdk.naming.dns/com.sun.jndi.dns.DnsClient.doUdpQuery(DnsClient.java:511)
	at jdk.naming.dns/com.sun.jndi.dns.DnsClient.query(DnsClient.java:259)
	at jdk.naming.dns/com.sun.jndi.dns.Resolver.query(Resolver.java:81)
	at jdk.naming.dns/com.sun.jndi.dns.DnsContext.c_getAttributes(DnsContext.java:434)
	at java.naming/com.sun.jndi.toolkit.ctx.ComponentDirContext.p_getAttributes(ComponentDirContext.java:235)
	at java.naming/com.sun.jndi.toolkit.ctx.PartialCompositeDirContext.getAttributes(PartialCompositeDirContext.java:141)
	at java.naming/com.sun.jndi.toolkit.ctx.PartialCompositeDirContext.getAttributes(PartialCompositeDirContext.java:129)
	at java.naming/javax.naming.directory.InitialDirContext.getAttributes(InitialDirContext.java:171)
	at com.mongodb.internal.dns.JndiDnsClient.getResourceRecordData(JndiDnsClient.java:41)
	... 3 common frames omitted
20:38:50.584 [main] INFO  org.mongodb.driver.client - MongoClient with metadata {"driver": {"name": "mongo-java-driver|sync", "version": "5.1.0"}, "os": {"type": "Windows", "name": "Windows 11", "architecture": "amd64", "version": "10.0"}, "platform": "Java/Oracle Corporation/21.0.8+12-LTS-250"} created with settings MongoClientSettings{readPreference=primary, writeConcern=WriteConcern{w=majority, wTimeout=null ms, journal=null}, retryWrites=true, retryReads=true, readConcern=ReadConcern{level=null}, credential=MongoCredential{mechanism=null, userName='appUser', source='admin', password=<hidden>, mechanismProperties=<hidden>}, transportSettings=null, commandListeners=[], codecRegistry=ProvidersCodecRegistry{codecProviders=[ValueCodecProvider{}, BsonValueCodecProvider{}, DBRefCodecProvider{}, DBObjectCodecProvider{}, DocumentCodecProvider{}, CollectionCodecProvider{}, IterableCodecProvider{}, MapCodecProvider{}, GeoJsonCodecProvider{}, GridFSFileCodecProvider{}, Jsr310CodecProvider{}, JsonObjectCodecProvider{}, BsonCodecProvider{}, EnumCodecProvider{}, com.mongodb.client.model.mql.ExpressionCodecProvider@247310d0, com.mongodb.Jep395RecordCodecProvider@1033576a, com.mongodb.KotlinCodecProvider@303cf2ba]}, loggerSettings=LoggerSettings{maxDocumentLength=1000}, clusterSettings={hosts=[127.0.0.1:27017], srvHost=TUNOMBREDECLUSTER.mongodb.net, srvServiceName=mongodb, mode=MULTIPLE, requiredClusterType=UNKNOWN, requiredReplicaSetName='null', serverSelector='null', clusterListeners='[]', serverSelectionTimeout='30000 ms', localThreshold='15 ms'}, socketSettings=SocketSettings{connectTimeoutMS=10000, readTimeoutMS=0, receiveBufferSize=0, proxySettings=ProxySettings{host=null, port=null, username=null, password=null}}, heartbeatSocketSettings=SocketSettings{connectTimeoutMS=10000, readTimeoutMS=10000, receiveBufferSize=0, proxySettings=ProxySettings{host=null, port=null, username=null, password=null}}, connectionPoolSettings=ConnectionPoolSettings{maxSize=100, minSize=0, maxWaitTimeMS=120000, maxConnectionLifeTimeMS=0, maxConnectionIdleTimeMS=0, maintenanceInitialDelayMS=0, maintenanceFrequencyMS=60000, connectionPoolListeners=[], maxConnecting=2}, serverSettings=ServerSettings{heartbeatFrequencyMS=10000, minHeartbeatFrequencyMS=500, serverMonitoringMode=AUTO, serverListeners='[]', serverMonitorListeners='[]'}, sslSettings=SslSettings{enabled=true, invalidHostNameAllowed=false, context=null}, applicationName='null', compressorList=[], uuidRepresentation=UNSPECIFIED, serverApi=null, autoEncryptionSettings=null, dnsClient=null, inetAddressResolver=null, contextProvider=null}
20:38:50.609 [main] DEBUG org.mongodb.driver.cluster - Server selection started for operation with ID 1. Selector: ReadPreferenceServerSelector{readPreference=primary}, topology description: {type=UNKNOWN, srvResolutionException=com.mongodb.MongoConfigurationException: Failed looking up SRV record for '_mongodb._tcp.TUNOMBREDECLUSTER.mongodb.net'., servers=[]
20:38:50.614 [main] INFO  org.mongodb.driver.cluster - Waiting for server to become available for operation with ID 1. Remaining time: 30000 ms. Selector: ReadPreferenceServerSelector{readPreference=primary}, topology description: {type=UNKNOWN, srvResolutionException=com.mongodb.MongoConfigurationException: Failed looking up SRV record for '_mongodb._tcp.TUNOMBREDECLUSTER.mongodb.net'., servers=[].
20:39:00.597 [cluster-ClusterId{value='69387aca39ad412de31c3161', description='null'}-srv-TUNOMBREDECLUSTER.mongodb.net] DEBUG org.mongodb.driver.cluster - Updating cluster description to  {type=UNKNOWN, srvResolutionException=com.mongodb.MongoConfigurationException: Failed looking up SRV record for '_mongodb._tcp.TUNOMBREDECLUSTER.mongodb.net'., servers=[]
20:39:00.597 [cluster-ClusterId{value='69387aca39ad412de31c3161', description='null'}-srv-TUNOMBREDECLUSTER.mongodb.net] INFO  org.mongodb.driver.cluster - Exception while resolving SRV records
com.mongodb.MongoConfigurationException: Failed looking up SRV record for '_mongodb._tcp.TUNOMBREDECLUSTER.mongodb.net'.
	at com.mongodb.internal.dns.DefaultDnsResolver.resolveHostFromSrvRecords(DefaultDnsResolver.java:96)
	at com.mongodb.internal.connection.DefaultDnsSrvRecordMonitor$DnsSrvRecordMonitorRunnable.run(DefaultDnsSrvRecordMonitor.java:80)
	at java.base/java.lang.Thread.run(Thread.java:1583)
Caused by: com.mongodb.spi.dns.DnsWithResponseCodeException: DNS name not found [response code 3]
	at com.mongodb.internal.dns.JndiDnsClient.getResourceRecordData(JndiDnsClient.java:52)
	at com.mongodb.internal.dns.DefaultDnsResolver.resolveHostFromSrvRecords(DefaultDnsResolver.java:78)
	... 2 common frames omitted
Caused by: javax.naming.NameNotFoundException: DNS name not found [response code 3]
	at jdk.naming.dns/com.sun.jndi.dns.DnsClient.checkResponseCode(DnsClient.java:785)
	at jdk.naming.dns/com.sun.jndi.dns.DnsClient.isMatchResponse(DnsClient.java:703)
	at jdk.naming.dns/com.sun.jndi.dns.DnsClient.doUdpQuery(DnsClient.java:511)
	at jdk.naming.dns/com.sun.jndi.dns.DnsClient.query(DnsClient.java:259)
	at jdk.naming.dns/com.sun.jndi.dns.Resolver.query(Resolver.java:81)
	at jdk.naming.dns/com.sun.jndi.dns.DnsContext.c_getAttributes(DnsContext.java:434)
	at java.naming/com.sun.jndi.toolkit.ctx.ComponentDirContext.p_getAttributes(ComponentDirContext.java:235)
	at java.naming/com.sun.jndi.toolkit.ctx.PartialCompositeDirContext.getAttributes(PartialCompositeDirContext.java:141)
	at java.naming/com.sun.jndi.toolkit.ctx.PartialCompositeDirContext.getAttributes(PartialCompositeDirContext.java:129)
	at java.naming/javax.naming.directory.InitialDirContext.getAttributes(InitialDirContext.java:171)
	at com.mongodb.internal.dns.JndiDnsClient.getResourceRecordData(JndiDnsClient.java:41)
	... 3 common frames omitted
20:39:10.614 [cluster-ClusterId{value='69387aca39ad412de31c3161', description='null'}-srv-TUNOMBREDECLUSTER.mongodb.net] DEBUG org.mongodb.driver.cluster - Updating cluster description to  {type=UNKNOWN, srvResolutionException=com.mongodb.MongoConfigurationException: Failed looking up SRV record for '_mongodb._tcp.TUNOMBREDECLUSTER.mongodb.net'., servers=[]
20:39:10.614 [cluster-ClusterId{value='69387aca39ad412de31c3161', description='null'}-srv-TUNOMBREDECLUSTER.mongodb.net] INFO  org.mongodb.driver.cluster - Exception while resolving SRV records
com.mongodb.MongoConfigurationException: Failed looking up SRV record for '_mongodb._tcp.TUNOMBREDECLUSTER.mongodb.net'.
	at com.mongodb.internal.dns.DefaultDnsResolver.resolveHostFromSrvRecords(DefaultDnsResolver.java:96)
	at com.mongodb.internal.connection.DefaultDnsSrvRecordMonitor$DnsSrvRecordMonitorRunnable.run(DefaultDnsSrvRecordMonitor.java:80)
	at java.base/java.lang.Thread.run(Thread.java:1583)
Caused by: com.mongodb.spi.dns.DnsWithResponseCodeException: DNS name not found [response code 3]
	at com.mongodb.internal.dns.JndiDnsClient.getResourceRecordData(JndiDnsClient.java:52)
	at com.mongodb.internal.dns.DefaultDnsResolver.resolveHostFromSrvRecords(DefaultDnsResolver.java:78)
	... 2 common frames omitted
Caused by: javax.naming.NameNotFoundException: DNS name not found [response code 3]
	at jdk.naming.dns/com.sun.jndi.dns.DnsClient.checkResponseCode(DnsClient.java:785)
	at jdk.naming.dns/com.sun.jndi.dns.DnsClient.isMatchResponse(DnsClient.java:703)
	at jdk.naming.dns/com.sun.jndi.dns.DnsClient.doUdpQuery(DnsClient.java:511)
	at jdk.naming.dns/com.sun.jndi.dns.DnsClient.query(DnsClient.java:259)
	at jdk.naming.dns/com.sun.jndi.dns.Resolver.query(Resolver.java:81)
	at jdk.naming.dns/com.sun.jndi.dns.DnsContext.c_getAttributes(DnsContext.java:434)
	at java.naming/com.sun.jndi.toolkit.ctx.ComponentDirContext.p_getAttributes(ComponentDirContext.java:235)
	at java.naming/com.sun.jndi.toolkit.ctx.PartialCompositeDirContext.getAttributes(PartialCompositeDirContext.java:141)
	at java.naming/com.sun.jndi.toolkit.ctx.PartialCompositeDirContext.getAttributes(PartialCompositeDirContext.java:129)
	at java.naming/javax.naming.directory.InitialDirContext.getAttributes(InitialDirContext.java:171)
	at com.mongodb.internal.dns.JndiDnsClient.getResourceRecordData(JndiDnsClient.java:41)
	... 3 common frames omitted
20:39:20.616 [main] DEBUG org.mongodb.driver.cluster - Server selection failed for operation with ID 1. Failure: com.mongodb.MongoTimeoutException: Timed out while waiting for a suitable server. Selector: ReadPreferenceServerSelector{readPreference=primary}, topology description: {type=UNKNOWN, srvResolutionException=com.mongodb.MongoConfigurationException: Failed looking up SRV record for '_mongodb._tcp.TUNOMBREDECLUSTER.mongodb.net'., servers=[]
20:39:20.624 [main] DEBUG org.mongodb.driver.operation - Unable to retry an operation due to the error "com.mongodb.MongoTimeoutException: Timed out while waiting for a server that matches ReadPreferenceServerSelector{readPreference=primary}. Client view of cluster state is {type=UNKNOWN, srvResolutionException=com.mongodb.MongoConfigurationException: Failed looking up SRV record for '_mongodb._tcp.TUNOMBREDECLUSTER.mongodb.net'., servers=[]"
20:39:46.465 [main] INFO  org.mongodb.driver.client - MongoClient with metadata {"driver": {"name": "mongo-java-driver|sync", "version": "5.1.0"}, "os": {"type": "Windows", "name": "Windows 11", "architecture": "amd64", "version": "10.0"}, "platform": "Java/Oracle Corporation/21.0.8+12-LTS-250"} created with settings MongoClientSettings{readPreference=primary, writeConcern=WriteConcern{w=majority, wTimeout=null ms, journal=null}, retryWrites=true, retryReads=true, readConcern=ReadConcern{level=null}, credential=MongoCredential{mechanism=null, userName='appUser', source='admin', password=<hidden>, mechanismProperties=<hidden>}, transportSettings=null, commandListeners=[], codecRegistry=ProvidersCodecRegistry{codecProviders=[ValueCodecProvider{}, BsonValueCodecProvider{}, DBRefCodecProvider{}, DBObjectCodecProvider{}, DocumentCodecProvider{}, CollectionCodecProvider{}, IterableCodecProvider{}, MapCodecProvider{}, GeoJsonCodecProvider{}, GridFSFileCodecProvider{}, Jsr310CodecProvider{}, JsonObjectCodecProvider{}, BsonCodecProvider{}, EnumCodecProvider{}, com.mongodb.client.model.mql.ExpressionCodecProvider@247310d0, com.mongodb.Jep395RecordCodecProvider@1033576a, com.mongodb.KotlinCodecProvider@303cf2ba]}, loggerSettings=LoggerSettings{maxDocumentLength=1000}, clusterSettings={hosts=[127.0.0.1:27017], srvHost=TUNOMBREDECLUSTER.mongodb.net, srvServiceName=mongodb, mode=MULTIPLE, requiredClusterType=UNKNOWN, requiredReplicaSetName='null', serverSelector='null', clusterListeners='[]', serverSelectionTimeout='30000 ms', localThreshold='15 ms'}, socketSettings=SocketSettings{connectTimeoutMS=10000, readTimeoutMS=0, receiveBufferSize=0, proxySettings=ProxySettings{host=null, port=null, username=null, password=null}}, heartbeatSocketSettings=SocketSettings{connectTimeoutMS=10000, readTimeoutMS=10000, receiveBufferSize=0, proxySettings=ProxySettings{host=null, port=null, username=null, password=null}}, connectionPoolSettings=ConnectionPoolSettings{maxSize=100, minSize=0, maxWaitTimeMS=120000, maxConnectionLifeTimeMS=0, maxConnectionIdleTimeMS=0, maintenanceInitialDelayMS=0, maintenanceFrequencyMS=60000, connectionPoolListeners=[], maxConnecting=2}, serverSettings=ServerSettings{heartbeatFrequencyMS=10000, minHeartbeatFrequencyMS=500, serverMonitoringMode=AUTO, serverListeners='[]', serverMonitorListeners='[]'}, sslSettings=SslSettings{enabled=true, invalidHostNameAllowed=false, context=null}, applicationName='null', compressorList=[], uuidRepresentation=UNSPECIFIED, serverApi=null, autoEncryptionSettings=null, dnsClient=null, inetAddressResolver=null, contextProvider=null}
20:39:46.466 [cluster-ClusterId{value='69387b027339277edda4b129', description='null'}-srv-TUNOMBREDECLUSTER.mongodb.net] DEBUG org.mongodb.driver.cluster - Updating cluster description to  {type=UNKNOWN, srvResolutionException=com.mongodb.MongoConfigurationException: Failed looking up SRV record for '_mongodb._tcp.TUNOMBREDECLUSTER.mongodb.net'., servers=[]
20:39:46.467 [cluster-ClusterId{value='69387b027339277edda4b129', description='null'}-srv-TUNOMBREDECLUSTER.mongodb.net] INFO  org.mongodb.driver.cluster - Exception while resolving SRV records
com.mongodb.MongoConfigurationException: Failed looking up SRV record for '_mongodb._tcp.TUNOMBREDECLUSTER.mongodb.net'.
	at com.mongodb.internal.dns.DefaultDnsResolver.resolveHostFromSrvRecords(DefaultDnsResolver.java:96)
	at com.mongodb.internal.connection.DefaultDnsSrvRecordMonitor$DnsSrvRecordMonitorRunnable.run(DefaultDnsSrvRecordMonitor.java:80)
	at java.base/java.lang.Thread.run(Thread.java:1583)
Caused by: com.mongodb.spi.dns.DnsWithResponseCodeException: DNS name not found [response code 3]
	at com.mongodb.internal.dns.JndiDnsClient.getResourceRecordData(JndiDnsClient.java:52)
	at com.mongodb.internal.dns.DefaultDnsResolver.resolveHostFromSrvRecords(DefaultDnsResolver.java:78)
	... 2 common frames omitted
Caused by: javax.naming.NameNotFoundException: DNS name not found [response code 3]
	at jdk.naming.dns/com.sun.jndi.dns.DnsClient.checkResponseCode(DnsClient.java:785)
	at jdk.naming.dns/com.sun.jndi.dns.DnsClient.isMatchResponse(DnsClient.java:703)
	at jdk.naming.dns/com.sun.jndi.dns.DnsClient.doUdpQuery(DnsClient.java:511)
	at jdk.naming.dns/com.sun.jndi.dns.DnsClient.query(DnsClient.java:259)
	at jdk.naming.dns/com.sun.jndi.dns.Resolver.query(Resolver.java:81)
	at jdk.naming.dns/com.sun.jndi.dns.DnsContext.c_getAttributes(DnsContext.java:434)
	at java.naming/com.sun.jndi.toolkit.ctx.ComponentDirContext.p_getAttributes(ComponentDirContext.java:235)
	at java.naming/com.sun.jndi.toolkit.ctx.PartialCompositeDirContext.getAttributes(PartialCompositeDirContext.java:141)
	at java.naming/com.sun.jndi.toolkit.ctx.PartialCompositeDirContext.getAttributes(PartialCompositeDirContext.java:129)
	at java.naming/javax.naming.directory.InitialDirContext.getAttributes(InitialDirContext.java:171)
	at com.mongodb.internal.dns.JndiDnsClient.getResourceRecordData(JndiDnsClient.java:41)
	... 3 common frames omitted
20:39:46.488 [main] DEBUG org.mongodb.driver.cluster - Server selection started for operation with ID 1. Selector: ReadPreferenceServerSelector{readPreference=primary}, topology description: {type=UNKNOWN, srvResolutionException=com.mongodb.MongoConfigurationException: Failed looking up SRV record for '_mongodb._tcp.TUNOMBREDECLUSTER.mongodb.net'., servers=[]
20:39:46.491 [main] INFO  org.mongodb.driver.cluster - Waiting for server to become available for operation with ID 1. Remaining time: 30000 ms. Selector: ReadPreferenceServerSelector{readPreference=primary}, topology description: {type=UNKNOWN, srvResolutionException=com.mongodb.MongoConfigurationException: Failed looking up SRV record for '_mongodb._tcp.TUNOMBREDECLUSTER.mongodb.net'., servers=[].
20:39:56.530 [cluster-ClusterId{value='69387b027339277edda4b129', description='null'}-srv-TUNOMBREDECLUSTER.mongodb.net] DEBUG org.mongodb.driver.cluster - Updating cluster description to  {type=UNKNOWN, srvResolutionException=com.mongodb.MongoConfigurationException: Failed looking up SRV record for '_mongodb._tcp.TUNOMBREDECLUSTER.mongodb.net'., servers=[]
20:39:56.530 [cluster-ClusterId{value='69387b027339277edda4b129', description='null'}-srv-TUNOMBREDECLUSTER.mongodb.net] INFO  org.mongodb.driver.cluster - Exception while resolving SRV records
com.mongodb.MongoConfigurationException: Failed looking up SRV record for '_mongodb._tcp.TUNOMBREDECLUSTER.mongodb.net'.
	at com.mongodb.internal.dns.DefaultDnsResolver.resolveHostFromSrvRecords(DefaultDnsResolver.java:96)
	at com.mongodb.internal.connection.DefaultDnsSrvRecordMonitor$DnsSrvRecordMonitorRunnable.run(DefaultDnsSrvRecordMonitor.java:80)
	at java.base/java.lang.Thread.run(Thread.java:1583)
Caused by: com.mongodb.spi.dns.DnsWithResponseCodeException: DNS name not found [response code 3]
	at com.mongodb.internal.dns.JndiDnsClient.getResourceRecordData(JndiDnsClient.java:52)
	at com.mongodb.internal.dns.DefaultDnsResolver.resolveHostFromSrvRecords(DefaultDnsResolver.java:78)
	... 2 common frames omitted
Caused by: javax.naming.NameNotFoundException: DNS name not found [response code 3]
	at jdk.naming.dns/com.sun.jndi.dns.DnsClient.checkResponseCode(DnsClient.java:785)
	at jdk.naming.dns/com.sun.jndi.dns.DnsClient.isMatchResponse(DnsClient.java:703)
	at jdk.naming.dns/com.sun.jndi.dns.DnsClient.doUdpQuery(DnsClient.java:511)
	at jdk.naming.dns/com.sun.jndi.dns.DnsClient.query(DnsClient.java:259)
	at jdk.naming.dns/com.sun.jndi.dns.Resolver.query(Resolver.java:81)
	at jdk.naming.dns/com.sun.jndi.dns.DnsContext.c_getAttributes(DnsContext.java:434)
	at java.naming/com.sun.jndi.toolkit.ctx.ComponentDirContext.p_getAttributes(ComponentDirContext.java:235)
	at java.naming/com.sun.jndi.toolkit.ctx.PartialCompositeDirContext.getAttributes(PartialCompositeDirContext.java:141)
	at java.naming/com.sun.jndi.toolkit.ctx.PartialCompositeDirContext.getAttributes(PartialCompositeDirContext.java:129)
	at java.naming/javax.naming.directory.InitialDirContext.getAttributes(InitialDirContext.java:171)
	at com.mongodb.internal.dns.JndiDnsClient.getResourceRecordData(JndiDnsClient.java:41)
	... 3 common frames omitted
20:40:06.543 [cluster-ClusterId{value='69387b027339277edda4b129', description='null'}-srv-TUNOMBREDECLUSTER.mongodb.net] DEBUG org.mongodb.driver.cluster - Updating cluster description to  {type=UNKNOWN, srvResolutionException=com.mongodb.MongoConfigurationException: Failed looking up SRV record for '_mongodb._tcp.TUNOMBREDECLUSTER.mongodb.net'., servers=[]
20:40:06.543 [cluster-ClusterId{value='69387b027339277edda4b129', description='null'}-srv-TUNOMBREDECLUSTER.mongodb.net] INFO  org.mongodb.driver.cluster - Exception while resolving SRV records
com.mongodb.MongoConfigurationException: Failed looking up SRV record for '_mongodb._tcp.TUNOMBREDECLUSTER.mongodb.net'.
	at com.mongodb.internal.dns.DefaultDnsResolver.resolveHostFromSrvRecords(DefaultDnsResolver.java:96)
	at com.mongodb.internal.connection.DefaultDnsSrvRecordMonitor$DnsSrvRecordMonitorRunnable.run(DefaultDnsSrvRecordMonitor.java:80)
	at java.base/java.lang.Thread.run(Thread.java:1583)
Caused by: com.mongodb.spi.dns.DnsWithResponseCodeException: DNS name not found [response code 3]
	at com.mongodb.internal.dns.JndiDnsClient.getResourceRecordData(JndiDnsClient.java:52)
	at com.mongodb.internal.dns.DefaultDnsResolver.resolveHostFromSrvRecords(DefaultDnsResolver.java:78)
	... 2 common frames omitted
Caused by: javax.naming.NameNotFoundException: DNS name not found [response code 3]
	at jdk.naming.dns/com.sun.jndi.dns.DnsClient.checkResponseCode(DnsClient.java:785)
	at jdk.naming.dns/com.sun.jndi.dns.DnsClient.isMatchResponse(DnsClient.java:703)
	at jdk.naming.dns/com.sun.jndi.dns.DnsClient.doUdpQuery(DnsClient.java:511)
	at jdk.naming.dns/com.sun.jndi.dns.DnsClient.query(DnsClient.java:259)
	at jdk.naming.dns/com.sun.jndi.dns.Resolver.query(Resolver.java:81)
	at jdk.naming.dns/com.sun.jndi.dns.DnsContext.c_getAttributes(DnsContext.java:434)
	at java.naming/com.sun.jndi.toolkit.ctx.ComponentDirContext.p_getAttributes(ComponentDirContext.java:235)
	at java.naming/com.sun.jndi.toolkit.ctx.PartialCompositeDirContext.getAttributes(PartialCompositeDirContext.java:141)
	at java.naming/com.sun.jndi.toolkit.ctx.PartialCompositeDirContext.getAttributes(PartialCompositeDirContext.java:129)
	at java.naming/javax.naming.directory.InitialDirContext.getAttributes(InitialDirContext.java:171)
	at com.mongodb.internal.dns.JndiDnsClient.getResourceRecordData(JndiDnsClient.java:41)
	... 3 common frames omitted
20:40:16.492 [main] DEBUG org.mongodb.driver.cluster - Server selection failed for operation with ID 1. Failure: com.mongodb.MongoTimeoutException: Timed out while waiting for a suitable server. Selector: ReadPreferenceServerSelector{readPreference=primary}, topology description: {type=UNKNOWN, srvResolutionException=com.mongodb.MongoConfigurationException: Failed looking up SRV record for '_mongodb._tcp.TUNOMBREDECLUSTER.mongodb.net'., servers=[]
20:40:16.499 [main] DEBUG org.mongodb.driver.operation - Unable to retry an operation due to the error "com.mongodb.MongoTimeoutException: Timed out while waiting for a server that matches ReadPreferenceServerSelector{readPreference=primary}. Client view of cluster state is {type=UNKNOWN, srvResolutionException=com.mongodb.MongoConfigurationException: Failed looking up SRV record for '_mongodb._tcp.TUNOMBREDECLUSTER.mongodb.net'., servers=[]"
20:46:56.614 [main] INFO  org.mongodb.driver.client - MongoClient with metadata {"application": {"name": "Cluster0"}, "driver": {"name": "mongo-java-driver|sync", "version": "5.1.0"}, "os": {"type": "Windows", "name": "Windows 11", "architecture": "amd64", "version": "10.0"}, "platform": "Java/Oracle Corporation/21.0.8+12-LTS-250"} created with settings MongoClientSettings{readPreference=primary, writeConcern=WriteConcern{w=null, wTimeout=null ms, journal=null}, retryWrites=true, retryReads=true, readConcern=ReadConcern{level=null}, credential=MongoCredential{mechanism=null, userName='usuariocurso', source='admin', password=<hidden>, mechanismProperties=<hidden>}, transportSettings=null, commandListeners=[], codecRegistry=ProvidersCodecRegistry{codecProviders=[ValueCodecProvider{}, BsonValueCodecProvider{}, DBRefCodecProvider{}, DBObjectCodecProvider{}, DocumentCodecProvider{}, CollectionCodecProvider{}, IterableCodecProvider{}, MapCodecProvider{}, GeoJsonCodecProvider{}, GridFSFileCodecProvider{}, Jsr310CodecProvider{}, JsonObjectCodecProvider{}, BsonCodecProvider{}, EnumCodecProvider{}, com.mongodb.client.model.mql.ExpressionCodecProvider@359df09a, com.mongodb.Jep395RecordCodecProvider@43df23d3, com.mongodb.KotlinCodecProvider@6d60fe40]}, loggerSettings=LoggerSettings{maxDocumentLength=1000}, clusterSettings={hosts=[127.0.0.1:27017], srvHost=cluster0.evyfvcr.mongodb.net, srvServiceName=mongodb, mode=MULTIPLE, requiredClusterType=REPLICA_SET, requiredReplicaSetName='atlas-a2f7sm-shard-0', serverSelector='null', clusterListeners='[]', serverSelectionTimeout='30000 ms', localThreshold='15 ms'}, socketSettings=SocketSettings{connectTimeoutMS=10000, readTimeoutMS=0, receiveBufferSize=0, proxySettings=ProxySettings{host=null, port=null, username=null, password=null}}, heartbeatSocketSettings=SocketSettings{connectTimeoutMS=10000, readTimeoutMS=10000, receiveBufferSize=0, proxySettings=ProxySettings{host=null, port=null, username=null, password=null}}, connectionPoolSettings=ConnectionPoolSettings{maxSize=100, minSize=0, maxWaitTimeMS=120000, maxConnectionLifeTimeMS=0, maxConnectionIdleTimeMS=0, maintenanceInitialDelayMS=0, maintenanceFrequencyMS=60000, connectionPoolListeners=[], maxConnecting=2}, serverSettings=ServerSettings{heartbeatFrequencyMS=10000, minHeartbeatFrequencyMS=500, serverMonitoringMode=AUTO, serverListeners='[]', serverMonitorListeners='[]'}, sslSettings=SslSettings{enabled=true, invalidHostNameAllowed=false, context=null}, applicationName='Cluster0', compressorList=[], uuidRepresentation=UNSPECIFIED, serverApi=ServerApi{version=V1, deprecationErrors=null, strict=null}, autoEncryptionSettings=null, dnsClient=null, inetAddressResolver=null, contextProvider=null}
20:46:56.627 [cluster-ClusterId{value='69387cb0411220725a13b6b4', description='Cluster0'}-srv-cluster0.evyfvcr.mongodb.net] INFO  org.mongodb.driver.cluster - Adding discovered server ac-v4zs08p-shard-00-01.evyfvcr.mongodb.net:27017 to client view of cluster
20:46:56.636 [main] DEBUG org.mongodb.driver.cluster - Server selection started for operation with ID 1. Selector: ReadPreferenceServerSelector{readPreference=primary}, topology description: {type=UNKNOWN, servers=[]
20:46:56.639 [cluster-ClusterId{value='69387cb0411220725a13b6b4', description='Cluster0'}-srv-cluster0.evyfvcr.mongodb.net] DEBUG org.mongodb.driver.connection - Connection pool created for ac-v4zs08p-shard-00-01.evyfvcr.mongodb.net:27017 using options maxIdleTimeMS=0, minPoolSize=0, maxPoolSize=100, maxConnecting=2, waitQueueTimeoutMS=120000
20:46:56.640 [main] INFO  org.mongodb.driver.cluster - Waiting for server to become available for operation with ID 1. Remaining time: 30000 ms. Selector: ReadPreferenceServerSelector{readPreference=primary}, topology description: {type=UNKNOWN, servers=[].
20:46:56.645 [cluster-ClusterId{value='69387cb0411220725a13b6b4', description='Cluster0'}-srv-cluster0.evyfvcr.mongodb.net] INFO  org.mongodb.driver.cluster - Adding discovered server ac-v4zs08p-shard-00-00.evyfvcr.mongodb.net:27017 to client view of cluster
20:46:56.646 [cluster-ClusterId{value='69387cb0411220725a13b6b4', description='Cluster0'}-srv-cluster0.evyfvcr.mongodb.net] DEBUG org.mongodb.driver.connection - Connection pool created for ac-v4zs08p-shard-00-00.evyfvcr.mongodb.net:27017 using options maxIdleTimeMS=0, minPoolSize=0, maxPoolSize=100, maxConnecting=2, waitQueueTimeoutMS=120000
20:46:56.646 [cluster-ClusterId{value='69387cb0411220725a13b6b4', description='Cluster0'}-srv-cluster0.evyfvcr.mongodb.net] INFO  org.mongodb.driver.cluster - Adding discovered server ac-v4zs08p-shard-00-02.evyfvcr.mongodb.net:27017 to client view of cluster
20:46:56.648 [cluster-ClusterId{value='69387cb0411220725a13b6b4', description='Cluster0'}-srv-cluster0.evyfvcr.mongodb.net] DEBUG org.mongodb.driver.connection - Connection pool created for ac-v4zs08p-shard-00-02.evyfvcr.mongodb.net:27017 using options maxIdleTimeMS=0, minPoolSize=0, maxPoolSize=100, maxConnecting=2, waitQueueTimeoutMS=120000
20:46:56.649 [cluster-ClusterId{value='69387cb0411220725a13b6b4', description='Cluster0'}-srv-cluster0.evyfvcr.mongodb.net] DEBUG org.mongodb.driver.cluster - Updating cluster description to  {type=REPLICA_SET, servers=[{address=ac-v4zs08p-shard-00-02.evyfvcr.mongodb.net:27017, type=UNKNOWN, state=CONNECTING}, {address=ac-v4zs08p-shard-00-01.evyfvcr.mongodb.net:27017, type=UNKNOWN, state=CONNECTING}, {address=ac-v4zs08p-shard-00-00.evyfvcr.mongodb.net:27017, type=UNKNOWN, state=CONNECTING}]
20:46:57.022 [cluster-ClusterId{value='69387cb0411220725a13b6b4', description='Cluster0'}-ac-v4zs08p-shard-00-01.evyfvcr.mongodb.net:27017] INFO  org.mongodb.driver.cluster - Monitor thread successfully connected to server with description ServerDescription{address=ac-v4zs08p-shard-00-01.evyfvcr.mongodb.net:27017, type=REPLICA_SET_PRIMARY, state=CONNECTED, ok=true, minWireVersion=0, maxWireVersion=25, maxDocumentSize=16777216, logicalSessionTimeoutMinutes=30, roundTripTimeNanos=222078901, setName='atlas-a2f7sm-shard-0', canonicalAddress=ac-v4zs08p-shard-00-01.evyfvcr.mongodb.net:27017, hosts=[ac-v4zs08p-shard-00-00.evyfvcr.mongodb.net:27017, ac-v4zs08p-shard-00-01.evyfvcr.mongodb.net:27017, ac-v4zs08p-shard-00-02.evyfvcr.mongodb.net:27017], passives=[], arbiters=[], primary='ac-v4zs08p-shard-00-01.evyfvcr.mongodb.net:27017', tagSet=TagSet{[Tag{name='availabilityZone', value='euw3-az2'}, Tag{name='diskState', value='READY'}, Tag{name='nodeType', value='ELECTABLE'}, Tag{name='provider', value='AWS'}, Tag{name='region', value='EU_WEST_3'}, Tag{name='workloadType', value='OPERATIONAL'}]}, electionId=7fffffff000000000000009b, setVersion=9, topologyVersion=TopologyVersion{processId=692077582f7577395aa3302f, counter=6}, lastWriteDate=Tue Dec 09 20:47:19 CET 2025, lastUpdateTimeNanos=16924759643000}
20:46:57.022 [cluster-ClusterId{value='69387cb0411220725a13b6b4', description='Cluster0'}-ac-v4zs08p-shard-00-00.evyfvcr.mongodb.net:27017] INFO  org.mongodb.driver.cluster - Monitor thread successfully connected to server with description ServerDescription{address=ac-v4zs08p-shard-00-00.evyfvcr.mongodb.net:27017, type=REPLICA_SET_SECONDARY, state=CONNECTED, ok=true, minWireVersion=0, maxWireVersion=25, maxDocumentSize=16777216, logicalSessionTimeoutMinutes=30, roundTripTimeNanos=220801500, setName='atlas-a2f7sm-shard-0', canonicalAddress=ac-v4zs08p-shard-00-00.evyfvcr.mongodb.net:27017, hosts=[ac-v4zs08p-shard-00-00.evyfvcr.mongodb.net:27017, ac-v4zs08p-shard-00-01.evyfvcr.mongodb.net:27017, ac-v4zs08p-shard-00-02.evyfvcr.mongodb.net:27017], passives=[], arbiters=[], primary='ac-v4zs08p-shard-00-01.evyfvcr.mongodb.net:27017', tagSet=TagSet{[Tag{name='availabilityZone', value='euw3-az1'}, Tag{name='diskState', value='READY'}, Tag{name='nodeType', value='ELECTABLE'}, Tag{name='provider', value='AWS'}, Tag{name='region', value='EU_WEST_3'}, Tag{name='workloadType', value='OPERATIONAL'}]}, electionId=null, setVersion=9, topologyVersion=TopologyVersion{processId=692074d7a2728db27df5c093, counter=4}, lastWriteDate=Tue Dec 09 20:47:19 CET 2025, lastUpdateTimeNanos=16924759643000}
20:46:57.022 [cluster-ClusterId{value='69387cb0411220725a13b6b4', description='Cluster0'}-ac-v4zs08p-shard-00-02.evyfvcr.mongodb.net:27017] INFO  org.mongodb.driver.cluster - Monitor thread successfully connected to server with description ServerDescription{address=ac-v4zs08p-shard-00-02.evyfvcr.mongodb.net:27017, type=REPLICA_SET_SECONDARY, state=CONNECTED, ok=true, minWireVersion=0, maxWireVersion=25, maxDocumentSize=16777216, logicalSessionTimeoutMinutes=30, roundTripTimeNanos=216665700, setName='atlas-a2f7sm-shard-0', canonicalAddress=ac-v4zs08p-shard-00-02.evyfvcr.mongodb.net:27017, hosts=[ac-v4zs08p-shard-00-00.evyfvcr.mongodb.net:27017, ac-v4zs08p-shard-00-01.evyfvcr.mongodb.net:27017, ac-v4zs08p-shard-00-02.evyfvcr.mongodb.net:27017], passives=[], arbiters=[], primary='ac-v4zs08p-shard-00-01.evyfvcr.mongodb.net:27017', tagSet=TagSet{[Tag{name='availabilityZone', value='euw3-az3'}, Tag{name='diskState', value='READY'}, Tag{name='nodeType', value='ELECTABLE'}, Tag{name='provider', value='AWS'}, Tag{name='region', value='EU_WEST_3'}, Tag{name='workloadType', value='OPERATIONAL'}]}, electionId=null, setVersion=9, topologyVersion=TopologyVersion{processId=692079e63a8aed23d2b73215, counter=3}, lastWriteDate=Tue Dec 09 20:47:19 CET 2025, lastUpdateTimeNanos=16924759643000}
20:46:57.023 [cluster-ClusterId{value='69387cb0411220725a13b6b4', description='Cluster0'}-ac-v4zs08p-shard-00-01.evyfvcr.mongodb.net:27017] DEBUG org.mongodb.driver.connection - Connection pool ready for ac-v4zs08p-shard-00-01.evyfvcr.mongodb.net:27017
20:46:57.028 [cluster-ClusterId{value='69387cb0411220725a13b6b4', description='Cluster0'}-ac-v4zs08p-shard-00-01.evyfvcr.mongodb.net:27017] INFO  org.mongodb.driver.cluster - Discovered replica set primary ac-v4zs08p-shard-00-01.evyfvcr.mongodb.net:27017 with max election id 7fffffff000000000000009b and max set version 9
20:46:57.030 [cluster-ClusterId{value='69387cb0411220725a13b6b4', description='Cluster0'}-ac-v4zs08p-shard-00-01.evyfvcr.mongodb.net:27017] DEBUG org.mongodb.driver.cluster - Updating cluster description to  {type=REPLICA_SET, servers=[{address=ac-v4zs08p-shard-00-02.evyfvcr.mongodb.net:27017, type=UNKNOWN, state=CONNECTING}, {address=ac-v4zs08p-shard-00-01.evyfvcr.mongodb.net:27017, type=REPLICA_SET_PRIMARY, TagSet{[Tag{name='availabilityZone', value='euw3-az2'}, Tag{name='diskState', value='READY'}, Tag{name='nodeType', value='ELECTABLE'}, Tag{name='provider', value='AWS'}, Tag{name='region', value='EU_WEST_3'}, Tag{name='workloadType', value='OPERATIONAL'}]}, roundTripTime=222.1 ms, state=CONNECTED}, {address=ac-v4zs08p-shard-00-00.evyfvcr.mongodb.net:27017, type=UNKNOWN, state=CONNECTING}]
20:46:57.030 [cluster-ClusterId{value='69387cb0411220725a13b6b4', description='Cluster0'}-ac-v4zs08p-shard-00-01.evyfvcr.mongodb.net:27017] DEBUG org.mongodb.driver.cluster - Checking status of ac-v4zs08p-shard-00-01.evyfvcr.mongodb.net:27017
20:46:57.030 [cluster-ClusterId{value='69387cb0411220725a13b6b4', description='Cluster0'}-ac-v4zs08p-shard-00-00.evyfvcr.mongodb.net:27017] DEBUG org.mongodb.driver.connection - Connection pool ready for ac-v4zs08p-shard-00-00.evyfvcr.mongodb.net:27017
20:46:57.030 [main] DEBUG org.mongodb.driver.cluster - Server selection succeeded for operation with ID 1. Selected server: ac-v4zs08p-shard-00-01.evyfvcr.mongodb.net:27017. Selector: ReadPreferenceServerSelector{readPreference=primary}, topology description: {type=REPLICA_SET, servers=[{address=ac-v4zs08p-shard-00-02.evyfvcr.mongodb.net:27017, type=UNKNOWN, state=CONNECTING}, {address=ac-v4zs08p-shard-00-01.evyfvcr.mongodb.net:27017, type=REPLICA_SET_PRIMARY, TagSet{[Tag{name='availabilityZone', value='euw3-az2'}, Tag{name='diskState', value='READY'}, Tag{name='nodeType', value='ELECTABLE'}, Tag{name='provider', value='AWS'}, Tag{name='region', value='EU_WEST_3'}, Tag{name='workloadType', value='OPERATIONAL'}]}, roundTripTime=222.1 ms, state=CONNECTED}, {address=ac-v4zs08p-shard-00-00.evyfvcr.mongodb.net:27017, type=UNKNOWN, state=CONNECTING}]
20:46:57.030 [cluster-ClusterId{value='69387cb0411220725a13b6b4', description='Cluster0'}-ac-v4zs08p-shard-00-00.evyfvcr.mongodb.net:27017] DEBUG org.mongodb.driver.cluster - Updating cluster description to  {type=REPLICA_SET, servers=[{address=ac-v4zs08p-shard-00-02.evyfvcr.mongodb.net:27017, type=UNKNOWN, state=CONNECTING}, {address=ac-v4zs08p-shard-00-01.evyfvcr.mongodb.net:27017, type=REPLICA_SET_PRIMARY, TagSet{[Tag{name='availabilityZone', value='euw3-az2'}, Tag{name='diskState', value='READY'}, Tag{name='nodeType', value='ELECTABLE'}, Tag{name='provider', value='AWS'}, Tag{name='region', value='EU_WEST_3'}, Tag{name='workloadType', value='OPERATIONAL'}]}, roundTripTime=222.1 ms, state=CONNECTED}, {address=ac-v4zs08p-shard-00-00.evyfvcr.mongodb.net:27017, type=REPLICA_SET_SECONDARY, TagSet{[Tag{name='availabilityZone', value='euw3-az1'}, Tag{name='diskState', value='READY'}, Tag{name='nodeType', value='ELECTABLE'}, Tag{name='provider', value='AWS'}, Tag{name='region', value='EU_WEST_3'}, Tag{name='workloadType', value='OPERATIONAL'}]}, roundTripTime=220.8 ms, state=CONNECTED}]
20:46:57.030 [cluster-ClusterId{value='69387cb0411220725a13b6b4', description='Cluster0'}-ac-v4zs08p-shard-00-00.evyfvcr.mongodb.net:27017] DEBUG org.mongodb.driver.cluster - Checking status of ac-v4zs08p-shard-00-00.evyfvcr.mongodb.net:27017
20:46:57.030 [cluster-ClusterId{value='69387cb0411220725a13b6b4', description='Cluster0'}-ac-v4zs08p-shard-00-02.evyfvcr.mongodb.net:27017] DEBUG org.mongodb.driver.connection - Connection pool ready for ac-v4zs08p-shard-00-02.evyfvcr.mongodb.net:27017
20:46:57.031 [cluster-ClusterId{value='69387cb0411220725a13b6b4', description='Cluster0'}-ac-v4zs08p-shard-00-02.evyfvcr.mongodb.net:27017] DEBUG org.mongodb.driver.cluster - Updating cluster description to  {type=REPLICA_SET, servers=[{address=ac-v4zs08p-shard-00-02.evyfvcr.mongodb.net:27017, type=REPLICA_SET_SECONDARY, TagSet{[Tag{name='availabilityZone', value='euw3-az3'}, Tag{name='diskState', value='READY'}, Tag{name='nodeType', value='ELECTABLE'}, Tag{name='provider', value='AWS'}, Tag{name='region', value='EU_WEST_3'}, Tag{name='workloadType', value='OPERATIONAL'}]}, roundTripTime=216.7 ms, state=CONNECTED}, {address=ac-v4zs08p-shard-00-01.evyfvcr.mongodb.net:27017, type=REPLICA_SET_PRIMARY, TagSet{[Tag{name='availabilityZone', value='euw3-az2'}, Tag{name='diskState', value='READY'}, Tag{name='nodeType', value='ELECTABLE'}, Tag{name='provider', value='AWS'}, Tag{name='region', value='EU_WEST_3'}, Tag{name='workloadType', value='OPERATIONAL'}]}, roundTripTime=222.1 ms, state=CONNECTED}, {address=ac-v4zs08p-shard-00-00.evyfvcr.mongodb.net:27017, type=REPLICA_SET_SECONDARY, TagSet{[Tag{name='availabilityZone', value='euw3-az1'}, Tag{name='diskState', value='READY'}, Tag{name='nodeType', value='ELECTABLE'}, Tag{name='provider', value='AWS'}, Tag{name='region', value='EU_WEST_3'}, Tag{name='workloadType', value='OPERATIONAL'}]}, roundTripTime=220.8 ms, state=CONNECTED}]
20:46:57.031 [cluster-ClusterId{value='69387cb0411220725a13b6b4', description='Cluster0'}-ac-v4zs08p-shard-00-02.evyfvcr.mongodb.net:27017] DEBUG org.mongodb.driver.cluster - Checking status of ac-v4zs08p-shard-00-02.evyfvcr.mongodb.net:27017
20:46:57.032 [main] DEBUG org.mongodb.driver.connection - Checkout started for connection to ac-v4zs08p-shard-00-01.evyfvcr.mongodb.net:27017
20:46:57.035 [main] DEBUG org.mongodb.driver.connection - Connection created: address=ac-v4zs08p-shard-00-01.evyfvcr.mongodb.net:27017, driver-generated ID=7
20:46:57.237 [main] DEBUG org.mongodb.driver.connection - Connection closed: address=ac-v4zs08p-shard-00-01.evyfvcr.mongodb.net:27017, driver-generated ID=7. Reason: An error occurred while using the connection. Error: There was a socket exception raised by this connection
20:46:57.238 [main] DEBUG org.mongodb.driver.connection - Checkout failed for connection to ac-v4zs08p-shard-00-01.evyfvcr.mongodb.net:27017. Reason: An error occurred while trying to establish a new connection. Error: com.mongodb.MongoSecurityException: Exception authenticating MongoCredential{mechanism=SCRAM-SHA-1, userName='usuariocurso', source='admin', password=<hidden>, mechanismProperties=<hidden>}. Duration: 205 ms
20:46:57.238 [main] DEBUG org.mongodb.driver.cluster - Updating cluster description to  {type=REPLICA_SET, servers=[{address=ac-v4zs08p-shard-00-02.evyfvcr.mongodb.net:27017, type=REPLICA_SET_SECONDARY, TagSet{[Tag{name='availabilityZone', value='euw3-az3'}, Tag{name='diskState', value='READY'}, Tag{name='nodeType', value='ELECTABLE'}, Tag{name='provider', value='AWS'}, Tag{name='region', value='EU_WEST_3'}, Tag{name='workloadType', value='OPERATIONAL'}]}, roundTripTime=216.7 ms, state=CONNECTED}, {address=ac-v4zs08p-shard-00-01.evyfvcr.mongodb.net:27017, type=UNKNOWN, state=CONNECTING, exception={com.mongodb.MongoSecurityException: Exception authenticating MongoCredential{mechanism=SCRAM-SHA-1, userName='usuariocurso', source='admin', password=<hidden>, mechanismProperties=<hidden>}}, caused by {com.mongodb.MongoCommandException: Command failed with error 8000 (AtlasError): 'bad auth : authentication failed' on server ac-v4zs08p-shard-00-01.evyfvcr.mongodb.net:27017. The full response is {"ok": 0, "errmsg": "bad auth : authentication failed", "code": 8000, "codeName": "AtlasError"}}}, {address=ac-v4zs08p-shard-00-00.evyfvcr.mongodb.net:27017, type=REPLICA_SET_SECONDARY, TagSet{[Tag{name='availabilityZone', value='euw3-az1'}, Tag{name='diskState', value='READY'}, Tag{name='nodeType', value='ELECTABLE'}, Tag{name='provider', value='AWS'}, Tag{name='region', value='EU_WEST_3'}, Tag{name='workloadType', value='OPERATIONAL'}]}, roundTripTime=220.8 ms, state=CONNECTED}]
20:46:57.239 [main] DEBUG org.mongodb.driver.connection - Connection pool for ac-v4zs08p-shard-00-01.evyfvcr.mongodb.net:27017 cleared
20:46:57.242 [main] DEBUG org.mongodb.driver.connection - Connection pool closed for ac-v4zs08p-shard-00-02.evyfvcr.mongodb.net:27017
20:46:57.273 [main] DEBUG org.mongodb.driver.connection - Connection pool closed for ac-v4zs08p-shard-00-01.evyfvcr.mongodb.net:27017
20:46:57.300 [main] DEBUG org.mongodb.driver.connection - Connection pool closed for ac-v4zs08p-shard-00-00.evyfvcr.mongodb.net:27017
20:50:48.041 [main] INFO  org.mongodb.driver.client - MongoClient with metadata {"driver": {"name": "mongo-java-driver|sync", "version": "5.1.0"}, "os": {"type": "Windows", "name": "Windows 11", "architecture": "amd64", "version": "10.0"}, "platform": "Java/Oracle Corporation/21.0.8+12-LTS-250"} created with settings MongoClientSettings{readPreference=primary, writeConcern=WriteConcern{w=majority, wTimeout=null ms, journal=null}, retryWrites=true, retryReads=true, readConcern=ReadConcern{level=null}, credential=MongoCredential{mechanism=null, userName='appUser', source='admin', password=<hidden>, mechanismProperties=<hidden>}, transportSettings=null, commandListeners=[], codecRegistry=ProvidersCodecRegistry{codecProviders=[ValueCodecProvider{}, BsonValueCodecProvider{}, DBRefCodecProvider{}, DBObjectCodecProvider{}, DocumentCodecProvider{}, CollectionCodecProvider{}, IterableCodecProvider{}, MapCodecProvider{}, GeoJsonCodecProvider{}, GridFSFileCodecProvider{}, Jsr310CodecProvider{}, JsonObjectCodecProvider{}, BsonCodecProvider{}, EnumCodecProvider{}, com.mongodb.client.model.mql.ExpressionCodecProvider@247310d0, com.mongodb.Jep395RecordCodecProvider@1033576a, com.mongodb.KotlinCodecProvider@303cf2ba]}, loggerSettings=LoggerSettings{maxDocumentLength=1000}, clusterSettings={hosts=[127.0.0.1:27017], srvHost=TUNOMBREDECLUSTER.mongodb.net, srvServiceName=mongodb, mode=MULTIPLE, requiredClusterType=UNKNOWN, requiredReplicaSetName='null', serverSelector='null', clusterListeners='[]', serverSelectionTimeout='30000 ms', localThreshold='15 ms'}, socketSettings=SocketSettings{connectTimeoutMS=10000, readTimeoutMS=0, receiveBufferSize=0, proxySettings=ProxySettings{host=null, port=null, username=null, password=null}}, heartbeatSocketSettings=SocketSettings{connectTimeoutMS=10000, readTimeoutMS=10000, receiveBufferSize=0, proxySettings=ProxySettings{host=null, port=null, username=null, password=null}}, connectionPoolSettings=ConnectionPoolSettings{maxSize=100, minSize=0, maxWaitTimeMS=120000, maxConnectionLifeTimeMS=0, maxConnectionIdleTimeMS=0, maintenanceInitialDelayMS=0, maintenanceFrequencyMS=60000, connectionPoolListeners=[], maxConnecting=2}, serverSettings=ServerSettings{heartbeatFrequencyMS=10000, minHeartbeatFrequencyMS=500, serverMonitoringMode=AUTO, serverListeners='[]', serverMonitorListeners='[]'}, sslSettings=SslSettings{enabled=true, invalidHostNameAllowed=false, context=null}, applicationName='null', compressorList=[], uuidRepresentation=UNSPECIFIED, serverApi=null, autoEncryptionSettings=null, dnsClient=null, inetAddressResolver=null, contextProvider=null}
20:50:48.049 [cluster-ClusterId{value='69387d9832b55b6d366db803', description='null'}-srv-TUNOMBREDECLUSTER.mongodb.net] DEBUG org.mongodb.driver.cluster - Updating cluster description to  {type=UNKNOWN, srvResolutionException=com.mongodb.MongoConfigurationException: Failed looking up SRV record for '_mongodb._tcp.TUNOMBREDECLUSTER.mongodb.net'., servers=[]
20:50:48.050 [cluster-ClusterId{value='69387d9832b55b6d366db803', description='null'}-srv-TUNOMBREDECLUSTER.mongodb.net] INFO  org.mongodb.driver.cluster - Exception while resolving SRV records
com.mongodb.MongoConfigurationException: Failed looking up SRV record for '_mongodb._tcp.TUNOMBREDECLUSTER.mongodb.net'.
	at com.mongodb.internal.dns.DefaultDnsResolver.resolveHostFromSrvRecords(DefaultDnsResolver.java:96)
	at com.mongodb.internal.connection.DefaultDnsSrvRecordMonitor$DnsSrvRecordMonitorRunnable.run(DefaultDnsSrvRecordMonitor.java:80)
	at java.base/java.lang.Thread.run(Thread.java:1583)
Caused by: com.mongodb.spi.dns.DnsWithResponseCodeException: DNS name not found [response code 3]
	at com.mongodb.internal.dns.JndiDnsClient.getResourceRecordData(JndiDnsClient.java:52)
	at com.mongodb.internal.dns.DefaultDnsResolver.resolveHostFromSrvRecords(DefaultDnsResolver.java:78)
	... 2 common frames omitted
Caused by: javax.naming.NameNotFoundException: DNS name not found [response code 3]
	at jdk.naming.dns/com.sun.jndi.dns.DnsClient.checkResponseCode(DnsClient.java:785)
	at jdk.naming.dns/com.sun.jndi.dns.DnsClient.isMatchResponse(DnsClient.java:703)
	at jdk.naming.dns/com.sun.jndi.dns.DnsClient.doUdpQuery(DnsClient.java:511)
	at jdk.naming.dns/com.sun.jndi.dns.DnsClient.query(DnsClient.java:259)
	at jdk.naming.dns/com.sun.jndi.dns.Resolver.query(Resolver.java:81)
	at jdk.naming.dns/com.sun.jndi.dns.DnsContext.c_getAttributes(DnsContext.java:434)
	at java.naming/com.sun.jndi.toolkit.ctx.ComponentDirContext.p_getAttributes(ComponentDirContext.java:235)
	at java.naming/com.sun.jndi.toolkit.ctx.PartialCompositeDirContext.getAttributes(PartialCompositeDirContext.java:141)
	at java.naming/com.sun.jndi.toolkit.ctx.PartialCompositeDirContext.getAttributes(PartialCompositeDirContext.java:129)
	at java.naming/javax.naming.directory.InitialDirContext.getAttributes(InitialDirContext.java:171)
	at com.mongodb.internal.dns.JndiDnsClient.getResourceRecordData(JndiDnsClient.java:41)
	... 3 common frames omitted
20:50:48.069 [main] DEBUG org.mongodb.driver.cluster - Server selection started for operation with ID 1. Selector: ReadPreferenceServerSelector{readPreference=primary}, topology description: {type=UNKNOWN, srvResolutionException=com.mongodb.MongoConfigurationException: Failed looking up SRV record for '_mongodb._tcp.TUNOMBREDECLUSTER.mongodb.net'., servers=[]
20:50:48.073 [main] INFO  org.mongodb.driver.cluster - Waiting for server to become available for operation with ID 1. Remaining time: 30000 ms. Selector: ReadPreferenceServerSelector{readPreference=primary}, topology description: {type=UNKNOWN, srvResolutionException=com.mongodb.MongoConfigurationException: Failed looking up SRV record for '_mongodb._tcp.TUNOMBREDECLUSTER.mongodb.net'., servers=[].
20:50:58.081 [cluster-ClusterId{value='69387d9832b55b6d366db803', description='null'}-srv-TUNOMBREDECLUSTER.mongodb.net] DEBUG org.mongodb.driver.cluster - Updating cluster description to  {type=UNKNOWN, srvResolutionException=com.mongodb.MongoConfigurationException: Failed looking up SRV record for '_mongodb._tcp.TUNOMBREDECLUSTER.mongodb.net'., servers=[]
20:50:58.081 [cluster-ClusterId{value='69387d9832b55b6d366db803', description='null'}-srv-TUNOMBREDECLUSTER.mongodb.net] INFO  org.mongodb.driver.cluster - Exception while resolving SRV records
com.mongodb.MongoConfigurationException: Failed looking up SRV record for '_mongodb._tcp.TUNOMBREDECLUSTER.mongodb.net'.
	at com.mongodb.internal.dns.DefaultDnsResolver.resolveHostFromSrvRecords(DefaultDnsResolver.java:96)
	at com.mongodb.internal.connection.DefaultDnsSrvRecordMonitor$DnsSrvRecordMonitorRunnable.run(DefaultDnsSrvRecordMonitor.java:80)
	at java.base/java.lang.Thread.run(Thread.java:1583)
Caused by: com.mongodb.spi.dns.DnsWithResponseCodeException: DNS name not found [response code 3]
	at com.mongodb.internal.dns.JndiDnsClient.getResourceRecordData(JndiDnsClient.java:52)
	at com.mongodb.internal.dns.DefaultDnsResolver.resolveHostFromSrvRecords(DefaultDnsResolver.java:78)
	... 2 common frames omitted
Caused by: javax.naming.NameNotFoundException: DNS name not found [response code 3]
	at jdk.naming.dns/com.sun.jndi.dns.DnsClient.checkResponseCode(DnsClient.java:785)
	at jdk.naming.dns/com.sun.jndi.dns.DnsClient.isMatchResponse(DnsClient.java:703)
	at jdk.naming.dns/com.sun.jndi.dns.DnsClient.doUdpQuery(DnsClient.java:511)
	at jdk.naming.dns/com.sun.jndi.dns.DnsClient.query(DnsClient.java:259)
	at jdk.naming.dns/com.sun.jndi.dns.Resolver.query(Resolver.java:81)
	at jdk.naming.dns/com.sun.jndi.dns.DnsContext.c_getAttributes(DnsContext.java:434)
	at java.naming/com.sun.jndi.toolkit.ctx.ComponentDirContext.p_getAttributes(ComponentDirContext.java:235)
	at java.naming/com.sun.jndi.toolkit.ctx.PartialCompositeDirContext.getAttributes(PartialCompositeDirContext.java:141)
	at java.naming/com.sun.jndi.toolkit.ctx.PartialCompositeDirContext.getAttributes(PartialCompositeDirContext.java:129)
	at java.naming/javax.naming.directory.InitialDirContext.getAttributes(InitialDirContext.java:171)
	at com.mongodb.internal.dns.JndiDnsClient.getResourceRecordData(JndiDnsClient.java:41)
	... 3 common frames omitted
20:51:08.101 [cluster-ClusterId{value='69387d9832b55b6d366db803', description='null'}-srv-TUNOMBREDECLUSTER.mongodb.net] DEBUG org.mongodb.driver.cluster - Updating cluster description to  {type=UNKNOWN, srvResolutionException=com.mongodb.MongoConfigurationException: Failed looking up SRV record for '_mongodb._tcp.TUNOMBREDECLUSTER.mongodb.net'., servers=[]
20:51:08.101 [cluster-ClusterId{value='69387d9832b55b6d366db803', description='null'}-srv-TUNOMBREDECLUSTER.mongodb.net] INFO  org.mongodb.driver.cluster - Exception while resolving SRV records
com.mongodb.MongoConfigurationException: Failed looking up SRV record for '_mongodb._tcp.TUNOMBREDECLUSTER.mongodb.net'.
	at com.mongodb.internal.dns.DefaultDnsResolver.resolveHostFromSrvRecords(DefaultDnsResolver.java:96)
	at com.mongodb.internal.connection.DefaultDnsSrvRecordMonitor$DnsSrvRecordMonitorRunnable.run(DefaultDnsSrvRecordMonitor.java:80)
	at java.base/java.lang.Thread.run(Thread.java:1583)
Caused by: com.mongodb.spi.dns.DnsWithResponseCodeException: DNS name not found [response code 3]
	at com.mongodb.internal.dns.JndiDnsClient.getResourceRecordData(JndiDnsClient.java:52)
	at com.mongodb.internal.dns.DefaultDnsResolver.resolveHostFromSrvRecords(DefaultDnsResolver.java:78)
	... 2 common frames omitted
Caused by: javax.naming.NameNotFoundException: DNS name not found [response code 3]
	at jdk.naming.dns/com.sun.jndi.dns.DnsClient.checkResponseCode(DnsClient.java:785)
	at jdk.naming.dns/com.sun.jndi.dns.DnsClient.isMatchResponse(DnsClient.java:703)
	at jdk.naming.dns/com.sun.jndi.dns.DnsClient.doUdpQuery(DnsClient.java:511)
	at jdk.naming.dns/com.sun.jndi.dns.DnsClient.query(DnsClient.java:259)
	at jdk.naming.dns/com.sun.jndi.dns.Resolver.query(Resolver.java:81)
	at jdk.naming.dns/com.sun.jndi.dns.DnsContext.c_getAttributes(DnsContext.java:434)
	at java.naming/com.sun.jndi.toolkit.ctx.ComponentDirContext.p_getAttributes(ComponentDirContext.java:235)
	at java.naming/com.sun.jndi.toolkit.ctx.PartialCompositeDirContext.getAttributes(PartialCompositeDirContext.java:141)
	at java.naming/com.sun.jndi.toolkit.ctx.PartialCompositeDirContext.getAttributes(PartialCompositeDirContext.java:129)
	at java.naming/javax.naming.directory.InitialDirContext.getAttributes(InitialDirContext.java:171)
	at com.mongodb.internal.dns.JndiDnsClient.getResourceRecordData(JndiDnsClient.java:41)
	... 3 common frames omitted
20:51:18.075 [main] DEBUG org.mongodb.driver.cluster - Server selection failed for operation with ID 1. Failure: com.mongodb.MongoTimeoutException: Timed out while waiting for a suitable server. Selector: ReadPreferenceServerSelector{readPreference=primary}, topology description: {type=UNKNOWN, srvResolutionException=com.mongodb.MongoConfigurationException: Failed looking up SRV record for '_mongodb._tcp.TUNOMBREDECLUSTER.mongodb.net'., servers=[]
20:51:18.081 [main] DEBUG org.mongodb.driver.operation - Unable to retry an operation due to the error "com.mongodb.MongoTimeoutException: Timed out while waiting for a server that matches ReadPreferenceServerSelector{readPreference=primary}. Client view of cluster state is {type=UNKNOWN, srvResolutionException=com.mongodb.MongoConfigurationException: Failed looking up SRV record for '_mongodb._tcp.TUNOMBREDECLUSTER.mongodb.net'., servers=[]"
20:51:29.918 [cluster-ClusterId{value='69387dc1c3622e6a3da39967', description='null'}-srv-TUNOMBREDECLUSTER.mongodb.net] DEBUG org.mongodb.driver.cluster - Updating cluster description to  {type=UNKNOWN, srvResolutionException=com.mongodb.MongoConfigurationException: Failed looking up SRV record for '_mongodb._tcp.TUNOMBREDECLUSTER.mongodb.net'., servers=[]
20:51:29.918 [cluster-ClusterId{value='69387dc1c3622e6a3da39967', description='null'}-srv-TUNOMBREDECLUSTER.mongodb.net] INFO  org.mongodb.driver.cluster - Exception while resolving SRV records
com.mongodb.MongoConfigurationException: Failed looking up SRV record for '_mongodb._tcp.TUNOMBREDECLUSTER.mongodb.net'.
	at com.mongodb.internal.dns.DefaultDnsResolver.resolveHostFromSrvRecords(DefaultDnsResolver.java:96)
	at com.mongodb.internal.connection.DefaultDnsSrvRecordMonitor$DnsSrvRecordMonitorRunnable.run(DefaultDnsSrvRecordMonitor.java:80)
	at java.base/java.lang.Thread.run(Thread.java:1583)
Caused by: com.mongodb.spi.dns.DnsWithResponseCodeException: DNS name not found [response code 3]
	at com.mongodb.internal.dns.JndiDnsClient.getResourceRecordData(JndiDnsClient.java:52)
	at com.mongodb.internal.dns.DefaultDnsResolver.resolveHostFromSrvRecords(DefaultDnsResolver.java:78)
	... 2 common frames omitted
Caused by: javax.naming.NameNotFoundException: DNS name not found [response code 3]
	at jdk.naming.dns/com.sun.jndi.dns.DnsClient.checkResponseCode(DnsClient.java:785)
	at jdk.naming.dns/com.sun.jndi.dns.DnsClient.isMatchResponse(DnsClient.java:703)
	at jdk.naming.dns/com.sun.jndi.dns.DnsClient.doUdpQuery(DnsClient.java:511)
	at jdk.naming.dns/com.sun.jndi.dns.DnsClient.query(DnsClient.java:259)
	at jdk.naming.dns/com.sun.jndi.dns.Resolver.query(Resolver.java:81)
	at jdk.naming.dns/com.sun.jndi.dns.DnsContext.c_getAttributes(DnsContext.java:434)
	at java.naming/com.sun.jndi.toolkit.ctx.ComponentDirContext.p_getAttributes(ComponentDirContext.java:235)
	at java.naming/com.sun.jndi.toolkit.ctx.PartialCompositeDirContext.getAttributes(PartialCompositeDirContext.java:141)
	at java.naming/com.sun.jndi.toolkit.ctx.PartialCompositeDirContext.getAttributes(PartialCompositeDirContext.java:129)
	at java.naming/javax.naming.directory.InitialDirContext.getAttributes(InitialDirContext.java:171)
	at com.mongodb.internal.dns.JndiDnsClient.getResourceRecordData(JndiDnsClient.java:41)
	... 3 common frames omitted
20:51:29.924 [main] INFO  org.mongodb.driver.client - MongoClient with metadata {"driver": {"name": "mongo-java-driver|sync", "version": "5.1.0"}, "os": {"type": "Windows", "name": "Windows 11", "architecture": "amd64", "version": "10.0"}, "platform": "Java/Oracle Corporation/21.0.8+12-LTS-250"} created with settings MongoClientSettings{readPreference=primary, writeConcern=WriteConcern{w=majority, wTimeout=null ms, journal=null}, retryWrites=true, retryReads=true, readConcern=ReadConcern{level=null}, credential=MongoCredential{mechanism=null, userName='appUser', source='admin', password=<hidden>, mechanismProperties=<hidden>}, transportSettings=null, commandListeners=[], codecRegistry=ProvidersCodecRegistry{codecProviders=[ValueCodecProvider{}, BsonValueCodecProvider{}, DBRefCodecProvider{}, DBObjectCodecProvider{}, DocumentCodecProvider{}, CollectionCodecProvider{}, IterableCodecProvider{}, MapCodecProvider{}, GeoJsonCodecProvider{}, GridFSFileCodecProvider{}, Jsr310CodecProvider{}, JsonObjectCodecProvider{}, BsonCodecProvider{}, EnumCodecProvider{}, com.mongodb.client.model.mql.ExpressionCodecProvider@247310d0, com.mongodb.Jep395RecordCodecProvider@1033576a, com.mongodb.KotlinCodecProvider@303cf2ba]}, loggerSettings=LoggerSettings{maxDocumentLength=1000}, clusterSettings={hosts=[127.0.0.1:27017], srvHost=TUNOMBREDECLUSTER.mongodb.net, srvServiceName=mongodb, mode=MULTIPLE, requiredClusterType=UNKNOWN, requiredReplicaSetName='null', serverSelector='null', clusterListeners='[]', serverSelectionTimeout='30000 ms', localThreshold='15 ms'}, socketSettings=SocketSettings{connectTimeoutMS=10000, readTimeoutMS=0, receiveBufferSize=0, proxySettings=ProxySettings{host=null, port=null, username=null, password=null}}, heartbeatSocketSettings=SocketSettings{connectTimeoutMS=10000, readTimeoutMS=10000, receiveBufferSize=0, proxySettings=ProxySettings{host=null, port=null, username=null, password=null}}, connectionPoolSettings=ConnectionPoolSettings{maxSize=100, minSize=0, maxWaitTimeMS=120000, maxConnectionLifeTimeMS=0, maxConnectionIdleTimeMS=0, maintenanceInitialDelayMS=0, maintenanceFrequencyMS=60000, connectionPoolListeners=[], maxConnecting=2}, serverSettings=ServerSettings{heartbeatFrequencyMS=10000, minHeartbeatFrequencyMS=500, serverMonitoringMode=AUTO, serverListeners='[]', serverMonitorListeners='[]'}, sslSettings=SslSettings{enabled=true, invalidHostNameAllowed=false, context=null}, applicationName='null', compressorList=[], uuidRepresentation=UNSPECIFIED, serverApi=null, autoEncryptionSettings=null, dnsClient=null, inetAddressResolver=null, contextProvider=null}
20:51:29.951 [main] DEBUG org.mongodb.driver.cluster - Server selection started for operation with ID 1. Selector: ReadPreferenceServerSelector{readPreference=primary}, topology description: {type=UNKNOWN, srvResolutionException=com.mongodb.MongoConfigurationException: Failed looking up SRV record for '_mongodb._tcp.TUNOMBREDECLUSTER.mongodb.net'., servers=[]
20:51:29.954 [main] INFO  org.mongodb.driver.cluster - Waiting for server to become available for operation with ID 1. Remaining time: 30000 ms. Selector: ReadPreferenceServerSelector{readPreference=primary}, topology description: {type=UNKNOWN, srvResolutionException=com.mongodb.MongoConfigurationException: Failed looking up SRV record for '_mongodb._tcp.TUNOMBREDECLUSTER.mongodb.net'., servers=[].
20:51:39.940 [cluster-ClusterId{value='69387dc1c3622e6a3da39967', description='null'}-srv-TUNOMBREDECLUSTER.mongodb.net] DEBUG org.mongodb.driver.cluster - Updating cluster description to  {type=UNKNOWN, srvResolutionException=com.mongodb.MongoConfigurationException: Failed looking up SRV record for '_mongodb._tcp.TUNOMBREDECLUSTER.mongodb.net'., servers=[]
20:51:39.942 [cluster-ClusterId{value='69387dc1c3622e6a3da39967', description='null'}-srv-TUNOMBREDECLUSTER.mongodb.net] INFO  org.mongodb.driver.cluster - Exception while resolving SRV records
com.mongodb.MongoConfigurationException: Failed looking up SRV record for '_mongodb._tcp.TUNOMBREDECLUSTER.mongodb.net'.
	at com.mongodb.internal.dns.DefaultDnsResolver.resolveHostFromSrvRecords(DefaultDnsResolver.java:96)
	at com.mongodb.internal.connection.DefaultDnsSrvRecordMonitor$DnsSrvRecordMonitorRunnable.run(DefaultDnsSrvRecordMonitor.java:80)
	at java.base/java.lang.Thread.run(Thread.java:1583)
Caused by: com.mongodb.spi.dns.DnsWithResponseCodeException: DNS name not found [response code 3]
	at com.mongodb.internal.dns.JndiDnsClient.getResourceRecordData(JndiDnsClient.java:52)
	at com.mongodb.internal.dns.DefaultDnsResolver.resolveHostFromSrvRecords(DefaultDnsResolver.java:78)
	... 2 common frames omitted
Caused by: javax.naming.NameNotFoundException: DNS name not found [response code 3]
	at jdk.naming.dns/com.sun.jndi.dns.DnsClient.checkResponseCode(DnsClient.java:785)
	at jdk.naming.dns/com.sun.jndi.dns.DnsClient.isMatchResponse(DnsClient.java:703)
	at jdk.naming.dns/com.sun.jndi.dns.DnsClient.doUdpQuery(DnsClient.java:511)
	at jdk.naming.dns/com.sun.jndi.dns.DnsClient.query(DnsClient.java:259)
	at jdk.naming.dns/com.sun.jndi.dns.Resolver.query(Resolver.java:81)
	at jdk.naming.dns/com.sun.jndi.dns.DnsContext.c_getAttributes(DnsContext.java:434)
	at java.naming/com.sun.jndi.toolkit.ctx.ComponentDirContext.p_getAttributes(ComponentDirContext.java:235)
	at java.naming/com.sun.jndi.toolkit.ctx.PartialCompositeDirContext.getAttributes(PartialCompositeDirContext.java:141)
	at java.naming/com.sun.jndi.toolkit.ctx.PartialCompositeDirContext.getAttributes(PartialCompositeDirContext.java:129)
	at java.naming/javax.naming.directory.InitialDirContext.getAttributes(InitialDirContext.java:171)
	at com.mongodb.internal.dns.JndiDnsClient.getResourceRecordData(JndiDnsClient.java:41)
	... 3 common frames omitted
20:51:49.962 [cluster-ClusterId{value='69387dc1c3622e6a3da39967', description='null'}-srv-TUNOMBREDECLUSTER.mongodb.net] DEBUG org.mongodb.driver.cluster - Updating cluster description to  {type=UNKNOWN, srvResolutionException=com.mongodb.MongoConfigurationException: Failed looking up SRV record for '_mongodb._tcp.TUNOMBREDECLUSTER.mongodb.net'., servers=[]
20:51:49.962 [cluster-ClusterId{value='69387dc1c3622e6a3da39967', description='null'}-srv-TUNOMBREDECLUSTER.mongodb.net] INFO  org.mongodb.driver.cluster - Exception while resolving SRV records
com.mongodb.MongoConfigurationException: Failed looking up SRV record for '_mongodb._tcp.TUNOMBREDECLUSTER.mongodb.net'.
	at com.mongodb.internal.dns.DefaultDnsResolver.resolveHostFromSrvRecords(DefaultDnsResolver.java:96)
	at com.mongodb.internal.connection.DefaultDnsSrvRecordMonitor$DnsSrvRecordMonitorRunnable.run(DefaultDnsSrvRecordMonitor.java:80)
	at java.base/java.lang.Thread.run(Thread.java:1583)
Caused by: com.mongodb.spi.dns.DnsWithResponseCodeException: DNS name not found [response code 3]
	at com.mongodb.internal.dns.JndiDnsClient.getResourceRecordData(JndiDnsClient.java:52)
	at com.mongodb.internal.dns.DefaultDnsResolver.resolveHostFromSrvRecords(DefaultDnsResolver.java:78)
	... 2 common frames omitted
Caused by: javax.naming.NameNotFoundException: DNS name not found [response code 3]
	at jdk.naming.dns/com.sun.jndi.dns.DnsClient.checkResponseCode(DnsClient.java:785)
	at jdk.naming.dns/com.sun.jndi.dns.DnsClient.isMatchResponse(DnsClient.java:703)
	at jdk.naming.dns/com.sun.jndi.dns.DnsClient.doUdpQuery(DnsClient.java:511)
	at jdk.naming.dns/com.sun.jndi.dns.DnsClient.query(DnsClient.java:259)
	at jdk.naming.dns/com.sun.jndi.dns.Resolver.query(Resolver.java:81)
	at jdk.naming.dns/com.sun.jndi.dns.DnsContext.c_getAttributes(DnsContext.java:434)
	at java.naming/com.sun.jndi.toolkit.ctx.ComponentDirContext.p_getAttributes(ComponentDirContext.java:235)
	at java.naming/com.sun.jndi.toolkit.ctx.PartialCompositeDirContext.getAttributes(PartialCompositeDirContext.java:141)
	at java.naming/com.sun.jndi.toolkit.ctx.PartialCompositeDirContext.getAttributes(PartialCompositeDirContext.java:129)
	at java.naming/javax.naming.directory.InitialDirContext.getAttributes(InitialDirContext.java:171)
	at com.mongodb.internal.dns.JndiDnsClient.getResourceRecordData(JndiDnsClient.java:41)
	... 3 common frames omitted
16:15:25.436 [main] INFO  org.mongodb.driver.client - MongoClient with metadata {"driver": {"name": "mongo-java-driver|sync", "version": "5.1.0"}, "os": {"type": "Windows", "name": "Windows 11", "architecture": "amd64", "version": "10.0"}, "platform": "Java/Oracle Corporation/21.0.8+12-LTS-250"} created with settings MongoClientSettings{readPreference=primary, writeConcern=WriteConcern{w=majority, wTimeout=null ms, journal=null}, retryWrites=true, retryReads=true, readConcern=ReadConcern{level=null}, credential=MongoCredential{mechanism=null, userName='appUser', source='admin', password=<hidden>, mechanismProperties=<hidden>}, transportSettings=null, commandListeners=[], codecRegistry=ProvidersCodecRegistry{codecProviders=[ValueCodecProvider{}, BsonValueCodecProvider{}, DBRefCodecProvider{}, DBObjectCodecProvider{}, DocumentCodecProvider{}, CollectionCodecProvider{}, IterableCodecProvider{}, MapCodecProvider{}, GeoJsonCodecProvider{}, GridFSFileCodecProvider{}, Jsr310CodecProvider{}, JsonObjectCodecProvider{}, BsonCodecProvider{}, EnumCodecProvider{}, com.mongodb.client.model.mql.ExpressionCodecProvider@247310d0, com.mongodb.Jep395RecordCodecProvider@1033576a, com.mongodb.KotlinCodecProvider@303cf2ba]}, loggerSettings=LoggerSettings{maxDocumentLength=1000}, clusterSettings={hosts=[127.0.0.1:27017], srvHost=TUNOMBREDECLUSTER.mongodb.net, srvServiceName=mongodb, mode=MULTIPLE, requiredClusterType=UNKNOWN, requiredReplicaSetName='null', serverSelector='null', clusterListeners='[]', serverSelectionTimeout='30000 ms', localThreshold='15 ms'}, socketSettings=SocketSettings{connectTimeoutMS=10000, readTimeoutMS=0, receiveBufferSize=0, proxySettings=ProxySettings{host=null, port=null, username=null, password=null}}, heartbeatSocketSettings=SocketSettings{connectTimeoutMS=10000, readTimeoutMS=10000, receiveBufferSize=0, proxySettings=ProxySettings{host=null, port=null, username=null, password=null}}, connectionPoolSettings=ConnectionPoolSettings{maxSize=100, minSize=0, maxWaitTimeMS=120000, maxConnectionLifeTimeMS=0, maxConnectionIdleTimeMS=0, maintenanceInitialDelayMS=0, maintenanceFrequencyMS=60000, connectionPoolListeners=[], maxConnecting=2}, serverSettings=ServerSettings{heartbeatFrequencyMS=10000, minHeartbeatFrequencyMS=500, serverMonitoringMode=AUTO, serverListeners='[]', serverMonitorListeners='[]'}, sslSettings=SslSettings{enabled=true, invalidHostNameAllowed=false, context=null}, applicationName='null', compressorList=[], uuidRepresentation=UNSPECIFIED, serverApi=null, autoEncryptionSettings=null, dnsClient=null, inetAddressResolver=null, contextProvider=null}
16:15:25.445 [cluster-ClusterId{value='69398e8de6ebc12b69821802', description='null'}-srv-TUNOMBREDECLUSTER.mongodb.net] DEBUG org.mongodb.driver.cluster - Updating cluster description to  {type=UNKNOWN, srvResolutionException=com.mongodb.MongoConfigurationException: Failed looking up SRV record for '_mongodb._tcp.TUNOMBREDECLUSTER.mongodb.net'., servers=[]
16:15:25.445 [cluster-ClusterId{value='69398e8de6ebc12b69821802', description='null'}-srv-TUNOMBREDECLUSTER.mongodb.net] INFO  org.mongodb.driver.cluster - Exception while resolving SRV records
com.mongodb.MongoConfigurationException: Failed looking up SRV record for '_mongodb._tcp.TUNOMBREDECLUSTER.mongodb.net'.
	at com.mongodb.internal.dns.DefaultDnsResolver.resolveHostFromSrvRecords(DefaultDnsResolver.java:96)
	at com.mongodb.internal.connection.DefaultDnsSrvRecordMonitor$DnsSrvRecordMonitorRunnable.run(DefaultDnsSrvRecordMonitor.java:80)
	at java.base/java.lang.Thread.run(Thread.java:1583)
Caused by: com.mongodb.spi.dns.DnsWithResponseCodeException: DNS name not found [response code 3]
	at com.mongodb.internal.dns.JndiDnsClient.getResourceRecordData(JndiDnsClient.java:52)
	at com.mongodb.internal.dns.DefaultDnsResolver.resolveHostFromSrvRecords(DefaultDnsResolver.java:78)
	... 2 common frames omitted
Caused by: javax.naming.NameNotFoundException: DNS name not found [response code 3]
	at jdk.naming.dns/com.sun.jndi.dns.DnsClient.checkResponseCode(DnsClient.java:785)
	at jdk.naming.dns/com.sun.jndi.dns.DnsClient.isMatchResponse(DnsClient.java:703)
	at jdk.naming.dns/com.sun.jndi.dns.DnsClient.doUdpQuery(DnsClient.java:511)
	at jdk.naming.dns/com.sun.jndi.dns.DnsClient.query(DnsClient.java:259)
	at jdk.naming.dns/com.sun.jndi.dns.Resolver.query(Resolver.java:81)
	at jdk.naming.dns/com.sun.jndi.dns.DnsContext.c_getAttributes(DnsContext.java:434)
	at java.naming/com.sun.jndi.toolkit.ctx.ComponentDirContext.p_getAttributes(ComponentDirContext.java:235)
	at java.naming/com.sun.jndi.toolkit.ctx.PartialCompositeDirContext.getAttributes(PartialCompositeDirContext.java:141)
	at java.naming/com.sun.jndi.toolkit.ctx.PartialCompositeDirContext.getAttributes(PartialCompositeDirContext.java:129)
	at java.naming/javax.naming.directory.InitialDirContext.getAttributes(InitialDirContext.java:171)
	at com.mongodb.internal.dns.JndiDnsClient.getResourceRecordData(JndiDnsClient.java:41)
	... 3 common frames omitted
16:15:25.470 [main] DEBUG org.mongodb.driver.cluster - Server selection started for operation with ID 1. Selector: ReadPreferenceServerSelector{readPreference=primary}, topology description: {type=UNKNOWN, srvResolutionException=com.mongodb.MongoConfigurationException: Failed looking up SRV record for '_mongodb._tcp.TUNOMBREDECLUSTER.mongodb.net'., servers=[]
16:15:25.472 [main] INFO  org.mongodb.driver.cluster - Waiting for server to become available for operation with ID 1. Remaining time: 30000 ms. Selector: ReadPreferenceServerSelector{readPreference=primary}, topology description: {type=UNKNOWN, srvResolutionException=com.mongodb.MongoConfigurationException: Failed looking up SRV record for '_mongodb._tcp.TUNOMBREDECLUSTER.mongodb.net'., servers=[].
16:15:35.464 [cluster-ClusterId{value='69398e8de6ebc12b69821802', description='null'}-srv-TUNOMBREDECLUSTER.mongodb.net] DEBUG org.mongodb.driver.cluster - Updating cluster description to  {type=UNKNOWN, srvResolutionException=com.mongodb.MongoConfigurationException: Failed looking up SRV record for '_mongodb._tcp.TUNOMBREDECLUSTER.mongodb.net'., servers=[]
16:15:35.465 [cluster-ClusterId{value='69398e8de6ebc12b69821802', description='null'}-srv-TUNOMBREDECLUSTER.mongodb.net] INFO  org.mongodb.driver.cluster - Exception while resolving SRV records
com.mongodb.MongoConfigurationException: Failed looking up SRV record for '_mongodb._tcp.TUNOMBREDECLUSTER.mongodb.net'.
	at com.mongodb.internal.dns.DefaultDnsResolver.resolveHostFromSrvRecords(DefaultDnsResolver.java:96)
	at com.mongodb.internal.connection.DefaultDnsSrvRecordMonitor$DnsSrvRecordMonitorRunnable.run(DefaultDnsSrvRecordMonitor.java:80)
	at java.base/java.lang.Thread.run(Thread.java:1583)
Caused by: com.mongodb.spi.dns.DnsWithResponseCodeException: DNS name not found [response code 3]
	at com.mongodb.internal.dns.JndiDnsClient.getResourceRecordData(JndiDnsClient.java:52)
	at com.mongodb.internal.dns.DefaultDnsResolver.resolveHostFromSrvRecords(DefaultDnsResolver.java:78)
	... 2 common frames omitted
Caused by: javax.naming.NameNotFoundException: DNS name not found [response code 3]
	at jdk.naming.dns/com.sun.jndi.dns.DnsClient.checkResponseCode(DnsClient.java:785)
	at jdk.naming.dns/com.sun.jndi.dns.DnsClient.isMatchResponse(DnsClient.java:703)
	at jdk.naming.dns/com.sun.jndi.dns.DnsClient.doUdpQuery(DnsClient.java:511)
	at jdk.naming.dns/com.sun.jndi.dns.DnsClient.query(DnsClient.java:259)
	at jdk.naming.dns/com.sun.jndi.dns.Resolver.query(Resolver.java:81)
	at jdk.naming.dns/com.sun.jndi.dns.DnsContext.c_getAttributes(DnsContext.java:434)
	at java.naming/com.sun.jndi.toolkit.ctx.ComponentDirContext.p_getAttributes(ComponentDirContext.java:235)
	at java.naming/com.sun.jndi.toolkit.ctx.PartialCompositeDirContext.getAttributes(PartialCompositeDirContext.java:141)
	at java.naming/com.sun.jndi.toolkit.ctx.PartialCompositeDirContext.getAttributes(PartialCompositeDirContext.java:129)
	at java.naming/javax.naming.directory.InitialDirContext.getAttributes(InitialDirContext.java:171)
	at com.mongodb.internal.dns.JndiDnsClient.getResourceRecordData(JndiDnsClient.java:41)
	... 3 common frames omitted
16:15:45.479 [cluster-ClusterId{value='69398e8de6ebc12b69821802', description='null'}-srv-TUNOMBREDECLUSTER.mongodb.net] DEBUG org.mongodb.driver.cluster - Updating cluster description to  {type=UNKNOWN, srvResolutionException=com.mongodb.MongoConfigurationException: Failed looking up SRV record for '_mongodb._tcp.TUNOMBREDECLUSTER.mongodb.net'., servers=[]
16:15:45.480 [cluster-ClusterId{value='69398e8de6ebc12b69821802', description='null'}-srv-TUNOMBREDECLUSTER.mongodb.net] INFO  org.mongodb.driver.cluster - Exception while resolving SRV records
com.mongodb.MongoConfigurationException: Failed looking up SRV record for '_mongodb._tcp.TUNOMBREDECLUSTER.mongodb.net'.
	at com.mongodb.internal.dns.DefaultDnsResolver.resolveHostFromSrvRecords(DefaultDnsResolver.java:96)
	at com.mongodb.internal.connection.DefaultDnsSrvRecordMonitor$DnsSrvRecordMonitorRunnable.run(DefaultDnsSrvRecordMonitor.java:80)
	at java.base/java.lang.Thread.run(Thread.java:1583)
Caused by: com.mongodb.spi.dns.DnsWithResponseCodeException: DNS name not found [response code 3]
	at com.mongodb.internal.dns.JndiDnsClient.getResourceRecordData(JndiDnsClient.java:52)
	at com.mongodb.internal.dns.DefaultDnsResolver.resolveHostFromSrvRecords(DefaultDnsResolver.java:78)
	... 2 common frames omitted
Caused by: javax.naming.NameNotFoundException: DNS name not found [response code 3]
	at jdk.naming.dns/com.sun.jndi.dns.DnsClient.checkResponseCode(DnsClient.java:785)
	at jdk.naming.dns/com.sun.jndi.dns.DnsClient.isMatchResponse(DnsClient.java:703)
	at jdk.naming.dns/com.sun.jndi.dns.DnsClient.doUdpQuery(DnsClient.java:511)
	at jdk.naming.dns/com.sun.jndi.dns.DnsClient.query(DnsClient.java:259)
	at jdk.naming.dns/com.sun.jndi.dns.Resolver.query(Resolver.java:81)
	at jdk.naming.dns/com.sun.jndi.dns.DnsContext.c_getAttributes(DnsContext.java:434)
	at java.naming/com.sun.jndi.toolkit.ctx.ComponentDirContext.p_getAttributes(ComponentDirContext.java:235)
	at java.naming/com.sun.jndi.toolkit.ctx.PartialCompositeDirContext.getAttributes(PartialCompositeDirContext.java:141)
	at java.naming/com.sun.jndi.toolkit.ctx.PartialCompositeDirContext.getAttributes(PartialCompositeDirContext.java:129)
	at java.naming/javax.naming.directory.InitialDirContext.getAttributes(InitialDirContext.java:171)
	at com.mongodb.internal.dns.JndiDnsClient.getResourceRecordData(JndiDnsClient.java:41)
	... 3 common frames omitted
16:15:55.473 [main] DEBUG org.mongodb.driver.cluster - Server selection failed for operation with ID 1. Failure: com.mongodb.MongoTimeoutException: Timed out while waiting for a suitable server. Selector: ReadPreferenceServerSelector{readPreference=primary}, topology description: {type=UNKNOWN, srvResolutionException=com.mongodb.MongoConfigurationException: Failed looking up SRV record for '_mongodb._tcp.TUNOMBREDECLUSTER.mongodb.net'., servers=[]
16:15:55.479 [main] DEBUG org.mongodb.driver.operation - Unable to retry an operation due to the error "com.mongodb.MongoTimeoutException: Timed out while waiting for a server that matches ReadPreferenceServerSelector{readPreference=primary}. Client view of cluster state is {type=UNKNOWN, srvResolutionException=com.mongodb.MongoConfigurationException: Failed looking up SRV record for '_mongodb._tcp.TUNOMBREDECLUSTER.mongodb.net'., servers=[]"
16:16:03.689 [main] INFO  org.mongodb.driver.client - MongoClient with metadata {"driver": {"name": "mongo-java-driver|sync", "version": "5.1.0"}, "os": {"type": "Windows", "name": "Windows 11", "architecture": "amd64", "version": "10.0"}, "platform": "Java/Oracle Corporation/21.0.8+12-LTS-250"} created with settings MongoClientSettings{readPreference=primary, writeConcern=WriteConcern{w=majority, wTimeout=null ms, journal=null}, retryWrites=true, retryReads=true, readConcern=ReadConcern{level=null}, credential=MongoCredential{mechanism=null, userName='appUser', source='admin', password=<hidden>, mechanismProperties=<hidden>}, transportSettings=null, commandListeners=[], codecRegistry=ProvidersCodecRegistry{codecProviders=[ValueCodecProvider{}, BsonValueCodecProvider{}, DBRefCodecProvider{}, DBObjectCodecProvider{}, DocumentCodecProvider{}, CollectionCodecProvider{}, IterableCodecProvider{}, MapCodecProvider{}, GeoJsonCodecProvider{}, GridFSFileCodecProvider{}, Jsr310CodecProvider{}, JsonObjectCodecProvider{}, BsonCodecProvider{}, EnumCodecProvider{}, com.mongodb.client.model.mql.ExpressionCodecProvider@247310d0, com.mongodb.Jep395RecordCodecProvider@1033576a, com.mongodb.KotlinCodecProvider@303cf2ba]}, loggerSettings=LoggerSettings{maxDocumentLength=1000}, clusterSettings={hosts=[127.0.0.1:27017], srvHost=TUNOMBREDECLUSTER.mongodb.net, srvServiceName=mongodb, mode=MULTIPLE, requiredClusterType=UNKNOWN, requiredReplicaSetName='null', serverSelector='null', clusterListeners='[]', serverSelectionTimeout='30000 ms', localThreshold='15 ms'}, socketSettings=SocketSettings{connectTimeoutMS=10000, readTimeoutMS=0, receiveBufferSize=0, proxySettings=ProxySettings{host=null, port=null, username=null, password=null}}, heartbeatSocketSettings=SocketSettings{connectTimeoutMS=10000, readTimeoutMS=10000, receiveBufferSize=0, proxySettings=ProxySettings{host=null, port=null, username=null, password=null}}, connectionPoolSettings=ConnectionPoolSettings{maxSize=100, minSize=0, maxWaitTimeMS=120000, maxConnectionLifeTimeMS=0, maxConnectionIdleTimeMS=0, maintenanceInitialDelayMS=0, maintenanceFrequencyMS=60000, connectionPoolListeners=[], maxConnecting=2}, serverSettings=ServerSettings{heartbeatFrequencyMS=10000, minHeartbeatFrequencyMS=500, serverMonitoringMode=AUTO, serverListeners='[]', serverMonitorListeners='[]'}, sslSettings=SslSettings{enabled=true, invalidHostNameAllowed=false, context=null}, applicationName='null', compressorList=[], uuidRepresentation=UNSPECIFIED, serverApi=null, autoEncryptionSettings=null, dnsClient=null, inetAddressResolver=null, contextProvider=null}
16:16:03.696 [cluster-ClusterId{value='69398eb3108afe07817a36f1', description='null'}-srv-TUNOMBREDECLUSTER.mongodb.net] DEBUG org.mongodb.driver.cluster - Updating cluster description to  {type=UNKNOWN, srvResolutionException=com.mongodb.MongoConfigurationException: Failed looking up SRV record for '_mongodb._tcp.TUNOMBREDECLUSTER.mongodb.net'., servers=[]
16:16:03.697 [cluster-ClusterId{value='69398eb3108afe07817a36f1', description='null'}-srv-TUNOMBREDECLUSTER.mongodb.net] INFO  org.mongodb.driver.cluster - Exception while resolving SRV records
com.mongodb.MongoConfigurationException: Failed looking up SRV record for '_mongodb._tcp.TUNOMBREDECLUSTER.mongodb.net'.
	at com.mongodb.internal.dns.DefaultDnsResolver.resolveHostFromSrvRecords(DefaultDnsResolver.java:96)
	at com.mongodb.internal.connection.DefaultDnsSrvRecordMonitor$DnsSrvRecordMonitorRunnable.run(DefaultDnsSrvRecordMonitor.java:80)
	at java.base/java.lang.Thread.run(Thread.java:1583)
Caused by: com.mongodb.spi.dns.DnsWithResponseCodeException: DNS name not found [response code 3]
	at com.mongodb.internal.dns.JndiDnsClient.getResourceRecordData(JndiDnsClient.java:52)
	at com.mongodb.internal.dns.DefaultDnsResolver.resolveHostFromSrvRecords(DefaultDnsResolver.java:78)
	... 2 common frames omitted
Caused by: javax.naming.NameNotFoundException: DNS name not found [response code 3]
	at jdk.naming.dns/com.sun.jndi.dns.DnsClient.checkResponseCode(DnsClient.java:785)
	at jdk.naming.dns/com.sun.jndi.dns.DnsClient.isMatchResponse(DnsClient.java:703)
	at jdk.naming.dns/com.sun.jndi.dns.DnsClient.doUdpQuery(DnsClient.java:511)
	at jdk.naming.dns/com.sun.jndi.dns.DnsClient.query(DnsClient.java:259)
	at jdk.naming.dns/com.sun.jndi.dns.Resolver.query(Resolver.java:81)
	at jdk.naming.dns/com.sun.jndi.dns.DnsContext.c_getAttributes(DnsContext.java:434)
	at java.naming/com.sun.jndi.toolkit.ctx.ComponentDirContext.p_getAttributes(ComponentDirContext.java:235)
	at java.naming/com.sun.jndi.toolkit.ctx.PartialCompositeDirContext.getAttributes(PartialCompositeDirContext.java:141)
	at java.naming/com.sun.jndi.toolkit.ctx.PartialCompositeDirContext.getAttributes(PartialCompositeDirContext.java:129)
	at java.naming/javax.naming.directory.InitialDirContext.getAttributes(InitialDirContext.java:171)
	at com.mongodb.internal.dns.JndiDnsClient.getResourceRecordData(JndiDnsClient.java:41)
	... 3 common frames omitted
16:16:03.716 [main] DEBUG org.mongodb.driver.cluster - Server selection started for operation with ID 1. Selector: ReadPreferenceServerSelector{readPreference=primary}, topology description: {type=UNKNOWN, srvResolutionException=com.mongodb.MongoConfigurationException: Failed looking up SRV record for '_mongodb._tcp.TUNOMBREDECLUSTER.mongodb.net'., servers=[]
16:16:03.719 [main] INFO  org.mongodb.driver.cluster - Waiting for server to become available for operation with ID 1. Remaining time: 30000 ms. Selector: ReadPreferenceServerSelector{readPreference=primary}, topology description: {type=UNKNOWN, srvResolutionException=com.mongodb.MongoConfigurationException: Failed looking up SRV record for '_mongodb._tcp.TUNOMBREDECLUSTER.mongodb.net'., servers=[].
16:16:13.716 [cluster-ClusterId{value='69398eb3108afe07817a36f1', description='null'}-srv-TUNOMBREDECLUSTER.mongodb.net] DEBUG org.mongodb.driver.cluster - Updating cluster description to  {type=UNKNOWN, srvResolutionException=com.mongodb.MongoConfigurationException: Failed looking up SRV record for '_mongodb._tcp.TUNOMBREDECLUSTER.mongodb.net'., servers=[]
16:16:13.717 [cluster-ClusterId{value='69398eb3108afe07817a36f1', description='null'}-srv-TUNOMBREDECLUSTER.mongodb.net] INFO  org.mongodb.driver.cluster - Exception while resolving SRV records
com.mongodb.MongoConfigurationException: Failed looking up SRV record for '_mongodb._tcp.TUNOMBREDECLUSTER.mongodb.net'.
	at com.mongodb.internal.dns.DefaultDnsResolver.resolveHostFromSrvRecords(DefaultDnsResolver.java:96)
	at com.mongodb.internal.connection.DefaultDnsSrvRecordMonitor$DnsSrvRecordMonitorRunnable.run(DefaultDnsSrvRecordMonitor.java:80)
	at java.base/java.lang.Thread.run(Thread.java:1583)
Caused by: com.mongodb.spi.dns.DnsWithResponseCodeException: DNS name not found [response code 3]
	at com.mongodb.internal.dns.JndiDnsClient.getResourceRecordData(JndiDnsClient.java:52)
	at com.mongodb.internal.dns.DefaultDnsResolver.resolveHostFromSrvRecords(DefaultDnsResolver.java:78)
	... 2 common frames omitted
Caused by: javax.naming.NameNotFoundException: DNS name not found [response code 3]
	at jdk.naming.dns/com.sun.jndi.dns.DnsClient.checkResponseCode(DnsClient.java:785)
	at jdk.naming.dns/com.sun.jndi.dns.DnsClient.isMatchResponse(DnsClient.java:703)
	at jdk.naming.dns/com.sun.jndi.dns.DnsClient.doUdpQuery(DnsClient.java:511)
	at jdk.naming.dns/com.sun.jndi.dns.DnsClient.query(DnsClient.java:259)
	at jdk.naming.dns/com.sun.jndi.dns.Resolver.query(Resolver.java:81)
	at jdk.naming.dns/com.sun.jndi.dns.DnsContext.c_getAttributes(DnsContext.java:434)
	at java.naming/com.sun.jndi.toolkit.ctx.ComponentDirContext.p_getAttributes(ComponentDirContext.java:235)
	at java.naming/com.sun.jndi.toolkit.ctx.PartialCompositeDirContext.getAttributes(PartialCompositeDirContext.java:141)
	at java.naming/com.sun.jndi.toolkit.ctx.PartialCompositeDirContext.getAttributes(PartialCompositeDirContext.java:129)
	at java.naming/javax.naming.directory.InitialDirContext.getAttributes(InitialDirContext.java:171)
	at com.mongodb.internal.dns.JndiDnsClient.getResourceRecordData(JndiDnsClient.java:41)
	... 3 common frames omitted
16:16:23.738 [cluster-ClusterId{value='69398eb3108afe07817a36f1', description='null'}-srv-TUNOMBREDECLUSTER.mongodb.net] DEBUG org.mongodb.driver.cluster - Updating cluster description to  {type=UNKNOWN, srvResolutionException=com.mongodb.MongoConfigurationException: Failed looking up SRV record for '_mongodb._tcp.TUNOMBREDECLUSTER.mongodb.net'., servers=[]
16:16:23.738 [cluster-ClusterId{value='69398eb3108afe07817a36f1', description='null'}-srv-TUNOMBREDECLUSTER.mongodb.net] INFO  org.mongodb.driver.cluster - Exception while resolving SRV records
com.mongodb.MongoConfigurationException: Failed looking up SRV record for '_mongodb._tcp.TUNOMBREDECLUSTER.mongodb.net'.
	at com.mongodb.internal.dns.DefaultDnsResolver.resolveHostFromSrvRecords(DefaultDnsResolver.java:96)
	at com.mongodb.internal.connection.DefaultDnsSrvRecordMonitor$DnsSrvRecordMonitorRunnable.run(DefaultDnsSrvRecordMonitor.java:80)
	at java.base/java.lang.Thread.run(Thread.java:1583)
Caused by: com.mongodb.spi.dns.DnsWithResponseCodeException: DNS name not found [response code 3]
	at com.mongodb.internal.dns.JndiDnsClient.getResourceRecordData(JndiDnsClient.java:52)
	at com.mongodb.internal.dns.DefaultDnsResolver.resolveHostFromSrvRecords(DefaultDnsResolver.java:78)
	... 2 common frames omitted
Caused by: javax.naming.NameNotFoundException: DNS name not found [response code 3]
	at jdk.naming.dns/com.sun.jndi.dns.DnsClient.checkResponseCode(DnsClient.java:785)
	at jdk.naming.dns/com.sun.jndi.dns.DnsClient.isMatchResponse(DnsClient.java:703)
	at jdk.naming.dns/com.sun.jndi.dns.DnsClient.doUdpQuery(DnsClient.java:511)
	at jdk.naming.dns/com.sun.jndi.dns.DnsClient.query(DnsClient.java:259)
	at jdk.naming.dns/com.sun.jndi.dns.Resolver.query(Resolver.java:81)
	at jdk.naming.dns/com.sun.jndi.dns.DnsContext.c_getAttributes(DnsContext.java:434)
	at java.naming/com.sun.jndi.toolkit.ctx.ComponentDirContext.p_getAttributes(ComponentDirContext.java:235)
	at java.naming/com.sun.jndi.toolkit.ctx.PartialCompositeDirContext.getAttributes(PartialCompositeDirContext.java:141)
	at java.naming/com.sun.jndi.toolkit.ctx.PartialCompositeDirContext.getAttributes(PartialCompositeDirContext.java:129)
	at java.naming/javax.naming.directory.InitialDirContext.getAttributes(InitialDirContext.java:171)
	at com.mongodb.internal.dns.JndiDnsClient.getResourceRecordData(JndiDnsClient.java:41)
	... 3 common frames omitted
16:16:33.720 [main] DEBUG org.mongodb.driver.cluster - Server selection failed for operation with ID 1. Failure: com.mongodb.MongoTimeoutException: Timed out while waiting for a suitable server. Selector: ReadPreferenceServerSelector{readPreference=primary}, topology description: {type=UNKNOWN, srvResolutionException=com.mongodb.MongoConfigurationException: Failed looking up SRV record for '_mongodb._tcp.TUNOMBREDECLUSTER.mongodb.net'., servers=[]
16:16:33.727 [main] DEBUG org.mongodb.driver.operation - Unable to retry an operation due to the error "com.mongodb.MongoTimeoutException: Timed out while waiting for a server that matches ReadPreferenceServerSelector{readPreference=primary}. Client view of cluster state is {type=UNKNOWN, srvResolutionException=com.mongodb.MongoConfigurationException: Failed looking up SRV record for '_mongodb._tcp.TUNOMBREDECLUSTER.mongodb.net'., servers=[]"
16:33:26.892 [main] INFO  org.mongodb.driver.client - MongoClient with metadata {"driver": {"name": "mongo-java-driver|sync", "version": "5.1.0"}, "os": {"type": "Windows", "name": "Windows 11", "architecture": "amd64", "version": "10.0"}, "platform": "Java/Oracle Corporation/21.0.8+12-LTS-250"} created with settings MongoClientSettings{readPreference=primary, writeConcern=WriteConcern{w=majority, wTimeout=null ms, journal=null}, retryWrites=true, retryReads=true, readConcern=ReadConcern{level=null}, credential=MongoCredential{mechanism=null, userName='appUser', source='admin', password=<hidden>, mechanismProperties=<hidden>}, transportSettings=null, commandListeners=[], codecRegistry=ProvidersCodecRegistry{codecProviders=[ValueCodecProvider{}, BsonValueCodecProvider{}, DBRefCodecProvider{}, DBObjectCodecProvider{}, DocumentCodecProvider{}, CollectionCodecProvider{}, IterableCodecProvider{}, MapCodecProvider{}, GeoJsonCodecProvider{}, GridFSFileCodecProvider{}, Jsr310CodecProvider{}, JsonObjectCodecProvider{}, BsonCodecProvider{}, EnumCodecProvider{}, com.mongodb.client.model.mql.ExpressionCodecProvider@247310d0, com.mongodb.Jep395RecordCodecProvider@1033576a, com.mongodb.KotlinCodecProvider@303cf2ba]}, loggerSettings=LoggerSettings{maxDocumentLength=1000}, clusterSettings={hosts=[127.0.0.1:27017], srvHost=TUNOMBREDECLUSTER.mongodb.net, srvServiceName=mongodb, mode=MULTIPLE, requiredClusterType=UNKNOWN, requiredReplicaSetName='null', serverSelector='null', clusterListeners='[]', serverSelectionTimeout='30000 ms', localThreshold='15 ms'}, socketSettings=SocketSettings{connectTimeoutMS=10000, readTimeoutMS=0, receiveBufferSize=0, proxySettings=ProxySettings{host=null, port=null, username=null, password=null}}, heartbeatSocketSettings=SocketSettings{connectTimeoutMS=10000, readTimeoutMS=10000, receiveBufferSize=0, proxySettings=ProxySettings{host=null, port=null, username=null, password=null}}, connectionPoolSettings=ConnectionPoolSettings{maxSize=100, minSize=0, maxWaitTimeMS=120000, maxConnectionLifeTimeMS=0, maxConnectionIdleTimeMS=0, maintenanceInitialDelayMS=0, maintenanceFrequencyMS=60000, connectionPoolListeners=[], maxConnecting=2}, serverSettings=ServerSettings{heartbeatFrequencyMS=10000, minHeartbeatFrequencyMS=500, serverMonitoringMode=AUTO, serverListeners='[]', serverMonitorListeners='[]'}, sslSettings=SslSettings{enabled=true, invalidHostNameAllowed=false, context=null}, applicationName='null', compressorList=[], uuidRepresentation=UNSPECIFIED, serverApi=null, autoEncryptionSettings=null, dnsClient=null, inetAddressResolver=null, contextProvider=null}
16:33:26.901 [cluster-ClusterId{value='693992c6e68e750b622ce465', description='null'}-srv-TUNOMBREDECLUSTER.mongodb.net] DEBUG org.mongodb.driver.cluster - Updating cluster description to  {type=UNKNOWN, srvResolutionException=com.mongodb.MongoConfigurationException: Failed looking up SRV record for '_mongodb._tcp.TUNOMBREDECLUSTER.mongodb.net'., servers=[]
16:33:26.902 [cluster-ClusterId{value='693992c6e68e750b622ce465', description='null'}-srv-TUNOMBREDECLUSTER.mongodb.net] INFO  org.mongodb.driver.cluster - Exception while resolving SRV records
com.mongodb.MongoConfigurationException: Failed looking up SRV record for '_mongodb._tcp.TUNOMBREDECLUSTER.mongodb.net'.
	at com.mongodb.internal.dns.DefaultDnsResolver.resolveHostFromSrvRecords(DefaultDnsResolver.java:96)
	at com.mongodb.internal.connection.DefaultDnsSrvRecordMonitor$DnsSrvRecordMonitorRunnable.run(DefaultDnsSrvRecordMonitor.java:80)
	at java.base/java.lang.Thread.run(Thread.java:1583)
Caused by: com.mongodb.spi.dns.DnsWithResponseCodeException: DNS name not found [response code 3]
	at com.mongodb.internal.dns.JndiDnsClient.getResourceRecordData(JndiDnsClient.java:52)
	at com.mongodb.internal.dns.DefaultDnsResolver.resolveHostFromSrvRecords(DefaultDnsResolver.java:78)
	... 2 common frames omitted
Caused by: javax.naming.NameNotFoundException: DNS name not found [response code 3]
	at jdk.naming.dns/com.sun.jndi.dns.DnsClient.checkResponseCode(DnsClient.java:785)
	at jdk.naming.dns/com.sun.jndi.dns.DnsClient.isMatchResponse(DnsClient.java:703)
	at jdk.naming.dns/com.sun.jndi.dns.DnsClient.doUdpQuery(DnsClient.java:511)
	at jdk.naming.dns/com.sun.jndi.dns.DnsClient.query(DnsClient.java:259)
	at jdk.naming.dns/com.sun.jndi.dns.Resolver.query(Resolver.java:81)
	at jdk.naming.dns/com.sun.jndi.dns.DnsContext.c_getAttributes(DnsContext.java:434)
	at java.naming/com.sun.jndi.toolkit.ctx.ComponentDirContext.p_getAttributes(ComponentDirContext.java:235)
	at java.naming/com.sun.jndi.toolkit.ctx.PartialCompositeDirContext.getAttributes(PartialCompositeDirContext.java:141)
	at java.naming/com.sun.jndi.toolkit.ctx.PartialCompositeDirContext.getAttributes(PartialCompositeDirContext.java:129)
	at java.naming/javax.naming.directory.InitialDirContext.getAttributes(InitialDirContext.java:171)
	at com.mongodb.internal.dns.JndiDnsClient.getResourceRecordData(JndiDnsClient.java:41)
	... 3 common frames omitted
16:33:26.920 [main] DEBUG org.mongodb.driver.cluster - Server selection started for operation with ID 1. Selector: ReadPreferenceServerSelector{readPreference=primary}, topology description: {type=UNKNOWN, srvResolutionException=com.mongodb.MongoConfigurationException: Failed looking up SRV record for '_mongodb._tcp.TUNOMBREDECLUSTER.mongodb.net'., servers=[]
16:33:26.922 [main] INFO  org.mongodb.driver.cluster - Waiting for server to become available for operation with ID 1. Remaining time: 30000 ms. Selector: ReadPreferenceServerSelector{readPreference=primary}, topology description: {type=UNKNOWN, srvResolutionException=com.mongodb.MongoConfigurationException: Failed looking up SRV record for '_mongodb._tcp.TUNOMBREDECLUSTER.mongodb.net'., servers=[].
16:33:36.915 [cluster-ClusterId{value='693992c6e68e750b622ce465', description='null'}-srv-TUNOMBREDECLUSTER.mongodb.net] DEBUG org.mongodb.driver.cluster - Updating cluster description to  {type=UNKNOWN, srvResolutionException=com.mongodb.MongoConfigurationException: Failed looking up SRV record for '_mongodb._tcp.TUNOMBREDECLUSTER.mongodb.net'., servers=[]
16:33:36.915 [cluster-ClusterId{value='693992c6e68e750b622ce465', description='null'}-srv-TUNOMBREDECLUSTER.mongodb.net] INFO  org.mongodb.driver.cluster - Exception while resolving SRV records
com.mongodb.MongoConfigurationException: Failed looking up SRV record for '_mongodb._tcp.TUNOMBREDECLUSTER.mongodb.net'.
	at com.mongodb.internal.dns.DefaultDnsResolver.resolveHostFromSrvRecords(DefaultDnsResolver.java:96)
	at com.mongodb.internal.connection.DefaultDnsSrvRecordMonitor$DnsSrvRecordMonitorRunnable.run(DefaultDnsSrvRecordMonitor.java:80)
	at java.base/java.lang.Thread.run(Thread.java:1583)
Caused by: com.mongodb.spi.dns.DnsWithResponseCodeException: DNS name not found [response code 3]
	at com.mongodb.internal.dns.JndiDnsClient.getResourceRecordData(JndiDnsClient.java:52)
	at com.mongodb.internal.dns.DefaultDnsResolver.resolveHostFromSrvRecords(DefaultDnsResolver.java:78)
	... 2 common frames omitted
Caused by: javax.naming.NameNotFoundException: DNS name not found [response code 3]
	at jdk.naming.dns/com.sun.jndi.dns.DnsClient.checkResponseCode(DnsClient.java:785)
	at jdk.naming.dns/com.sun.jndi.dns.DnsClient.isMatchResponse(DnsClient.java:703)
	at jdk.naming.dns/com.sun.jndi.dns.DnsClient.doUdpQuery(DnsClient.java:511)
	at jdk.naming.dns/com.sun.jndi.dns.DnsClient.query(DnsClient.java:259)
	at jdk.naming.dns/com.sun.jndi.dns.Resolver.query(Resolver.java:81)
	at jdk.naming.dns/com.sun.jndi.dns.DnsContext.c_getAttributes(DnsContext.java:434)
	at java.naming/com.sun.jndi.toolkit.ctx.ComponentDirContext.p_getAttributes(ComponentDirContext.java:235)
	at java.naming/com.sun.jndi.toolkit.ctx.PartialCompositeDirContext.getAttributes(PartialCompositeDirContext.java:141)
	at java.naming/com.sun.jndi.toolkit.ctx.PartialCompositeDirContext.getAttributes(PartialCompositeDirContext.java:129)
	at java.naming/javax.naming.directory.InitialDirContext.getAttributes(InitialDirContext.java:171)
	at com.mongodb.internal.dns.JndiDnsClient.getResourceRecordData(JndiDnsClient.java:41)
	... 3 common frames omitted
16:33:46.934 [cluster-ClusterId{value='693992c6e68e750b622ce465', description='null'}-srv-TUNOMBREDECLUSTER.mongodb.net] DEBUG org.mongodb.driver.cluster - Updating cluster description to  {type=UNKNOWN, srvResolutionException=com.mongodb.MongoConfigurationException: Failed looking up SRV record for '_mongodb._tcp.TUNOMBREDECLUSTER.mongodb.net'., servers=[]
16:33:46.935 [cluster-ClusterId{value='693992c6e68e750b622ce465', description='null'}-srv-TUNOMBREDECLUSTER.mongodb.net] INFO  org.mongodb.driver.cluster - Exception while resolving SRV records
com.mongodb.MongoConfigurationException: Failed looking up SRV record for '_mongodb._tcp.TUNOMBREDECLUSTER.mongodb.net'.
	at com.mongodb.internal.dns.DefaultDnsResolver.resolveHostFromSrvRecords(DefaultDnsResolver.java:96)
	at com.mongodb.internal.connection.DefaultDnsSrvRecordMonitor$DnsSrvRecordMonitorRunnable.run(DefaultDnsSrvRecordMonitor.java:80)
	at java.base/java.lang.Thread.run(Thread.java:1583)
Caused by: com.mongodb.spi.dns.DnsWithResponseCodeException: DNS name not found [response code 3]
	at com.mongodb.internal.dns.JndiDnsClient.getResourceRecordData(JndiDnsClient.java:52)
	at com.mongodb.internal.dns.DefaultDnsResolver.resolveHostFromSrvRecords(DefaultDnsResolver.java:78)
	... 2 common frames omitted
Caused by: javax.naming.NameNotFoundException: DNS name not found [response code 3]
	at jdk.naming.dns/com.sun.jndi.dns.DnsClient.checkResponseCode(DnsClient.java:785)
	at jdk.naming.dns/com.sun.jndi.dns.DnsClient.isMatchResponse(DnsClient.java:703)
	at jdk.naming.dns/com.sun.jndi.dns.DnsClient.doUdpQuery(DnsClient.java:511)
	at jdk.naming.dns/com.sun.jndi.dns.DnsClient.query(DnsClient.java:259)
	at jdk.naming.dns/com.sun.jndi.dns.Resolver.query(Resolver.java:81)
	at jdk.naming.dns/com.sun.jndi.dns.DnsContext.c_getAttributes(DnsContext.java:434)
	at java.naming/com.sun.jndi.toolkit.ctx.ComponentDirContext.p_getAttributes(ComponentDirContext.java:235)
	at java.naming/com.sun.jndi.toolkit.ctx.PartialCompositeDirContext.getAttributes(PartialCompositeDirContext.java:141)
	at java.naming/com.sun.jndi.toolkit.ctx.PartialCompositeDirContext.getAttributes(PartialCompositeDirContext.java:129)
	at java.naming/javax.naming.directory.InitialDirContext.getAttributes(InitialDirContext.java:171)
	at com.mongodb.internal.dns.JndiDnsClient.getResourceRecordData(JndiDnsClient.java:41)
	... 3 common frames omitted
16:33:56.923 [main] DEBUG org.mongodb.driver.cluster - Server selection failed for operation with ID 1. Failure: com.mongodb.MongoTimeoutException: Timed out while waiting for a suitable server. Selector: ReadPreferenceServerSelector{readPreference=primary}, topology description: {type=UNKNOWN, srvResolutionException=com.mongodb.MongoConfigurationException: Failed looking up SRV record for '_mongodb._tcp.TUNOMBREDECLUSTER.mongodb.net'., servers=[]
16:33:56.929 [main] DEBUG org.mongodb.driver.operation - Unable to retry an operation due to the error "com.mongodb.MongoTimeoutException: Timed out while waiting for a server that matches ReadPreferenceServerSelector{readPreference=primary}. Client view of cluster state is {type=UNKNOWN, srvResolutionException=com.mongodb.MongoConfigurationException: Failed looking up SRV record for '_mongodb._tcp.TUNOMBREDECLUSTER.mongodb.net'., servers=[]"
16:38:58.032 [main] INFO  org.mongodb.driver.client - MongoClient with metadata {"application": {"name": "Cluster0"}, "driver": {"name": "mongo-java-driver|sync", "version": "5.1.0"}, "os": {"type": "Windows", "name": "Windows 11", "architecture": "amd64", "version": "10.0"}, "platform": "Java/Oracle Corporation/21.0.8+12-LTS-250"} created with settings MongoClientSettings{readPreference=primary, writeConcern=WriteConcern{w=null, wTimeout=null ms, journal=null}, retryWrites=true, retryReads=true, readConcern=ReadConcern{level=null}, credential=MongoCredential{mechanism=null, userName='usuariocurso', source='admin', password=<hidden>, mechanismProperties=<hidden>}, transportSettings=null, commandListeners=[], codecRegistry=ProvidersCodecRegistry{codecProviders=[ValueCodecProvider{}, BsonValueCodecProvider{}, DBRefCodecProvider{}, DBObjectCodecProvider{}, DocumentCodecProvider{}, CollectionCodecProvider{}, IterableCodecProvider{}, MapCodecProvider{}, GeoJsonCodecProvider{}, GridFSFileCodecProvider{}, Jsr310CodecProvider{}, JsonObjectCodecProvider{}, BsonCodecProvider{}, EnumCodecProvider{}, com.mongodb.client.model.mql.ExpressionCodecProvider@359df09a, com.mongodb.Jep395RecordCodecProvider@43df23d3, com.mongodb.KotlinCodecProvider@6d60fe40]}, loggerSettings=LoggerSettings{maxDocumentLength=1000}, clusterSettings={hosts=[127.0.0.1:27017], srvHost=cluster0.evyfvcr.mongodb.net, srvServiceName=mongodb, mode=MULTIPLE, requiredClusterType=REPLICA_SET, requiredReplicaSetName='atlas-a2f7sm-shard-0', serverSelector='null', clusterListeners='[]', serverSelectionTimeout='30000 ms', localThreshold='15 ms'}, socketSettings=SocketSettings{connectTimeoutMS=10000, readTimeoutMS=0, receiveBufferSize=0, proxySettings=ProxySettings{host=null, port=null, username=null, password=null}}, heartbeatSocketSettings=SocketSettings{connectTimeoutMS=10000, readTimeoutMS=10000, receiveBufferSize=0, proxySettings=ProxySettings{host=null, port=null, username=null, password=null}}, connectionPoolSettings=ConnectionPoolSettings{maxSize=100, minSize=0, maxWaitTimeMS=120000, maxConnectionLifeTimeMS=0, maxConnectionIdleTimeMS=0, maintenanceInitialDelayMS=0, maintenanceFrequencyMS=60000, connectionPoolListeners=[], maxConnecting=2}, serverSettings=ServerSettings{heartbeatFrequencyMS=10000, minHeartbeatFrequencyMS=500, serverMonitoringMode=AUTO, serverListeners='[]', serverMonitorListeners='[]'}, sslSettings=SslSettings{enabled=true, invalidHostNameAllowed=false, context=null}, applicationName='Cluster0', compressorList=[], uuidRepresentation=UNSPECIFIED, serverApi=ServerApi{version=V1, deprecationErrors=null, strict=null}, autoEncryptionSettings=null, dnsClient=null, inetAddressResolver=null, contextProvider=null}
16:38:58.043 [cluster-ClusterId{value='69399411dff6c3792eadead4', description='Cluster0'}-srv-cluster0.evyfvcr.mongodb.net] INFO  org.mongodb.driver.cluster - Adding discovered server ac-v4zs08p-shard-00-01.evyfvcr.mongodb.net:27017 to client view of cluster
16:38:58.053 [main] DEBUG org.mongodb.driver.cluster - Server selection started for operation with ID 1. Selector: ReadPreferenceServerSelector{readPreference=primary}, topology description: {type=UNKNOWN, servers=[]
16:38:58.056 [main] INFO  org.mongodb.driver.cluster - Waiting for server to become available for operation with ID 1. Remaining time: 30000 ms. Selector: ReadPreferenceServerSelector{readPreference=primary}, topology description: {type=UNKNOWN, servers=[].
16:38:58.057 [cluster-ClusterId{value='69399411dff6c3792eadead4', description='Cluster0'}-srv-cluster0.evyfvcr.mongodb.net] DEBUG org.mongodb.driver.connection - Connection pool created for ac-v4zs08p-shard-00-01.evyfvcr.mongodb.net:27017 using options maxIdleTimeMS=0, minPoolSize=0, maxPoolSize=100, maxConnecting=2, waitQueueTimeoutMS=120000
16:38:58.064 [cluster-ClusterId{value='69399411dff6c3792eadead4', description='Cluster0'}-srv-cluster0.evyfvcr.mongodb.net] INFO  org.mongodb.driver.cluster - Adding discovered server ac-v4zs08p-shard-00-00.evyfvcr.mongodb.net:27017 to client view of cluster
16:38:58.067 [cluster-ClusterId{value='69399411dff6c3792eadead4', description='Cluster0'}-srv-cluster0.evyfvcr.mongodb.net] DEBUG org.mongodb.driver.connection - Connection pool created for ac-v4zs08p-shard-00-00.evyfvcr.mongodb.net:27017 using options maxIdleTimeMS=0, minPoolSize=0, maxPoolSize=100, maxConnecting=2, waitQueueTimeoutMS=120000
16:38:58.067 [cluster-ClusterId{value='69399411dff6c3792eadead4', description='Cluster0'}-srv-cluster0.evyfvcr.mongodb.net] INFO  org.mongodb.driver.cluster - Adding discovered server ac-v4zs08p-shard-00-02.evyfvcr.mongodb.net:27017 to client view of cluster
16:38:58.069 [cluster-ClusterId{value='69399411dff6c3792eadead4', description='Cluster0'}-srv-cluster0.evyfvcr.mongodb.net] DEBUG org.mongodb.driver.connection - Connection pool created for ac-v4zs08p-shard-00-02.evyfvcr.mongodb.net:27017 using options maxIdleTimeMS=0, minPoolSize=0, maxPoolSize=100, maxConnecting=2, waitQueueTimeoutMS=120000
16:38:58.070 [cluster-ClusterId{value='69399411dff6c3792eadead4', description='Cluster0'}-srv-cluster0.evyfvcr.mongodb.net] DEBUG org.mongodb.driver.cluster - Updating cluster description to  {type=REPLICA_SET, servers=[{address=ac-v4zs08p-shard-00-02.evyfvcr.mongodb.net:27017, type=UNKNOWN, state=CONNECTING}, {address=ac-v4zs08p-shard-00-01.evyfvcr.mongodb.net:27017, type=UNKNOWN, state=CONNECTING}, {address=ac-v4zs08p-shard-00-00.evyfvcr.mongodb.net:27017, type=UNKNOWN, state=CONNECTING}]
16:38:58.540 [cluster-ClusterId{value='69399411dff6c3792eadead4', description='Cluster0'}-ac-v4zs08p-shard-00-01.evyfvcr.mongodb.net:27017] INFO  org.mongodb.driver.cluster - Monitor thread successfully connected to server with description ServerDescription{address=ac-v4zs08p-shard-00-01.evyfvcr.mongodb.net:27017, type=REPLICA_SET_PRIMARY, state=CONNECTED, ok=true, minWireVersion=0, maxWireVersion=25, maxDocumentSize=16777216, logicalSessionTimeoutMinutes=30, roundTripTimeNanos=247925800, setName='atlas-a2f7sm-shard-0', canonicalAddress=ac-v4zs08p-shard-00-01.evyfvcr.mongodb.net:27017, hosts=[ac-v4zs08p-shard-00-00.evyfvcr.mongodb.net:27017, ac-v4zs08p-shard-00-01.evyfvcr.mongodb.net:27017, ac-v4zs08p-shard-00-02.evyfvcr.mongodb.net:27017], passives=[], arbiters=[], primary='ac-v4zs08p-shard-00-01.evyfvcr.mongodb.net:27017', tagSet=TagSet{[Tag{name='availabilityZone', value='euw3-az2'}, Tag{name='diskState', value='READY'}, Tag{name='nodeType', value='ELECTABLE'}, Tag{name='provider', value='AWS'}, Tag{name='region', value='EU_WEST_3'}, Tag{name='workloadType', value='OPERATIONAL'}]}, electionId=7fffffff000000000000009b, setVersion=9, topologyVersion=TopologyVersion{processId=692077582f7577395aa3302f, counter=6}, lastWriteDate=Wed Dec 10 16:39:20 CET 2025, lastUpdateTimeNanos=1711274616700}
16:38:58.540 [cluster-ClusterId{value='69399411dff6c3792eadead4', description='Cluster0'}-ac-v4zs08p-shard-00-02.evyfvcr.mongodb.net:27017] INFO  org.mongodb.driver.cluster - Monitor thread successfully connected to server with description ServerDescription{address=ac-v4zs08p-shard-00-02.evyfvcr.mongodb.net:27017, type=REPLICA_SET_SECONDARY, state=CONNECTED, ok=true, minWireVersion=0, maxWireVersion=25, maxDocumentSize=16777216, logicalSessionTimeoutMinutes=30, roundTripTimeNanos=247721500, setName='atlas-a2f7sm-shard-0', canonicalAddress=ac-v4zs08p-shard-00-02.evyfvcr.mongodb.net:27017, hosts=[ac-v4zs08p-shard-00-00.evyfvcr.mongodb.net:27017, ac-v4zs08p-shard-00-01.evyfvcr.mongodb.net:27017, ac-v4zs08p-shard-00-02.evyfvcr.mongodb.net:27017], passives=[], arbiters=[], primary='ac-v4zs08p-shard-00-01.evyfvcr.mongodb.net:27017', tagSet=TagSet{[Tag{name='availabilityZone', value='euw3-az3'}, Tag{name='diskState', value='READY'}, Tag{name='nodeType', value='ELECTABLE'}, Tag{name='provider', value='AWS'}, Tag{name='region', value='EU_WEST_3'}, Tag{name='workloadType', value='OPERATIONAL'}]}, electionId=null, setVersion=9, topologyVersion=TopologyVersion{processId=692079e63a8aed23d2b73215, counter=3}, lastWriteDate=Wed Dec 10 16:39:20 CET 2025, lastUpdateTimeNanos=1711274616600}
16:38:58.540 [cluster-ClusterId{value='69399411dff6c3792eadead4', description='Cluster0'}-ac-v4zs08p-shard-00-00.evyfvcr.mongodb.net:27017] INFO  org.mongodb.driver.cluster - Monitor thread successfully connected to server with description ServerDescription{address=ac-v4zs08p-shard-00-00.evyfvcr.mongodb.net:27017, type=REPLICA_SET_SECONDARY, state=CONNECTED, ok=true, minWireVersion=0, maxWireVersion=25, maxDocumentSize=16777216, logicalSessionTimeoutMinutes=30, roundTripTimeNanos=247570100, setName='atlas-a2f7sm-shard-0', canonicalAddress=ac-v4zs08p-shard-00-00.evyfvcr.mongodb.net:27017, hosts=[ac-v4zs08p-shard-00-00.evyfvcr.mongodb.net:27017, ac-v4zs08p-shard-00-01.evyfvcr.mongodb.net:27017, ac-v4zs08p-shard-00-02.evyfvcr.mongodb.net:27017], passives=[], arbiters=[], primary='ac-v4zs08p-shard-00-01.evyfvcr.mongodb.net:27017', tagSet=TagSet{[Tag{name='availabilityZone', value='euw3-az1'}, Tag{name='diskState', value='READY'}, Tag{name='nodeType', value='ELECTABLE'}, Tag{name='provider', value='AWS'}, Tag{name='region', value='EU_WEST_3'}, Tag{name='workloadType', value='OPERATIONAL'}]}, electionId=null, setVersion=9, topologyVersion=TopologyVersion{processId=692074d7a2728db27df5c093, counter=4}, lastWriteDate=Wed Dec 10 16:39:20 CET 2025, lastUpdateTimeNanos=1711274616700}
16:38:58.540 [cluster-ClusterId{value='69399411dff6c3792eadead4', description='Cluster0'}-ac-v4zs08p-shard-00-01.evyfvcr.mongodb.net:27017] DEBUG org.mongodb.driver.connection - Connection pool ready for ac-v4zs08p-shard-00-01.evyfvcr.mongodb.net:27017
16:38:58.548 [cluster-ClusterId{value='69399411dff6c3792eadead4', description='Cluster0'}-ac-v4zs08p-shard-00-01.evyfvcr.mongodb.net:27017] INFO  org.mongodb.driver.cluster - Discovered replica set primary ac-v4zs08p-shard-00-01.evyfvcr.mongodb.net:27017 with max election id 7fffffff000000000000009b and max set version 9
16:38:58.550 [cluster-ClusterId{value='69399411dff6c3792eadead4', description='Cluster0'}-ac-v4zs08p-shard-00-01.evyfvcr.mongodb.net:27017] DEBUG org.mongodb.driver.cluster - Updating cluster description to  {type=REPLICA_SET, servers=[{address=ac-v4zs08p-shard-00-02.evyfvcr.mongodb.net:27017, type=UNKNOWN, state=CONNECTING}, {address=ac-v4zs08p-shard-00-01.evyfvcr.mongodb.net:27017, type=REPLICA_SET_PRIMARY, TagSet{[Tag{name='availabilityZone', value='euw3-az2'}, Tag{name='diskState', value='READY'}, Tag{name='nodeType', value='ELECTABLE'}, Tag{name='provider', value='AWS'}, Tag{name='region', value='EU_WEST_3'}, Tag{name='workloadType', value='OPERATIONAL'}]}, roundTripTime=247.9 ms, state=CONNECTED}, {address=ac-v4zs08p-shard-00-00.evyfvcr.mongodb.net:27017, type=UNKNOWN, state=CONNECTING}]
16:38:58.550 [cluster-ClusterId{value='69399411dff6c3792eadead4', description='Cluster0'}-ac-v4zs08p-shard-00-01.evyfvcr.mongodb.net:27017] DEBUG org.mongodb.driver.cluster - Checking status of ac-v4zs08p-shard-00-01.evyfvcr.mongodb.net:27017
16:38:58.550 [cluster-ClusterId{value='69399411dff6c3792eadead4', description='Cluster0'}-ac-v4zs08p-shard-00-00.evyfvcr.mongodb.net:27017] DEBUG org.mongodb.driver.connection - Connection pool ready for ac-v4zs08p-shard-00-00.evyfvcr.mongodb.net:27017
16:38:58.550 [main] DEBUG org.mongodb.driver.cluster - Server selection succeeded for operation with ID 1. Selected server: ac-v4zs08p-shard-00-01.evyfvcr.mongodb.net:27017. Selector: ReadPreferenceServerSelector{readPreference=primary}, topology description: {type=REPLICA_SET, servers=[{address=ac-v4zs08p-shard-00-02.evyfvcr.mongodb.net:27017, type=UNKNOWN, state=CONNECTING}, {address=ac-v4zs08p-shard-00-01.evyfvcr.mongodb.net:27017, type=REPLICA_SET_PRIMARY, TagSet{[Tag{name='availabilityZone', value='euw3-az2'}, Tag{name='diskState', value='READY'}, Tag{name='nodeType', value='ELECTABLE'}, Tag{name='provider', value='AWS'}, Tag{name='region', value='EU_WEST_3'}, Tag{name='workloadType', value='OPERATIONAL'}]}, roundTripTime=247.9 ms, state=CONNECTED}, {address=ac-v4zs08p-shard-00-00.evyfvcr.mongodb.net:27017, type=UNKNOWN, state=CONNECTING}]
16:38:58.551 [cluster-ClusterId{value='69399411dff6c3792eadead4', description='Cluster0'}-ac-v4zs08p-shard-00-00.evyfvcr.mongodb.net:27017] DEBUG org.mongodb.driver.cluster - Updating cluster description to  {type=REPLICA_SET, servers=[{address=ac-v4zs08p-shard-00-02.evyfvcr.mongodb.net:27017, type=UNKNOWN, state=CONNECTING}, {address=ac-v4zs08p-shard-00-01.evyfvcr.mongodb.net:27017, type=REPLICA_SET_PRIMARY, TagSet{[Tag{name='availabilityZone', value='euw3-az2'}, Tag{name='diskState', value='READY'}, Tag{name='nodeType', value='ELECTABLE'}, Tag{name='provider', value='AWS'}, Tag{name='region', value='EU_WEST_3'}, Tag{name='workloadType', value='OPERATIONAL'}]}, roundTripTime=247.9 ms, state=CONNECTED}, {address=ac-v4zs08p-shard-00-00.evyfvcr.mongodb.net:27017, type=REPLICA_SET_SECONDARY, TagSet{[Tag{name='availabilityZone', value='euw3-az1'}, Tag{name='diskState', value='READY'}, Tag{name='nodeType', value='ELECTABLE'}, Tag{name='provider', value='AWS'}, Tag{name='region', value='EU_WEST_3'}, Tag{name='workloadType', value='OPERATIONAL'}]}, roundTripTime=247.6 ms, state=CONNECTED}]
16:38:58.551 [cluster-ClusterId{value='69399411dff6c3792eadead4', description='Cluster0'}-ac-v4zs08p-shard-00-00.evyfvcr.mongodb.net:27017] DEBUG org.mongodb.driver.cluster - Checking status of ac-v4zs08p-shard-00-00.evyfvcr.mongodb.net:27017
16:38:58.551 [cluster-ClusterId{value='69399411dff6c3792eadead4', description='Cluster0'}-ac-v4zs08p-shard-00-02.evyfvcr.mongodb.net:27017] DEBUG org.mongodb.driver.connection - Connection pool ready for ac-v4zs08p-shard-00-02.evyfvcr.mongodb.net:27017
16:38:58.551 [cluster-ClusterId{value='69399411dff6c3792eadead4', description='Cluster0'}-ac-v4zs08p-shard-00-02.evyfvcr.mongodb.net:27017] DEBUG org.mongodb.driver.cluster - Updating cluster description to  {type=REPLICA_SET, servers=[{address=ac-v4zs08p-shard-00-02.evyfvcr.mongodb.net:27017, type=REPLICA_SET_SECONDARY, TagSet{[Tag{name='availabilityZone', value='euw3-az3'}, Tag{name='diskState', value='READY'}, Tag{name='nodeType', value='ELECTABLE'}, Tag{name='provider', value='AWS'}, Tag{name='region', value='EU_WEST_3'}, Tag{name='workloadType', value='OPERATIONAL'}]}, roundTripTime=247.7 ms, state=CONNECTED}, {address=ac-v4zs08p-shard-00-01.evyfvcr.mongodb.net:27017, type=REPLICA_SET_PRIMARY, TagSet{[Tag{name='availabilityZone', value='euw3-az2'}, Tag{name='diskState', value='READY'}, Tag{name='nodeType', value='ELECTABLE'}, Tag{name='provider', value='AWS'}, Tag{name='region', value='EU_WEST_3'}, Tag{name='workloadType', value='OPERATIONAL'}]}, roundTripTime=247.9 ms, state=CONNECTED}, {address=ac-v4zs08p-shard-00-00.evyfvcr.mongodb.net:27017, type=REPLICA_SET_SECONDARY, TagSet{[Tag{name='availabilityZone', value='euw3-az1'}, Tag{name='diskState', value='READY'}, Tag{name='nodeType', value='ELECTABLE'}, Tag{name='provider', value='AWS'}, Tag{name='region', value='EU_WEST_3'}, Tag{name='workloadType', value='OPERATIONAL'}]}, roundTripTime=247.6 ms, state=CONNECTED}]
16:38:58.551 [cluster-ClusterId{value='69399411dff6c3792eadead4', description='Cluster0'}-ac-v4zs08p-shard-00-02.evyfvcr.mongodb.net:27017] DEBUG org.mongodb.driver.cluster - Checking status of ac-v4zs08p-shard-00-02.evyfvcr.mongodb.net:27017
16:38:58.552 [main] DEBUG org.mongodb.driver.connection - Checkout started for connection to ac-v4zs08p-shard-00-01.evyfvcr.mongodb.net:27017
16:38:58.555 [main] DEBUG org.mongodb.driver.connection - Connection created: address=ac-v4zs08p-shard-00-01.evyfvcr.mongodb.net:27017, driver-generated ID=7
16:38:58.695 [main] DEBUG org.mongodb.driver.connection - Connection closed: address=ac-v4zs08p-shard-00-01.evyfvcr.mongodb.net:27017, driver-generated ID=7. Reason: An error occurred while using the connection. Error: There was a socket exception raised by this connection
16:38:58.696 [main] DEBUG org.mongodb.driver.connection - Checkout failed for connection to ac-v4zs08p-shard-00-01.evyfvcr.mongodb.net:27017. Reason: An error occurred while trying to establish a new connection. Error: com.mongodb.MongoSecurityException: Exception authenticating MongoCredential{mechanism=SCRAM-SHA-1, userName='usuariocurso', source='admin', password=<hidden>, mechanismProperties=<hidden>}. Duration: 143 ms
16:38:58.697 [main] DEBUG org.mongodb.driver.cluster - Updating cluster description to  {type=REPLICA_SET, servers=[{address=ac-v4zs08p-shard-00-02.evyfvcr.mongodb.net:27017, type=REPLICA_SET_SECONDARY, TagSet{[Tag{name='availabilityZone', value='euw3-az3'}, Tag{name='diskState', value='READY'}, Tag{name='nodeType', value='ELECTABLE'}, Tag{name='provider', value='AWS'}, Tag{name='region', value='EU_WEST_3'}, Tag{name='workloadType', value='OPERATIONAL'}]}, roundTripTime=247.7 ms, state=CONNECTED}, {address=ac-v4zs08p-shard-00-01.evyfvcr.mongodb.net:27017, type=UNKNOWN, state=CONNECTING, exception={com.mongodb.MongoSecurityException: Exception authenticating MongoCredential{mechanism=SCRAM-SHA-1, userName='usuariocurso', source='admin', password=<hidden>, mechanismProperties=<hidden>}}, caused by {com.mongodb.MongoCommandException: Command failed with error 8000 (AtlasError): 'bad auth : authentication failed' on server ac-v4zs08p-shard-00-01.evyfvcr.mongodb.net:27017. The full response is {"ok": 0, "errmsg": "bad auth : authentication failed", "code": 8000, "codeName": "AtlasError"}}}, {address=ac-v4zs08p-shard-00-00.evyfvcr.mongodb.net:27017, type=REPLICA_SET_SECONDARY, TagSet{[Tag{name='availabilityZone', value='euw3-az1'}, Tag{name='diskState', value='READY'}, Tag{name='nodeType', value='ELECTABLE'}, Tag{name='provider', value='AWS'}, Tag{name='region', value='EU_WEST_3'}, Tag{name='workloadType', value='OPERATIONAL'}]}, roundTripTime=247.6 ms, state=CONNECTED}]
16:38:58.699 [main] DEBUG org.mongodb.driver.connection - Connection pool for ac-v4zs08p-shard-00-01.evyfvcr.mongodb.net:27017 cleared
16:38:58.702 [main] DEBUG org.mongodb.driver.connection - Connection pool closed for ac-v4zs08p-shard-00-02.evyfvcr.mongodb.net:27017
16:38:58.723 [main] DEBUG org.mongodb.driver.connection - Connection pool closed for ac-v4zs08p-shard-00-01.evyfvcr.mongodb.net:27017
16:38:58.742 [main] DEBUG org.mongodb.driver.connection - Connection pool closed for ac-v4zs08p-shard-00-00.evyfvcr.mongodb.net:27017
16:40:55.804 [main] INFO  org.mongodb.driver.client - MongoClient with metadata {"application": {"name": "Cluster0"}, "driver": {"name": "mongo-java-driver|sync", "version": "5.1.0"}, "os": {"type": "Windows", "name": "Windows 11", "architecture": "amd64", "version": "10.0"}, "platform": "Java/Oracle Corporation/21.0.8+12-LTS-250"} created with settings MongoClientSettings{readPreference=primary, writeConcern=WriteConcern{w=null, wTimeout=null ms, journal=null}, retryWrites=true, retryReads=true, readConcern=ReadConcern{level=null}, credential=MongoCredential{mechanism=null, userName='usuariocurso', source='admin', password=<hidden>, mechanismProperties=<hidden>}, transportSettings=null, commandListeners=[], codecRegistry=ProvidersCodecRegistry{codecProviders=[ValueCodecProvider{}, BsonValueCodecProvider{}, DBRefCodecProvider{}, DBObjectCodecProvider{}, DocumentCodecProvider{}, CollectionCodecProvider{}, IterableCodecProvider{}, MapCodecProvider{}, GeoJsonCodecProvider{}, GridFSFileCodecProvider{}, Jsr310CodecProvider{}, JsonObjectCodecProvider{}, BsonCodecProvider{}, EnumCodecProvider{}, com.mongodb.client.model.mql.ExpressionCodecProvider@359df09a, com.mongodb.Jep395RecordCodecProvider@43df23d3, com.mongodb.KotlinCodecProvider@6d60fe40]}, loggerSettings=LoggerSettings{maxDocumentLength=1000}, clusterSettings={hosts=[127.0.0.1:27017], srvHost=cluster0.evyfvcr.mongodb.net, srvServiceName=mongodb, mode=MULTIPLE, requiredClusterType=REPLICA_SET, requiredReplicaSetName='atlas-a2f7sm-shard-0', serverSelector='null', clusterListeners='[]', serverSelectionTimeout='30000 ms', localThreshold='15 ms'}, socketSettings=SocketSettings{connectTimeoutMS=10000, readTimeoutMS=0, receiveBufferSize=0, proxySettings=ProxySettings{host=null, port=null, username=null, password=null}}, heartbeatSocketSettings=SocketSettings{connectTimeoutMS=10000, readTimeoutMS=10000, receiveBufferSize=0, proxySettings=ProxySettings{host=null, port=null, username=null, password=null}}, connectionPoolSettings=ConnectionPoolSettings{maxSize=100, minSize=0, maxWaitTimeMS=120000, maxConnectionLifeTimeMS=0, maxConnectionIdleTimeMS=0, maintenanceInitialDelayMS=0, maintenanceFrequencyMS=60000, connectionPoolListeners=[], maxConnecting=2}, serverSettings=ServerSettings{heartbeatFrequencyMS=10000, minHeartbeatFrequencyMS=500, serverMonitoringMode=AUTO, serverListeners='[]', serverMonitorListeners='[]'}, sslSettings=SslSettings{enabled=true, invalidHostNameAllowed=false, context=null}, applicationName='Cluster0', compressorList=[], uuidRepresentation=UNSPECIFIED, serverApi=ServerApi{version=V1, deprecationErrors=null, strict=null}, autoEncryptionSettings=null, dnsClient=null, inetAddressResolver=null, contextProvider=null}
16:40:55.814 [cluster-ClusterId{value='693994871a4419211c563990', description='Cluster0'}-srv-cluster0.evyfvcr.mongodb.net] INFO  org.mongodb.driver.cluster - Adding discovered server ac-v4zs08p-shard-00-00.evyfvcr.mongodb.net:27017 to client view of cluster
16:40:55.826 [main] DEBUG org.mongodb.driver.cluster - Server selection started for operation with ID 1. Selector: ReadPreferenceServerSelector{readPreference=primary}, topology description: {type=UNKNOWN, servers=[]
16:40:55.828 [cluster-ClusterId{value='693994871a4419211c563990', description='Cluster0'}-srv-cluster0.evyfvcr.mongodb.net] DEBUG org.mongodb.driver.connection - Connection pool created for ac-v4zs08p-shard-00-00.evyfvcr.mongodb.net:27017 using options maxIdleTimeMS=0, minPoolSize=0, maxPoolSize=100, maxConnecting=2, waitQueueTimeoutMS=120000
16:40:55.830 [main] INFO  org.mongodb.driver.cluster - Waiting for server to become available for operation with ID 1. Remaining time: 30000 ms. Selector: ReadPreferenceServerSelector{readPreference=primary}, topology description: {type=UNKNOWN, servers=[].
16:40:55.833 [cluster-ClusterId{value='693994871a4419211c563990', description='Cluster0'}-srv-cluster0.evyfvcr.mongodb.net] INFO  org.mongodb.driver.cluster - Adding discovered server ac-v4zs08p-shard-00-01.evyfvcr.mongodb.net:27017 to client view of cluster
16:40:55.836 [cluster-ClusterId{value='693994871a4419211c563990', description='Cluster0'}-srv-cluster0.evyfvcr.mongodb.net] DEBUG org.mongodb.driver.connection - Connection pool created for ac-v4zs08p-shard-00-01.evyfvcr.mongodb.net:27017 using options maxIdleTimeMS=0, minPoolSize=0, maxPoolSize=100, maxConnecting=2, waitQueueTimeoutMS=120000
16:40:55.837 [cluster-ClusterId{value='693994871a4419211c563990', description='Cluster0'}-srv-cluster0.evyfvcr.mongodb.net] INFO  org.mongodb.driver.cluster - Adding discovered server ac-v4zs08p-shard-00-02.evyfvcr.mongodb.net:27017 to client view of cluster
16:40:55.838 [cluster-ClusterId{value='693994871a4419211c563990', description='Cluster0'}-srv-cluster0.evyfvcr.mongodb.net] DEBUG org.mongodb.driver.connection - Connection pool created for ac-v4zs08p-shard-00-02.evyfvcr.mongodb.net:27017 using options maxIdleTimeMS=0, minPoolSize=0, maxPoolSize=100, maxConnecting=2, waitQueueTimeoutMS=120000
16:40:55.839 [cluster-ClusterId{value='693994871a4419211c563990', description='Cluster0'}-srv-cluster0.evyfvcr.mongodb.net] DEBUG org.mongodb.driver.cluster - Updating cluster description to  {type=REPLICA_SET, servers=[{address=ac-v4zs08p-shard-00-02.evyfvcr.mongodb.net:27017, type=UNKNOWN, state=CONNECTING}, {address=ac-v4zs08p-shard-00-01.evyfvcr.mongodb.net:27017, type=UNKNOWN, state=CONNECTING}, {address=ac-v4zs08p-shard-00-00.evyfvcr.mongodb.net:27017, type=UNKNOWN, state=CONNECTING}]
16:40:56.170 [cluster-ClusterId{value='693994871a4419211c563990', description='Cluster0'}-ac-v4zs08p-shard-00-00.evyfvcr.mongodb.net:27017] INFO  org.mongodb.driver.cluster - Monitor thread successfully connected to server with description ServerDescription{address=ac-v4zs08p-shard-00-00.evyfvcr.mongodb.net:27017, type=REPLICA_SET_SECONDARY, state=CONNECTED, ok=true, minWireVersion=0, maxWireVersion=25, maxDocumentSize=16777216, logicalSessionTimeoutMinutes=30, roundTripTimeNanos=190559700, setName='atlas-a2f7sm-shard-0', canonicalAddress=ac-v4zs08p-shard-00-00.evyfvcr.mongodb.net:27017, hosts=[ac-v4zs08p-shard-00-00.evyfvcr.mongodb.net:27017, ac-v4zs08p-shard-00-01.evyfvcr.mongodb.net:27017, ac-v4zs08p-shard-00-02.evyfvcr.mongodb.net:27017], passives=[], arbiters=[], primary='ac-v4zs08p-shard-00-01.evyfvcr.mongodb.net:27017', tagSet=TagSet{[Tag{name='availabilityZone', value='euw3-az1'}, Tag{name='diskState', value='READY'}, Tag{name='nodeType', value='ELECTABLE'}, Tag{name='provider', value='AWS'}, Tag{name='region', value='EU_WEST_3'}, Tag{name='workloadType', value='OPERATIONAL'}]}, electionId=null, setVersion=9, topologyVersion=TopologyVersion{processId=692074d7a2728db27df5c093, counter=4}, lastWriteDate=Wed Dec 10 16:41:18 CET 2025, lastUpdateTimeNanos=1828908241300}
16:40:56.170 [cluster-ClusterId{value='693994871a4419211c563990', description='Cluster0'}-ac-v4zs08p-shard-00-01.evyfvcr.mongodb.net:27017] INFO  org.mongodb.driver.cluster - Monitor thread successfully connected to server with description ServerDescription{address=ac-v4zs08p-shard-00-01.evyfvcr.mongodb.net:27017, type=REPLICA_SET_PRIMARY, state=CONNECTED, ok=true, minWireVersion=0, maxWireVersion=25, maxDocumentSize=16777216, logicalSessionTimeoutMinutes=30, roundTripTimeNanos=190559400, setName='atlas-a2f7sm-shard-0', canonicalAddress=ac-v4zs08p-shard-00-01.evyfvcr.mongodb.net:27017, hosts=[ac-v4zs08p-shard-00-00.evyfvcr.mongodb.net:27017, ac-v4zs08p-shard-00-01.evyfvcr.mongodb.net:27017, ac-v4zs08p-shard-00-02.evyfvcr.mongodb.net:27017], passives=[], arbiters=[], primary='ac-v4zs08p-shard-00-01.evyfvcr.mongodb.net:27017', tagSet=TagSet{[Tag{name='availabilityZone', value='euw3-az2'}, Tag{name='diskState', value='READY'}, Tag{name='nodeType', value='ELECTABLE'}, Tag{name='provider', value='AWS'}, Tag{name='region', value='EU_WEST_3'}, Tag{name='workloadType', value='OPERATIONAL'}]}, electionId=7fffffff000000000000009b, setVersion=9, topologyVersion=TopologyVersion{processId=692077582f7577395aa3302f, counter=6}, lastWriteDate=Wed Dec 10 16:41:18 CET 2025, lastUpdateTimeNanos=1828908241300}
16:40:56.170 [cluster-ClusterId{value='693994871a4419211c563990', description='Cluster0'}-ac-v4zs08p-shard-00-02.evyfvcr.mongodb.net:27017] INFO  org.mongodb.driver.cluster - Monitor thread successfully connected to server with description ServerDescription{address=ac-v4zs08p-shard-00-02.evyfvcr.mongodb.net:27017, type=REPLICA_SET_SECONDARY, state=CONNECTED, ok=true, minWireVersion=0, maxWireVersion=25, maxDocumentSize=16777216, logicalSessionTimeoutMinutes=30, roundTripTimeNanos=161550800, setName='atlas-a2f7sm-shard-0', canonicalAddress=ac-v4zs08p-shard-00-02.evyfvcr.mongodb.net:27017, hosts=[ac-v4zs08p-shard-00-00.evyfvcr.mongodb.net:27017, ac-v4zs08p-shard-00-01.evyfvcr.mongodb.net:27017, ac-v4zs08p-shard-00-02.evyfvcr.mongodb.net:27017], passives=[], arbiters=[], primary='ac-v4zs08p-shard-00-01.evyfvcr.mongodb.net:27017', tagSet=TagSet{[Tag{name='availabilityZone', value='euw3-az3'}, Tag{name='diskState', value='READY'}, Tag{name='nodeType', value='ELECTABLE'}, Tag{name='provider', value='AWS'}, Tag{name='region', value='EU_WEST_3'}, Tag{name='workloadType', value='OPERATIONAL'}]}, electionId=null, setVersion=9, topologyVersion=TopologyVersion{processId=692079e63a8aed23d2b73215, counter=3}, lastWriteDate=Wed Dec 10 16:41:18 CET 2025, lastUpdateTimeNanos=1828908241200}
16:40:56.170 [cluster-ClusterId{value='693994871a4419211c563990', description='Cluster0'}-ac-v4zs08p-shard-00-01.evyfvcr.mongodb.net:27017] DEBUG org.mongodb.driver.connection - Connection pool ready for ac-v4zs08p-shard-00-01.evyfvcr.mongodb.net:27017
16:40:56.177 [cluster-ClusterId{value='693994871a4419211c563990', description='Cluster0'}-ac-v4zs08p-shard-00-01.evyfvcr.mongodb.net:27017] INFO  org.mongodb.driver.cluster - Discovered replica set primary ac-v4zs08p-shard-00-01.evyfvcr.mongodb.net:27017 with max election id 7fffffff000000000000009b and max set version 9
16:40:56.178 [cluster-ClusterId{value='693994871a4419211c563990', description='Cluster0'}-ac-v4zs08p-shard-00-01.evyfvcr.mongodb.net:27017] DEBUG org.mongodb.driver.cluster - Updating cluster description to  {type=REPLICA_SET, servers=[{address=ac-v4zs08p-shard-00-02.evyfvcr.mongodb.net:27017, type=UNKNOWN, state=CONNECTING}, {address=ac-v4zs08p-shard-00-01.evyfvcr.mongodb.net:27017, type=REPLICA_SET_PRIMARY, TagSet{[Tag{name='availabilityZone', value='euw3-az2'}, Tag{name='diskState', value='READY'}, Tag{name='nodeType', value='ELECTABLE'}, Tag{name='provider', value='AWS'}, Tag{name='region', value='EU_WEST_3'}, Tag{name='workloadType', value='OPERATIONAL'}]}, roundTripTime=190.6 ms, state=CONNECTED}, {address=ac-v4zs08p-shard-00-00.evyfvcr.mongodb.net:27017, type=UNKNOWN, state=CONNECTING}]
16:40:56.178 [cluster-ClusterId{value='693994871a4419211c563990', description='Cluster0'}-ac-v4zs08p-shard-00-01.evyfvcr.mongodb.net:27017] DEBUG org.mongodb.driver.cluster - Checking status of ac-v4zs08p-shard-00-01.evyfvcr.mongodb.net:27017
16:40:56.178 [cluster-ClusterId{value='693994871a4419211c563990', description='Cluster0'}-ac-v4zs08p-shard-00-02.evyfvcr.mongodb.net:27017] DEBUG org.mongodb.driver.connection - Connection pool ready for ac-v4zs08p-shard-00-02.evyfvcr.mongodb.net:27017
16:40:56.178 [main] DEBUG org.mongodb.driver.cluster - Server selection succeeded for operation with ID 1. Selected server: ac-v4zs08p-shard-00-01.evyfvcr.mongodb.net:27017. Selector: ReadPreferenceServerSelector{readPreference=primary}, topology description: {type=REPLICA_SET, servers=[{address=ac-v4zs08p-shard-00-02.evyfvcr.mongodb.net:27017, type=UNKNOWN, state=CONNECTING}, {address=ac-v4zs08p-shard-00-01.evyfvcr.mongodb.net:27017, type=REPLICA_SET_PRIMARY, TagSet{[Tag{name='availabilityZone', value='euw3-az2'}, Tag{name='diskState', value='READY'}, Tag{name='nodeType', value='ELECTABLE'}, Tag{name='provider', value='AWS'}, Tag{name='region', value='EU_WEST_3'}, Tag{name='workloadType', value='OPERATIONAL'}]}, roundTripTime=190.6 ms, state=CONNECTED}, {address=ac-v4zs08p-shard-00-00.evyfvcr.mongodb.net:27017, type=UNKNOWN, state=CONNECTING}]
16:40:56.178 [cluster-ClusterId{value='693994871a4419211c563990', description='Cluster0'}-ac-v4zs08p-shard-00-02.evyfvcr.mongodb.net:27017] DEBUG org.mongodb.driver.cluster - Updating cluster description to  {type=REPLICA_SET, servers=[{address=ac-v4zs08p-shard-00-02.evyfvcr.mongodb.net:27017, type=REPLICA_SET_SECONDARY, TagSet{[Tag{name='availabilityZone', value='euw3-az3'}, Tag{name='diskState', value='READY'}, Tag{name='nodeType', value='ELECTABLE'}, Tag{name='provider', value='AWS'}, Tag{name='region', value='EU_WEST_3'}, Tag{name='workloadType', value='OPERATIONAL'}]}, roundTripTime=161.6 ms, state=CONNECTED}, {address=ac-v4zs08p-shard-00-01.evyfvcr.mongodb.net:27017, type=REPLICA_SET_PRIMARY, TagSet{[Tag{name='availabilityZone', value='euw3-az2'}, Tag{name='diskState', value='READY'}, Tag{name='nodeType', value='ELECTABLE'}, Tag{name='provider', value='AWS'}, Tag{name='region', value='EU_WEST_3'}, Tag{name='workloadType', value='OPERATIONAL'}]}, roundTripTime=190.6 ms, state=CONNECTED}, {address=ac-v4zs08p-shard-00-00.evyfvcr.mongodb.net:27017, type=UNKNOWN, state=CONNECTING}]
16:40:56.179 [cluster-ClusterId{value='693994871a4419211c563990', description='Cluster0'}-ac-v4zs08p-shard-00-00.evyfvcr.mongodb.net:27017] DEBUG org.mongodb.driver.connection - Connection pool ready for ac-v4zs08p-shard-00-00.evyfvcr.mongodb.net:27017
16:40:56.179 [cluster-ClusterId{value='693994871a4419211c563990', description='Cluster0'}-ac-v4zs08p-shard-00-02.evyfvcr.mongodb.net:27017] DEBUG org.mongodb.driver.cluster - Checking status of ac-v4zs08p-shard-00-02.evyfvcr.mongodb.net:27017
16:40:56.179 [cluster-ClusterId{value='693994871a4419211c563990', description='Cluster0'}-ac-v4zs08p-shard-00-00.evyfvcr.mongodb.net:27017] DEBUG org.mongodb.driver.cluster - Updating cluster description to  {type=REPLICA_SET, servers=[{address=ac-v4zs08p-shard-00-02.evyfvcr.mongodb.net:27017, type=REPLICA_SET_SECONDARY, TagSet{[Tag{name='availabilityZone', value='euw3-az3'}, Tag{name='diskState', value='READY'}, Tag{name='nodeType', value='ELECTABLE'}, Tag{name='provider', value='AWS'}, Tag{name='region', value='EU_WEST_3'}, Tag{name='workloadType', value='OPERATIONAL'}]}, roundTripTime=161.6 ms, state=CONNECTED}, {address=ac-v4zs08p-shard-00-01.evyfvcr.mongodb.net:27017, type=REPLICA_SET_PRIMARY, TagSet{[Tag{name='availabilityZone', value='euw3-az2'}, Tag{name='diskState', value='READY'}, Tag{name='nodeType', value='ELECTABLE'}, Tag{name='provider', value='AWS'}, Tag{name='region', value='EU_WEST_3'}, Tag{name='workloadType', value='OPERATIONAL'}]}, roundTripTime=190.6 ms, state=CONNECTED}, {address=ac-v4zs08p-shard-00-00.evyfvcr.mongodb.net:27017, type=REPLICA_SET_SECONDARY, TagSet{[Tag{name='availabilityZone', value='euw3-az1'}, Tag{name='diskState', value='READY'}, Tag{name='nodeType', value='ELECTABLE'}, Tag{name='provider', value='AWS'}, Tag{name='region', value='EU_WEST_3'}, Tag{name='workloadType', value='OPERATIONAL'}]}, roundTripTime=190.6 ms, state=CONNECTED}]
16:40:56.179 [cluster-ClusterId{value='693994871a4419211c563990', description='Cluster0'}-ac-v4zs08p-shard-00-00.evyfvcr.mongodb.net:27017] DEBUG org.mongodb.driver.cluster - Checking status of ac-v4zs08p-shard-00-00.evyfvcr.mongodb.net:27017
16:40:56.182 [main] DEBUG org.mongodb.driver.connection - Checkout started for connection to ac-v4zs08p-shard-00-01.evyfvcr.mongodb.net:27017
16:40:56.186 [main] DEBUG org.mongodb.driver.connection - Connection created: address=ac-v4zs08p-shard-00-01.evyfvcr.mongodb.net:27017, driver-generated ID=7
16:40:56.322 [main] DEBUG org.mongodb.driver.connection - Connection ready: address=ac-v4zs08p-shard-00-01.evyfvcr.mongodb.net:27017, driver-generated ID=7, established in=135 ms
16:40:56.323 [main] DEBUG org.mongodb.driver.connection - Connection checked out: address=ac-v4zs08p-shard-00-01.evyfvcr.mongodb.net:27017, driver-generated ID=7, duration=140 ms
16:40:56.331 [main] DEBUG org.mongodb.driver.protocol.command - Command "ping" started on database "admin" using a connection with driver-generated ID 7 and server-generated ID 458956 to ac-v4zs08p-shard-00-01.evyfvcr.mongodb.net:27017. The request ID is 13 and the operation ID is 1. Command: {"ping": 1, "$db": "admin", "lsid": {"id": {"$binary": {"base64": "a9EtwXpqSe+p4GElivM/Sw==", "subType": "04"}}}, "apiVersion": "1"}
16:40:56.356 [main] DEBUG org.mongodb.driver.protocol.command - Command "ping" succeeded on database "admin" in 25.4502 ms using a connection with driver-generated ID 7 and server-generated ID 458956 to ac-v4zs08p-shard-00-01.evyfvcr.mongodb.net:27017. The request ID is 13 and the operation ID is 1. Command reply: {"ok": 1}
16:40:56.357 [main] DEBUG org.mongodb.driver.connection - Connection checked in: address=ac-v4zs08p-shard-00-01.evyfvcr.mongodb.net:27017, driver-generated ID=7
16:40:56.358 [main] DEBUG org.mongodb.driver.cluster - Server selection started for operation with ID 11. Selector: ReadPreferenceServerSelector{readPreference=ReadPreference{name=primaryPreferred, hedgeOptions=null}}, topology description: {type=REPLICA_SET, servers=[{address=ac-v4zs08p-shard-00-02.evyfvcr.mongodb.net:27017, type=REPLICA_SET_SECONDARY, TagSet{[Tag{name='availabilityZone', value='euw3-az3'}, Tag{name='diskState', value='READY'}, Tag{name='nodeType', value='ELECTABLE'}, Tag{name='provider', value='AWS'}, Tag{name='region', value='EU_WEST_3'}, Tag{name='workloadType', value='OPERATIONAL'}]}, roundTripTime=161.6 ms, state=CONNECTED}, {address=ac-v4zs08p-shard-00-01.evyfvcr.mongodb.net:27017, type=REPLICA_SET_PRIMARY, TagSet{[Tag{name='availabilityZone', value='euw3-az2'}, Tag{name='diskState', value='READY'}, Tag{name='nodeType', value='ELECTABLE'}, Tag{name='provider', value='AWS'}, Tag{name='region', value='EU_WEST_3'}, Tag{name='workloadType', value='OPERATIONAL'}]}, roundTripTime=190.6 ms, state=CONNECTED}, {address=ac-v4zs08p-shard-00-00.evyfvcr.mongodb.net:27017, type=REPLICA_SET_SECONDARY, TagSet{[Tag{name='availabilityZone', value='euw3-az1'}, Tag{name='diskState', value='READY'}, Tag{name='nodeType', value='ELECTABLE'}, Tag{name='provider', value='AWS'}, Tag{name='region', value='EU_WEST_3'}, Tag{name='workloadType', value='OPERATIONAL'}]}, roundTripTime=190.6 ms, state=CONNECTED}]
16:40:56.358 [main] DEBUG org.mongodb.driver.cluster - Server selection succeeded for operation with ID 11. Selected server: ac-v4zs08p-shard-00-01.evyfvcr.mongodb.net:27017. Selector: ReadPreferenceServerSelector{readPreference=ReadPreference{name=primaryPreferred, hedgeOptions=null}}, topology description: {type=REPLICA_SET, servers=[{address=ac-v4zs08p-shard-00-02.evyfvcr.mongodb.net:27017, type=REPLICA_SET_SECONDARY, TagSet{[Tag{name='availabilityZone', value='euw3-az3'}, Tag{name='diskState', value='READY'}, Tag{name='nodeType', value='ELECTABLE'}, Tag{name='provider', value='AWS'}, Tag{name='region', value='EU_WEST_3'}, Tag{name='workloadType', value='OPERATIONAL'}]}, roundTripTime=161.6 ms, state=CONNECTED}, {address=ac-v4zs08p-shard-00-01.evyfvcr.mongodb.net:27017, type=REPLICA_SET_PRIMARY, TagSet{[Tag{name='availabilityZone', value='euw3-az2'}, Tag{name='diskState', value='READY'}, Tag{name='nodeType', value='ELECTABLE'}, Tag{name='provider', value='AWS'}, Tag{name='region', value='EU_WEST_3'}, Tag{name='workloadType', value='OPERATIONAL'}]}, roundTripTime=190.6 ms, state=CONNECTED}, {address=ac-v4zs08p-shard-00-00.evyfvcr.mongodb.net:27017, type=REPLICA_SET_SECONDARY, TagSet{[Tag{name='availabilityZone', value='euw3-az1'}, Tag{name='diskState', value='READY'}, Tag{name='nodeType', value='ELECTABLE'}, Tag{name='provider', value='AWS'}, Tag{name='region', value='EU_WEST_3'}, Tag{name='workloadType', value='OPERATIONAL'}]}, roundTripTime=190.6 ms, state=CONNECTED}]
16:40:56.358 [main] DEBUG org.mongodb.driver.connection - Checkout started for connection to ac-v4zs08p-shard-00-01.evyfvcr.mongodb.net:27017
16:40:56.359 [main] DEBUG org.mongodb.driver.connection - Connection checked out: address=ac-v4zs08p-shard-00-01.evyfvcr.mongodb.net:27017, driver-generated ID=7, duration=0 ms
16:40:56.360 [main] DEBUG org.mongodb.driver.protocol.command - Command "endSessions" started on database "admin" using a connection with driver-generated ID 7 and server-generated ID 458956 to ac-v4zs08p-shard-00-01.evyfvcr.mongodb.net:27017. The request ID is 14 and the operation ID is 11. Command: {"endSessions": [{"id": {"$binary": {"base64": "a9EtwXpqSe+p4GElivM/Sw==", "subType": "04"}}}], "$db": "admin", "apiVersion": "1", "$readPreference": {"mode": "primaryPreferred"}}
16:40:56.382 [main] DEBUG org.mongodb.driver.protocol.command - Command "endSessions" succeeded on database "admin" in 22.3445 ms using a connection with driver-generated ID 7 and server-generated ID 458956 to ac-v4zs08p-shard-00-01.evyfvcr.mongodb.net:27017. The request ID is 14 and the operation ID is 11. Command reply: {"ok": 1.0, "$clusterTime": {"clusterTime": {"$timestamp": {"t": 1765381278, "i": 2}}, "signature": {"hash": {"$binary": {"base64": "uFyohFm/nJMIkajePjqrHZnXSCg=", "subType": "00"}}, "keyId": 7539547125118402561}}, "operationTime": {"$timestamp": {"t": 1765381278, "i": 2}}}
16:40:56.382 [main] DEBUG org.mongodb.driver.connection - Connection checked in: address=ac-v4zs08p-shard-00-01.evyfvcr.mongodb.net:27017, driver-generated ID=7
16:40:56.383 [main] DEBUG org.mongodb.driver.connection - Connection pool closed for ac-v4zs08p-shard-00-02.evyfvcr.mongodb.net:27017
16:40:56.405 [main] DEBUG org.mongodb.driver.connection - Connection closed: address=ac-v4zs08p-shard-00-01.evyfvcr.mongodb.net:27017, driver-generated ID=7. Reason: Connection pool was closed.
16:40:56.406 [main] DEBUG org.mongodb.driver.connection - Connection pool closed for ac-v4zs08p-shard-00-01.evyfvcr.mongodb.net:27017
16:40:56.428 [main] DEBUG org.mongodb.driver.connection - Connection pool closed for ac-v4zs08p-shard-00-00.evyfvcr.mongodb.net:27017
16:41:36.488 [cluster-ClusterId{value='693994b047837609f98d22f3', description='Cluster0'}-srv-cluster0.evyfvcr.mongodb.net] INFO  org.mongodb.driver.cluster - Adding discovered server ac-v4zs08p-shard-00-00.evyfvcr.mongodb.net:27017 to client view of cluster
16:41:36.506 [main] INFO  org.mongodb.driver.client - MongoClient with metadata {"application": {"name": "Cluster0"}, "driver": {"name": "mongo-java-driver|sync", "version": "5.1.0"}, "os": {"type": "Windows", "name": "Windows 11", "architecture": "amd64", "version": "10.0"}, "platform": "Java/Oracle Corporation/21.0.8+12-LTS-250"} created with settings MongoClientSettings{readPreference=primary, writeConcern=WriteConcern{w=null, wTimeout=null ms, journal=null}, retryWrites=true, retryReads=true, readConcern=ReadConcern{level=null}, credential=MongoCredential{mechanism=null, userName='usuariocurso', source='admin', password=<hidden>, mechanismProperties=<hidden>}, transportSettings=null, commandListeners=[], codecRegistry=ProvidersCodecRegistry{codecProviders=[ValueCodecProvider{}, BsonValueCodecProvider{}, DBRefCodecProvider{}, DBObjectCodecProvider{}, DocumentCodecProvider{}, CollectionCodecProvider{}, IterableCodecProvider{}, MapCodecProvider{}, GeoJsonCodecProvider{}, GridFSFileCodecProvider{}, Jsr310CodecProvider{}, JsonObjectCodecProvider{}, BsonCodecProvider{}, EnumCodecProvider{}, com.mongodb.client.model.mql.ExpressionCodecProvider@303cf2ba, com.mongodb.Jep395RecordCodecProvider@76494737, com.mongodb.KotlinCodecProvider@4a003cbe]}, loggerSettings=LoggerSettings{maxDocumentLength=1000}, clusterSettings={hosts=[127.0.0.1:27017], srvHost=cluster0.evyfvcr.mongodb.net, srvServiceName=mongodb, mode=MULTIPLE, requiredClusterType=REPLICA_SET, requiredReplicaSetName='atlas-a2f7sm-shard-0', serverSelector='null', clusterListeners='[]', serverSelectionTimeout='30000 ms', localThreshold='15 ms'}, socketSettings=SocketSettings{connectTimeoutMS=10000, readTimeoutMS=0, receiveBufferSize=0, proxySettings=ProxySettings{host=null, port=null, username=null, password=null}}, heartbeatSocketSettings=SocketSettings{connectTimeoutMS=10000, readTimeoutMS=10000, receiveBufferSize=0, proxySettings=ProxySettings{host=null, port=null, username=null, password=null}}, connectionPoolSettings=ConnectionPoolSettings{maxSize=100, minSize=0, maxWaitTimeMS=120000, maxConnectionLifeTimeMS=0, maxConnectionIdleTimeMS=0, maintenanceInitialDelayMS=0, maintenanceFrequencyMS=60000, connectionPoolListeners=[], maxConnecting=2}, serverSettings=ServerSettings{heartbeatFrequencyMS=10000, minHeartbeatFrequencyMS=500, serverMonitoringMode=AUTO, serverListeners='[]', serverMonitorListeners='[]'}, sslSettings=SslSettings{enabled=true, invalidHostNameAllowed=false, context=null}, applicationName='Cluster0', compressorList=[], uuidRepresentation=UNSPECIFIED, serverApi=ServerApi{version=V1, deprecationErrors=null, strict=null}, autoEncryptionSettings=null, dnsClient=null, inetAddressResolver=null, contextProvider=null}
16:41:36.507 [cluster-ClusterId{value='693994b047837609f98d22f3', description='Cluster0'}-srv-cluster0.evyfvcr.mongodb.net] DEBUG org.mongodb.driver.connection - Connection pool created for ac-v4zs08p-shard-00-00.evyfvcr.mongodb.net:27017 using options maxIdleTimeMS=0, minPoolSize=0, maxPoolSize=100, maxConnecting=2, waitQueueTimeoutMS=120000
16:41:36.515 [cluster-ClusterId{value='693994b047837609f98d22f3', description='Cluster0'}-srv-cluster0.evyfvcr.mongodb.net] INFO  org.mongodb.driver.cluster - Adding discovered server ac-v4zs08p-shard-00-01.evyfvcr.mongodb.net:27017 to client view of cluster
16:41:36.518 [cluster-ClusterId{value='693994b047837609f98d22f3', description='Cluster0'}-srv-cluster0.evyfvcr.mongodb.net] DEBUG org.mongodb.driver.connection - Connection pool created for ac-v4zs08p-shard-00-01.evyfvcr.mongodb.net:27017 using options maxIdleTimeMS=0, minPoolSize=0, maxPoolSize=100, maxConnecting=2, waitQueueTimeoutMS=120000
16:41:36.519 [cluster-ClusterId{value='693994b047837609f98d22f3', description='Cluster0'}-srv-cluster0.evyfvcr.mongodb.net] INFO  org.mongodb.driver.cluster - Adding discovered server ac-v4zs08p-shard-00-02.evyfvcr.mongodb.net:27017 to client view of cluster
16:41:36.520 [cluster-ClusterId{value='693994b047837609f98d22f3', description='Cluster0'}-srv-cluster0.evyfvcr.mongodb.net] DEBUG org.mongodb.driver.connection - Connection pool created for ac-v4zs08p-shard-00-02.evyfvcr.mongodb.net:27017 using options maxIdleTimeMS=0, minPoolSize=0, maxPoolSize=100, maxConnecting=2, waitQueueTimeoutMS=120000
16:41:36.521 [cluster-ClusterId{value='693994b047837609f98d22f3', description='Cluster0'}-srv-cluster0.evyfvcr.mongodb.net] DEBUG org.mongodb.driver.cluster - Updating cluster description to  {type=REPLICA_SET, servers=[{address=ac-v4zs08p-shard-00-02.evyfvcr.mongodb.net:27017, type=UNKNOWN, state=CONNECTING}, {address=ac-v4zs08p-shard-00-01.evyfvcr.mongodb.net:27017, type=UNKNOWN, state=CONNECTING}, {address=ac-v4zs08p-shard-00-00.evyfvcr.mongodb.net:27017, type=UNKNOWN, state=CONNECTING}]
16:41:36.529 [main] DEBUG org.mongodb.driver.cluster - Server selection started for operation with ID 1. Selector: ReadPreferenceServerSelector{readPreference=primary}, topology description: {type=REPLICA_SET, servers=[{address=ac-v4zs08p-shard-00-02.evyfvcr.mongodb.net:27017, type=UNKNOWN, state=CONNECTING}, {address=ac-v4zs08p-shard-00-01.evyfvcr.mongodb.net:27017, type=UNKNOWN, state=CONNECTING}, {address=ac-v4zs08p-shard-00-00.evyfvcr.mongodb.net:27017, type=UNKNOWN, state=CONNECTING}]
16:41:36.533 [main] INFO  org.mongodb.driver.cluster - Waiting for server to become available for operation with ID 1. Remaining time: 30000 ms. Selector: ReadPreferenceServerSelector{readPreference=primary}, topology description: {type=REPLICA_SET, servers=[{address=ac-v4zs08p-shard-00-02.evyfvcr.mongodb.net:27017, type=UNKNOWN, state=CONNECTING}, {address=ac-v4zs08p-shard-00-01.evyfvcr.mongodb.net:27017, type=UNKNOWN, state=CONNECTING}, {address=ac-v4zs08p-shard-00-00.evyfvcr.mongodb.net:27017, type=UNKNOWN, state=CONNECTING}].
16:41:36.836 [cluster-ClusterId{value='693994b047837609f98d22f3', description='Cluster0'}-ac-v4zs08p-shard-00-00.evyfvcr.mongodb.net:27017] INFO  org.mongodb.driver.cluster - Monitor thread successfully connected to server with description ServerDescription{address=ac-v4zs08p-shard-00-00.evyfvcr.mongodb.net:27017, type=REPLICA_SET_SECONDARY, state=CONNECTED, ok=true, minWireVersion=0, maxWireVersion=25, maxDocumentSize=16777216, logicalSessionTimeoutMinutes=30, roundTripTimeNanos=192854100, setName='atlas-a2f7sm-shard-0', canonicalAddress=ac-v4zs08p-shard-00-00.evyfvcr.mongodb.net:27017, hosts=[ac-v4zs08p-shard-00-00.evyfvcr.mongodb.net:27017, ac-v4zs08p-shard-00-01.evyfvcr.mongodb.net:27017, ac-v4zs08p-shard-00-02.evyfvcr.mongodb.net:27017], passives=[], arbiters=[], primary='ac-v4zs08p-shard-00-01.evyfvcr.mongodb.net:27017', tagSet=TagSet{[Tag{name='availabilityZone', value='euw3-az1'}, Tag{name='diskState', value='READY'}, Tag{name='nodeType', value='ELECTABLE'}, Tag{name='provider', value='AWS'}, Tag{name='region', value='EU_WEST_3'}, Tag{name='workloadType', value='OPERATIONAL'}]}, electionId=null, setVersion=9, topologyVersion=TopologyVersion{processId=692074d7a2728db27df5c093, counter=4}, lastWriteDate=Wed Dec 10 16:42:00 CET 2025, lastUpdateTimeNanos=1869571810200}
16:41:36.836 [cluster-ClusterId{value='693994b047837609f98d22f3', description='Cluster0'}-ac-v4zs08p-shard-00-02.evyfvcr.mongodb.net:27017] INFO  org.mongodb.driver.cluster - Monitor thread successfully connected to server with description ServerDescription{address=ac-v4zs08p-shard-00-02.evyfvcr.mongodb.net:27017, type=REPLICA_SET_SECONDARY, state=CONNECTED, ok=true, minWireVersion=0, maxWireVersion=25, maxDocumentSize=16777216, logicalSessionTimeoutMinutes=30, roundTripTimeNanos=192854700, setName='atlas-a2f7sm-shard-0', canonicalAddress=ac-v4zs08p-shard-00-02.evyfvcr.mongodb.net:27017, hosts=[ac-v4zs08p-shard-00-00.evyfvcr.mongodb.net:27017, ac-v4zs08p-shard-00-01.evyfvcr.mongodb.net:27017, ac-v4zs08p-shard-00-02.evyfvcr.mongodb.net:27017], passives=[], arbiters=[], primary='ac-v4zs08p-shard-00-01.evyfvcr.mongodb.net:27017', tagSet=TagSet{[Tag{name='availabilityZone', value='euw3-az3'}, Tag{name='diskState', value='READY'}, Tag{name='nodeType', value='ELECTABLE'}, Tag{name='provider', value='AWS'}, Tag{name='region', value='EU_WEST_3'}, Tag{name='workloadType', value='OPERATIONAL'}]}, electionId=null, setVersion=9, topologyVersion=TopologyVersion{processId=692079e63a8aed23d2b73215, counter=3}, lastWriteDate=Wed Dec 10 16:42:00 CET 2025, lastUpdateTimeNanos=1869571810200}
16:41:36.836 [cluster-ClusterId{value='693994b047837609f98d22f3', description='Cluster0'}-ac-v4zs08p-shard-00-01.evyfvcr.mongodb.net:27017] INFO  org.mongodb.driver.cluster - Monitor thread successfully connected to server with description ServerDescription{address=ac-v4zs08p-shard-00-01.evyfvcr.mongodb.net:27017, type=REPLICA_SET_PRIMARY, state=CONNECTED, ok=true, minWireVersion=0, maxWireVersion=25, maxDocumentSize=16777216, logicalSessionTimeoutMinutes=30, roundTripTimeNanos=191207900, setName='atlas-a2f7sm-shard-0', canonicalAddress=ac-v4zs08p-shard-00-01.evyfvcr.mongodb.net:27017, hosts=[ac-v4zs08p-shard-00-00.evyfvcr.mongodb.net:27017, ac-v4zs08p-shard-00-01.evyfvcr.mongodb.net:27017, ac-v4zs08p-shard-00-02.evyfvcr.mongodb.net:27017], passives=[], arbiters=[], primary='ac-v4zs08p-shard-00-01.evyfvcr.mongodb.net:27017', tagSet=TagSet{[Tag{name='availabilityZone', value='euw3-az2'}, Tag{name='diskState', value='READY'}, Tag{name='nodeType', value='ELECTABLE'}, Tag{name='provider', value='AWS'}, Tag{name='region', value='EU_WEST_3'}, Tag{name='workloadType', value='OPERATIONAL'}]}, electionId=7fffffff000000000000009b, setVersion=9, topologyVersion=TopologyVersion{processId=692077582f7577395aa3302f, counter=6}, lastWriteDate=Wed Dec 10 16:42:00 CET 2025, lastUpdateTimeNanos=1869571810200}
16:41:36.837 [cluster-ClusterId{value='693994b047837609f98d22f3', description='Cluster0'}-ac-v4zs08p-shard-00-00.evyfvcr.mongodb.net:27017] DEBUG org.mongodb.driver.connection - Connection pool ready for ac-v4zs08p-shard-00-00.evyfvcr.mongodb.net:27017
16:41:36.843 [cluster-ClusterId{value='693994b047837609f98d22f3', description='Cluster0'}-ac-v4zs08p-shard-00-00.evyfvcr.mongodb.net:27017] DEBUG org.mongodb.driver.cluster - Updating cluster description to  {type=REPLICA_SET, servers=[{address=ac-v4zs08p-shard-00-02.evyfvcr.mongodb.net:27017, type=UNKNOWN, state=CONNECTING}, {address=ac-v4zs08p-shard-00-01.evyfvcr.mongodb.net:27017, type=UNKNOWN, state=CONNECTING}, {address=ac-v4zs08p-shard-00-00.evyfvcr.mongodb.net:27017, type=REPLICA_SET_SECONDARY, TagSet{[Tag{name='availabilityZone', value='euw3-az1'}, Tag{name='diskState', value='READY'}, Tag{name='nodeType', value='ELECTABLE'}, Tag{name='provider', value='AWS'}, Tag{name='region', value='EU_WEST_3'}, Tag{name='workloadType', value='OPERATIONAL'}]}, roundTripTime=192.9 ms, state=CONNECTED}]
16:41:36.843 [cluster-ClusterId{value='693994b047837609f98d22f3', description='Cluster0'}-ac-v4zs08p-shard-00-00.evyfvcr.mongodb.net:27017] DEBUG org.mongodb.driver.cluster - Checking status of ac-v4zs08p-shard-00-00.evyfvcr.mongodb.net:27017
16:41:36.843 [cluster-ClusterId{value='693994b047837609f98d22f3', description='Cluster0'}-ac-v4zs08p-shard-00-01.evyfvcr.mongodb.net:27017] DEBUG org.mongodb.driver.connection - Connection pool ready for ac-v4zs08p-shard-00-01.evyfvcr.mongodb.net:27017
16:41:36.843 [cluster-ClusterId{value='693994b047837609f98d22f3', description='Cluster0'}-ac-v4zs08p-shard-00-01.evyfvcr.mongodb.net:27017] INFO  org.mongodb.driver.cluster - Discovered replica set primary ac-v4zs08p-shard-00-01.evyfvcr.mongodb.net:27017 with max election id 7fffffff000000000000009b and max set version 9
16:41:36.844 [cluster-ClusterId{value='693994b047837609f98d22f3', description='Cluster0'}-ac-v4zs08p-shard-00-01.evyfvcr.mongodb.net:27017] DEBUG org.mongodb.driver.cluster - Updating cluster description to  {type=REPLICA_SET, servers=[{address=ac-v4zs08p-shard-00-02.evyfvcr.mongodb.net:27017, type=UNKNOWN, state=CONNECTING}, {address=ac-v4zs08p-shard-00-01.evyfvcr.mongodb.net:27017, type=REPLICA_SET_PRIMARY, TagSet{[Tag{name='availabilityZone', value='euw3-az2'}, Tag{name='diskState', value='READY'}, Tag{name='nodeType', value='ELECTABLE'}, Tag{name='provider', value='AWS'}, Tag{name='region', value='EU_WEST_3'}, Tag{name='workloadType', value='OPERATIONAL'}]}, roundTripTime=191.2 ms, state=CONNECTED}, {address=ac-v4zs08p-shard-00-00.evyfvcr.mongodb.net:27017, type=REPLICA_SET_SECONDARY, TagSet{[Tag{name='availabilityZone', value='euw3-az1'}, Tag{name='diskState', value='READY'}, Tag{name='nodeType', value='ELECTABLE'}, Tag{name='provider', value='AWS'}, Tag{name='region', value='EU_WEST_3'}, Tag{name='workloadType', value='OPERATIONAL'}]}, roundTripTime=192.9 ms, state=CONNECTED}]
16:41:36.844 [cluster-ClusterId{value='693994b047837609f98d22f3', description='Cluster0'}-ac-v4zs08p-shard-00-01.evyfvcr.mongodb.net:27017] DEBUG org.mongodb.driver.cluster - Checking status of ac-v4zs08p-shard-00-01.evyfvcr.mongodb.net:27017
16:41:36.844 [cluster-ClusterId{value='693994b047837609f98d22f3', description='Cluster0'}-ac-v4zs08p-shard-00-02.evyfvcr.mongodb.net:27017] DEBUG org.mongodb.driver.connection - Connection pool ready for ac-v4zs08p-shard-00-02.evyfvcr.mongodb.net:27017
16:41:36.844 [main] DEBUG org.mongodb.driver.cluster - Server selection succeeded for operation with ID 1. Selected server: ac-v4zs08p-shard-00-01.evyfvcr.mongodb.net:27017. Selector: ReadPreferenceServerSelector{readPreference=primary}, topology description: {type=REPLICA_SET, servers=[{address=ac-v4zs08p-shard-00-02.evyfvcr.mongodb.net:27017, type=UNKNOWN, state=CONNECTING}, {address=ac-v4zs08p-shard-00-01.evyfvcr.mongodb.net:27017, type=REPLICA_SET_PRIMARY, TagSet{[Tag{name='availabilityZone', value='euw3-az2'}, Tag{name='diskState', value='READY'}, Tag{name='nodeType', value='ELECTABLE'}, Tag{name='provider', value='AWS'}, Tag{name='region', value='EU_WEST_3'}, Tag{name='workloadType', value='OPERATIONAL'}]}, roundTripTime=191.2 ms, state=CONNECTED}, {address=ac-v4zs08p-shard-00-00.evyfvcr.mongodb.net:27017, type=REPLICA_SET_SECONDARY, TagSet{[Tag{name='availabilityZone', value='euw3-az1'}, Tag{name='diskState', value='READY'}, Tag{name='nodeType', value='ELECTABLE'}, Tag{name='provider', value='AWS'}, Tag{name='region', value='EU_WEST_3'}, Tag{name='workloadType', value='OPERATIONAL'}]}, roundTripTime=192.9 ms, state=CONNECTED}]
16:41:36.844 [cluster-ClusterId{value='693994b047837609f98d22f3', description='Cluster0'}-ac-v4zs08p-shard-00-02.evyfvcr.mongodb.net:27017] DEBUG org.mongodb.driver.cluster - Updating cluster description to  {type=REPLICA_SET, servers=[{address=ac-v4zs08p-shard-00-02.evyfvcr.mongodb.net:27017, type=REPLICA_SET_SECONDARY, TagSet{[Tag{name='availabilityZone', value='euw3-az3'}, Tag{name='diskState', value='READY'}, Tag{name='nodeType', value='ELECTABLE'}, Tag{name='provider', value='AWS'}, Tag{name='region', value='EU_WEST_3'}, Tag{name='workloadType', value='OPERATIONAL'}]}, roundTripTime=192.9 ms, state=CONNECTED}, {address=ac-v4zs08p-shard-00-01.evyfvcr.mongodb.net:27017, type=REPLICA_SET_PRIMARY, TagSet{[Tag{name='availabilityZone', value='euw3-az2'}, Tag{name='diskState', value='READY'}, Tag{name='nodeType', value='ELECTABLE'}, Tag{name='provider', value='AWS'}, Tag{name='region', value='EU_WEST_3'}, Tag{name='workloadType', value='OPERATIONAL'}]}, roundTripTime=191.2 ms, state=CONNECTED}, {address=ac-v4zs08p-shard-00-00.evyfvcr.mongodb.net:27017, type=REPLICA_SET_SECONDARY, TagSet{[Tag{name='availabilityZone', value='euw3-az1'}, Tag{name='diskState', value='READY'}, Tag{name='nodeType', value='ELECTABLE'}, Tag{name='provider', value='AWS'}, Tag{name='region', value='EU_WEST_3'}, Tag{name='workloadType', value='OPERATIONAL'}]}, roundTripTime=192.9 ms, state=CONNECTED}]
16:41:36.844 [cluster-ClusterId{value='693994b047837609f98d22f3', description='Cluster0'}-ac-v4zs08p-shard-00-02.evyfvcr.mongodb.net:27017] DEBUG org.mongodb.driver.cluster - Checking status of ac-v4zs08p-shard-00-02.evyfvcr.mongodb.net:27017
16:41:36.847 [main] DEBUG org.mongodb.driver.connection - Checkout started for connection to ac-v4zs08p-shard-00-01.evyfvcr.mongodb.net:27017
16:41:36.853 [main] DEBUG org.mongodb.driver.connection - Connection created: address=ac-v4zs08p-shard-00-01.evyfvcr.mongodb.net:27017, driver-generated ID=7
16:41:37.006 [main] DEBUG org.mongodb.driver.connection - Connection ready: address=ac-v4zs08p-shard-00-01.evyfvcr.mongodb.net:27017, driver-generated ID=7, established in=153 ms
16:41:37.007 [main] DEBUG org.mongodb.driver.connection - Connection checked out: address=ac-v4zs08p-shard-00-01.evyfvcr.mongodb.net:27017, driver-generated ID=7, duration=159 ms
16:41:37.015 [main] DEBUG org.mongodb.driver.protocol.command - Command "ping" started on database "admin" using a connection with driver-generated ID 7 and server-generated ID 458979 to ac-v4zs08p-shard-00-01.evyfvcr.mongodb.net:27017. The request ID is 13 and the operation ID is 1. Command: {"ping": 1, "$db": "admin", "lsid": {"id": {"$binary": {"base64": "js5TO78lR+yHdnGNFf3K+Q==", "subType": "04"}}}, "apiVersion": "1"}
16:41:37.037 [main] DEBUG org.mongodb.driver.protocol.command - Command "ping" succeeded on database "admin" in 24.2934 ms using a connection with driver-generated ID 7 and server-generated ID 458979 to ac-v4zs08p-shard-00-01.evyfvcr.mongodb.net:27017. The request ID is 13 and the operation ID is 1. Command reply: {"ok": 1}
16:41:37.038 [main] DEBUG org.mongodb.driver.connection - Connection checked in: address=ac-v4zs08p-shard-00-01.evyfvcr.mongodb.net:27017, driver-generated ID=7
16:41:37.039 [main] DEBUG org.mongodb.driver.cluster - Server selection started for operation with ID 11. Selector: ReadPreferenceServerSelector{readPreference=ReadPreference{name=primaryPreferred, hedgeOptions=null}}, topology description: {type=REPLICA_SET, servers=[{address=ac-v4zs08p-shard-00-02.evyfvcr.mongodb.net:27017, type=REPLICA_SET_SECONDARY, TagSet{[Tag{name='availabilityZone', value='euw3-az3'}, Tag{name='diskState', value='READY'}, Tag{name='nodeType', value='ELECTABLE'}, Tag{name='provider', value='AWS'}, Tag{name='region', value='EU_WEST_3'}, Tag{name='workloadType', value='OPERATIONAL'}]}, roundTripTime=192.9 ms, state=CONNECTED}, {address=ac-v4zs08p-shard-00-01.evyfvcr.mongodb.net:27017, type=REPLICA_SET_PRIMARY, TagSet{[Tag{name='availabilityZone', value='euw3-az2'}, Tag{name='diskState', value='READY'}, Tag{name='nodeType', value='ELECTABLE'}, Tag{name='provider', value='AWS'}, Tag{name='region', value='EU_WEST_3'}, Tag{name='workloadType', value='OPERATIONAL'}]}, roundTripTime=191.2 ms, state=CONNECTED}, {address=ac-v4zs08p-shard-00-00.evyfvcr.mongodb.net:27017, type=REPLICA_SET_SECONDARY, TagSet{[Tag{name='availabilityZone', value='euw3-az1'}, Tag{name='diskState', value='READY'}, Tag{name='nodeType', value='ELECTABLE'}, Tag{name='provider', value='AWS'}, Tag{name='region', value='EU_WEST_3'}, Tag{name='workloadType', value='OPERATIONAL'}]}, roundTripTime=192.9 ms, state=CONNECTED}]
16:41:37.040 [main] DEBUG org.mongodb.driver.cluster - Server selection succeeded for operation with ID 11. Selected server: ac-v4zs08p-shard-00-01.evyfvcr.mongodb.net:27017. Selector: ReadPreferenceServerSelector{readPreference=ReadPreference{name=primaryPreferred, hedgeOptions=null}}, topology description: {type=REPLICA_SET, servers=[{address=ac-v4zs08p-shard-00-02.evyfvcr.mongodb.net:27017, type=REPLICA_SET_SECONDARY, TagSet{[Tag{name='availabilityZone', value='euw3-az3'}, Tag{name='diskState', value='READY'}, Tag{name='nodeType', value='ELECTABLE'}, Tag{name='provider', value='AWS'}, Tag{name='region', value='EU_WEST_3'}, Tag{name='workloadType', value='OPERATIONAL'}]}, roundTripTime=192.9 ms, state=CONNECTED}, {address=ac-v4zs08p-shard-00-01.evyfvcr.mongodb.net:27017, type=REPLICA_SET_PRIMARY, TagSet{[Tag{name='availabilityZone', value='euw3-az2'}, Tag{name='diskState', value='READY'}, Tag{name='nodeType', value='ELECTABLE'}, Tag{name='provider', value='AWS'}, Tag{name='region', value='EU_WEST_3'}, Tag{name='workloadType', value='OPERATIONAL'}]}, roundTripTime=191.2 ms, state=CONNECTED}, {address=ac-v4zs08p-shard-00-00.evyfvcr.mongodb.net:27017, type=REPLICA_SET_SECONDARY, TagSet{[Tag{name='availabilityZone', value='euw3-az1'}, Tag{name='diskState', value='READY'}, Tag{name='nodeType', value='ELECTABLE'}, Tag{name='provider', value='AWS'}, Tag{name='region', value='EU_WEST_3'}, Tag{name='workloadType', value='OPERATIONAL'}]}, roundTripTime=192.9 ms, state=CONNECTED}]
16:41:37.040 [main] DEBUG org.mongodb.driver.connection - Checkout started for connection to ac-v4zs08p-shard-00-01.evyfvcr.mongodb.net:27017
16:41:37.040 [main] DEBUG org.mongodb.driver.connection - Connection checked out: address=ac-v4zs08p-shard-00-01.evyfvcr.mongodb.net:27017, driver-generated ID=7, duration=0 ms
16:41:37.043 [main] DEBUG org.mongodb.driver.protocol.command - Command "endSessions" started on database "admin" using a connection with driver-generated ID 7 and server-generated ID 458979 to ac-v4zs08p-shard-00-01.evyfvcr.mongodb.net:27017. The request ID is 14 and the operation ID is 11. Command: {"endSessions": [{"id": {"$binary": {"base64": "js5TO78lR+yHdnGNFf3K+Q==", "subType": "04"}}}], "$db": "admin", "apiVersion": "1", "$readPreference": {"mode": "primaryPreferred"}}
16:41:37.064 [main] DEBUG org.mongodb.driver.protocol.command - Command "endSessions" succeeded on database "admin" in 22.3424 ms using a connection with driver-generated ID 7 and server-generated ID 458979 to ac-v4zs08p-shard-00-01.evyfvcr.mongodb.net:27017. The request ID is 14 and the operation ID is 11. Command reply: {"ok": 1.0, "$clusterTime": {"clusterTime": {"$timestamp": {"t": 1765381320, "i": 1}}, "signature": {"hash": {"$binary": {"base64": "2ZmyvBqeWmx0mXGIuUEIHfrL918=", "subType": "00"}}, "keyId": 7539547125118402561}}, "operationTime": {"$timestamp": {"t": 1765381320, "i": 1}}}
16:41:37.064 [main] DEBUG org.mongodb.driver.connection - Connection checked in: address=ac-v4zs08p-shard-00-01.evyfvcr.mongodb.net:27017, driver-generated ID=7
16:41:37.065 [main] DEBUG org.mongodb.driver.connection - Connection pool closed for ac-v4zs08p-shard-00-02.evyfvcr.mongodb.net:27017
16:41:37.091 [main] DEBUG org.mongodb.driver.connection - Connection closed: address=ac-v4zs08p-shard-00-01.evyfvcr.mongodb.net:27017, driver-generated ID=7. Reason: Connection pool was closed.
16:41:37.092 [main] DEBUG org.mongodb.driver.connection - Connection pool closed for ac-v4zs08p-shard-00-01.evyfvcr.mongodb.net:27017
16:41:37.112 [main] DEBUG org.mongodb.driver.connection - Connection pool closed for ac-v4zs08p-shard-00-00.evyfvcr.mongodb.net:27017
16:44:03.310 [main] INFO  org.mongodb.driver.client - MongoClient with metadata {"application": {"name": "Cluster0"}, "driver": {"name": "mongo-java-driver|sync", "version": "5.1.0"}, "os": {"type": "Windows", "name": "Windows 11", "architecture": "amd64", "version": "10.0"}, "platform": "Java/Oracle Corporation/21.0.8+12-LTS-250"} created with settings MongoClientSettings{readPreference=primary, writeConcern=WriteConcern{w=null, wTimeout=null ms, journal=null}, retryWrites=true, retryReads=true, readConcern=ReadConcern{level=null}, credential=MongoCredential{mechanism=null, userName='usuariocurso', source='admin', password=<hidden>, mechanismProperties=<hidden>}, transportSettings=null, commandListeners=[], codecRegistry=ProvidersCodecRegistry{codecProviders=[ValueCodecProvider{}, BsonValueCodecProvider{}, DBRefCodecProvider{}, DBObjectCodecProvider{}, DocumentCodecProvider{}, CollectionCodecProvider{}, IterableCodecProvider{}, MapCodecProvider{}, GeoJsonCodecProvider{}, GridFSFileCodecProvider{}, Jsr310CodecProvider{}, JsonObjectCodecProvider{}, BsonCodecProvider{}, EnumCodecProvider{}, com.mongodb.client.model.mql.ExpressionCodecProvider@359df09a, com.mongodb.Jep395RecordCodecProvider@43df23d3, com.mongodb.KotlinCodecProvider@6d60fe40]}, loggerSettings=LoggerSettings{maxDocumentLength=1000}, clusterSettings={hosts=[127.0.0.1:27017], srvHost=cluster0.evyfvcr.mongodb.net, srvServiceName=mongodb, mode=MULTIPLE, requiredClusterType=REPLICA_SET, requiredReplicaSetName='atlas-a2f7sm-shard-0', serverSelector='null', clusterListeners='[]', serverSelectionTimeout='30000 ms', localThreshold='15 ms'}, socketSettings=SocketSettings{connectTimeoutMS=10000, readTimeoutMS=0, receiveBufferSize=0, proxySettings=ProxySettings{host=null, port=null, username=null, password=null}}, heartbeatSocketSettings=SocketSettings{connectTimeoutMS=10000, readTimeoutMS=10000, receiveBufferSize=0, proxySettings=ProxySettings{host=null, port=null, username=null, password=null}}, connectionPoolSettings=ConnectionPoolSettings{maxSize=100, minSize=0, maxWaitTimeMS=120000, maxConnectionLifeTimeMS=0, maxConnectionIdleTimeMS=0, maintenanceInitialDelayMS=0, maintenanceFrequencyMS=60000, connectionPoolListeners=[], maxConnecting=2}, serverSettings=ServerSettings{heartbeatFrequencyMS=10000, minHeartbeatFrequencyMS=500, serverMonitoringMode=AUTO, serverListeners='[]', serverMonitorListeners='[]'}, sslSettings=SslSettings{enabled=true, invalidHostNameAllowed=false, context=null}, applicationName='Cluster0', compressorList=[], uuidRepresentation=UNSPECIFIED, serverApi=ServerApi{version=V1, deprecationErrors=null, strict=null}, autoEncryptionSettings=null, dnsClient=null, inetAddressResolver=null, contextProvider=null}
16:44:03.322 [cluster-ClusterId{value='69399543e8901d742b5ddc61', description='Cluster0'}-srv-cluster0.evyfvcr.mongodb.net] INFO  org.mongodb.driver.cluster - Adding discovered server ac-v4zs08p-shard-00-01.evyfvcr.mongodb.net:27017 to client view of cluster
16:44:03.332 [main] DEBUG org.mongodb.driver.cluster - Server selection started for operation with ID 1. Selector: ReadPreferenceServerSelector{readPreference=primary}, topology description: {type=UNKNOWN, servers=[]
16:44:03.333 [cluster-ClusterId{value='69399543e8901d742b5ddc61', description='Cluster0'}-srv-cluster0.evyfvcr.mongodb.net] DEBUG org.mongodb.driver.connection - Connection pool created for ac-v4zs08p-shard-00-01.evyfvcr.mongodb.net:27017 using options maxIdleTimeMS=0, minPoolSize=0, maxPoolSize=100, maxConnecting=2, waitQueueTimeoutMS=120000
16:44:03.335 [main] INFO  org.mongodb.driver.cluster - Waiting for server to become available for operation with ID 1. Remaining time: 30000 ms. Selector: ReadPreferenceServerSelector{readPreference=primary}, topology description: {type=UNKNOWN, servers=[].
16:44:03.339 [cluster-ClusterId{value='69399543e8901d742b5ddc61', description='Cluster0'}-srv-cluster0.evyfvcr.mongodb.net] INFO  org.mongodb.driver.cluster - Adding discovered server ac-v4zs08p-shard-00-00.evyfvcr.mongodb.net:27017 to client view of cluster
16:44:03.341 [cluster-ClusterId{value='69399543e8901d742b5ddc61', description='Cluster0'}-srv-cluster0.evyfvcr.mongodb.net] DEBUG org.mongodb.driver.connection - Connection pool created for ac-v4zs08p-shard-00-00.evyfvcr.mongodb.net:27017 using options maxIdleTimeMS=0, minPoolSize=0, maxPoolSize=100, maxConnecting=2, waitQueueTimeoutMS=120000
16:44:03.341 [cluster-ClusterId{value='69399543e8901d742b5ddc61', description='Cluster0'}-srv-cluster0.evyfvcr.mongodb.net] INFO  org.mongodb.driver.cluster - Adding discovered server ac-v4zs08p-shard-00-02.evyfvcr.mongodb.net:27017 to client view of cluster
16:44:03.342 [cluster-ClusterId{value='69399543e8901d742b5ddc61', description='Cluster0'}-srv-cluster0.evyfvcr.mongodb.net] DEBUG org.mongodb.driver.connection - Connection pool created for ac-v4zs08p-shard-00-02.evyfvcr.mongodb.net:27017 using options maxIdleTimeMS=0, minPoolSize=0, maxPoolSize=100, maxConnecting=2, waitQueueTimeoutMS=120000
16:44:03.343 [cluster-ClusterId{value='69399543e8901d742b5ddc61', description='Cluster0'}-srv-cluster0.evyfvcr.mongodb.net] DEBUG org.mongodb.driver.cluster - Updating cluster description to  {type=REPLICA_SET, servers=[{address=ac-v4zs08p-shard-00-02.evyfvcr.mongodb.net:27017, type=UNKNOWN, state=CONNECTING}, {address=ac-v4zs08p-shard-00-01.evyfvcr.mongodb.net:27017, type=UNKNOWN, state=CONNECTING}, {address=ac-v4zs08p-shard-00-00.evyfvcr.mongodb.net:27017, type=UNKNOWN, state=CONNECTING}]
16:44:03.679 [cluster-ClusterId{value='69399543e8901d742b5ddc61', description='Cluster0'}-ac-v4zs08p-shard-00-00.evyfvcr.mongodb.net:27017] INFO  org.mongodb.driver.cluster - Monitor thread successfully connected to server with description ServerDescription{address=ac-v4zs08p-shard-00-00.evyfvcr.mongodb.net:27017, type=REPLICA_SET_SECONDARY, state=CONNECTED, ok=true, minWireVersion=0, maxWireVersion=25, maxDocumentSize=16777216, logicalSessionTimeoutMinutes=30, roundTripTimeNanos=195370700, setName='atlas-a2f7sm-shard-0', canonicalAddress=ac-v4zs08p-shard-00-00.evyfvcr.mongodb.net:27017, hosts=[ac-v4zs08p-shard-00-00.evyfvcr.mongodb.net:27017, ac-v4zs08p-shard-00-01.evyfvcr.mongodb.net:27017, ac-v4zs08p-shard-00-02.evyfvcr.mongodb.net:27017], passives=[], arbiters=[], primary='ac-v4zs08p-shard-00-01.evyfvcr.mongodb.net:27017', tagSet=TagSet{[Tag{name='availabilityZone', value='euw3-az1'}, Tag{name='diskState', value='READY'}, Tag{name='nodeType', value='ELECTABLE'}, Tag{name='provider', value='AWS'}, Tag{name='region', value='EU_WEST_3'}, Tag{name='workloadType', value='OPERATIONAL'}]}, electionId=null, setVersion=9, topologyVersion=TopologyVersion{processId=692074d7a2728db27df5c093, counter=4}, lastWriteDate=Wed Dec 10 16:44:27 CET 2025, lastUpdateTimeNanos=2016416338600}
16:44:03.679 [cluster-ClusterId{value='69399543e8901d742b5ddc61', description='Cluster0'}-ac-v4zs08p-shard-00-02.evyfvcr.mongodb.net:27017] INFO  org.mongodb.driver.cluster - Monitor thread successfully connected to server with description ServerDescription{address=ac-v4zs08p-shard-00-02.evyfvcr.mongodb.net:27017, type=REPLICA_SET_SECONDARY, state=CONNECTED, ok=true, minWireVersion=0, maxWireVersion=25, maxDocumentSize=16777216, logicalSessionTimeoutMinutes=30, roundTripTimeNanos=195370800, setName='atlas-a2f7sm-shard-0', canonicalAddress=ac-v4zs08p-shard-00-02.evyfvcr.mongodb.net:27017, hosts=[ac-v4zs08p-shard-00-00.evyfvcr.mongodb.net:27017, ac-v4zs08p-shard-00-01.evyfvcr.mongodb.net:27017, ac-v4zs08p-shard-00-02.evyfvcr.mongodb.net:27017], passives=[], arbiters=[], primary='ac-v4zs08p-shard-00-01.evyfvcr.mongodb.net:27017', tagSet=TagSet{[Tag{name='availabilityZone', value='euw3-az3'}, Tag{name='diskState', value='READY'}, Tag{name='nodeType', value='ELECTABLE'}, Tag{name='provider', value='AWS'}, Tag{name='region', value='EU_WEST_3'}, Tag{name='workloadType', value='OPERATIONAL'}]}, electionId=null, setVersion=9, topologyVersion=TopologyVersion{processId=692079e63a8aed23d2b73215, counter=3}, lastWriteDate=Wed Dec 10 16:44:27 CET 2025, lastUpdateTimeNanos=2016416338600}
16:44:03.680 [cluster-ClusterId{value='69399543e8901d742b5ddc61', description='Cluster0'}-ac-v4zs08p-shard-00-00.evyfvcr.mongodb.net:27017] DEBUG org.mongodb.driver.connection - Connection pool ready for ac-v4zs08p-shard-00-00.evyfvcr.mongodb.net:27017
16:44:03.684 [cluster-ClusterId{value='69399543e8901d742b5ddc61', description='Cluster0'}-ac-v4zs08p-shard-00-01.evyfvcr.mongodb.net:27017] INFO  org.mongodb.driver.cluster - Monitor thread successfully connected to server with description ServerDescription{address=ac-v4zs08p-shard-00-01.evyfvcr.mongodb.net:27017, type=REPLICA_SET_PRIMARY, state=CONNECTED, ok=true, minWireVersion=0, maxWireVersion=25, maxDocumentSize=16777216, logicalSessionTimeoutMinutes=30, roundTripTimeNanos=195370900, setName='atlas-a2f7sm-shard-0', canonicalAddress=ac-v4zs08p-shard-00-01.evyfvcr.mongodb.net:27017, hosts=[ac-v4zs08p-shard-00-00.evyfvcr.mongodb.net:27017, ac-v4zs08p-shard-00-01.evyfvcr.mongodb.net:27017, ac-v4zs08p-shard-00-02.evyfvcr.mongodb.net:27017], passives=[], arbiters=[], primary='ac-v4zs08p-shard-00-01.evyfvcr.mongodb.net:27017', tagSet=TagSet{[Tag{name='availabilityZone', value='euw3-az2'}, Tag{name='diskState', value='READY'}, Tag{name='nodeType', value='ELECTABLE'}, Tag{name='provider', value='AWS'}, Tag{name='region', value='EU_WEST_3'}, Tag{name='workloadType', value='OPERATIONAL'}]}, electionId=7fffffff000000000000009b, setVersion=9, topologyVersion=TopologyVersion{processId=692077582f7577395aa3302f, counter=6}, lastWriteDate=Wed Dec 10 16:44:27 CET 2025, lastUpdateTimeNanos=2016416338600}
16:44:03.685 [cluster-ClusterId{value='69399543e8901d742b5ddc61', description='Cluster0'}-ac-v4zs08p-shard-00-00.evyfvcr.mongodb.net:27017] DEBUG org.mongodb.driver.cluster - Updating cluster description to  {type=REPLICA_SET, servers=[{address=ac-v4zs08p-shard-00-02.evyfvcr.mongodb.net:27017, type=UNKNOWN, state=CONNECTING}, {address=ac-v4zs08p-shard-00-01.evyfvcr.mongodb.net:27017, type=UNKNOWN, state=CONNECTING}, {address=ac-v4zs08p-shard-00-00.evyfvcr.mongodb.net:27017, type=REPLICA_SET_SECONDARY, TagSet{[Tag{name='availabilityZone', value='euw3-az1'}, Tag{name='diskState', value='READY'}, Tag{name='nodeType', value='ELECTABLE'}, Tag{name='provider', value='AWS'}, Tag{name='region', value='EU_WEST_3'}, Tag{name='workloadType', value='OPERATIONAL'}]}, roundTripTime=195.4 ms, state=CONNECTED}]
16:44:03.685 [cluster-ClusterId{value='69399543e8901d742b5ddc61', description='Cluster0'}-ac-v4zs08p-shard-00-00.evyfvcr.mongodb.net:27017] DEBUG org.mongodb.driver.cluster - Checking status of ac-v4zs08p-shard-00-00.evyfvcr.mongodb.net:27017
16:44:03.685 [cluster-ClusterId{value='69399543e8901d742b5ddc61', description='Cluster0'}-ac-v4zs08p-shard-00-02.evyfvcr.mongodb.net:27017] DEBUG org.mongodb.driver.connection - Connection pool ready for ac-v4zs08p-shard-00-02.evyfvcr.mongodb.net:27017
16:44:03.685 [cluster-ClusterId{value='69399543e8901d742b5ddc61', description='Cluster0'}-ac-v4zs08p-shard-00-02.evyfvcr.mongodb.net:27017] DEBUG org.mongodb.driver.cluster - Updating cluster description to  {type=REPLICA_SET, servers=[{address=ac-v4zs08p-shard-00-02.evyfvcr.mongodb.net:27017, type=REPLICA_SET_SECONDARY, TagSet{[Tag{name='availabilityZone', value='euw3-az3'}, Tag{name='diskState', value='READY'}, Tag{name='nodeType', value='ELECTABLE'}, Tag{name='provider', value='AWS'}, Tag{name='region', value='EU_WEST_3'}, Tag{name='workloadType', value='OPERATIONAL'}]}, roundTripTime=195.4 ms, state=CONNECTED}, {address=ac-v4zs08p-shard-00-01.evyfvcr.mongodb.net:27017, type=UNKNOWN, state=CONNECTING}, {address=ac-v4zs08p-shard-00-00.evyfvcr.mongodb.net:27017, type=REPLICA_SET_SECONDARY, TagSet{[Tag{name='availabilityZone', value='euw3-az1'}, Tag{name='diskState', value='READY'}, Tag{name='nodeType', value='ELECTABLE'}, Tag{name='provider', value='AWS'}, Tag{name='region', value='EU_WEST_3'}, Tag{name='workloadType', value='OPERATIONAL'}]}, roundTripTime=195.4 ms, state=CONNECTED}]
16:44:03.685 [cluster-ClusterId{value='69399543e8901d742b5ddc61', description='Cluster0'}-ac-v4zs08p-shard-00-02.evyfvcr.mongodb.net:27017] DEBUG org.mongodb.driver.cluster - Checking status of ac-v4zs08p-shard-00-02.evyfvcr.mongodb.net:27017
16:44:03.685 [cluster-ClusterId{value='69399543e8901d742b5ddc61', description='Cluster0'}-ac-v4zs08p-shard-00-01.evyfvcr.mongodb.net:27017] DEBUG org.mongodb.driver.connection - Connection pool ready for ac-v4zs08p-shard-00-01.evyfvcr.mongodb.net:27017
16:44:03.687 [cluster-ClusterId{value='69399543e8901d742b5ddc61', description='Cluster0'}-ac-v4zs08p-shard-00-01.evyfvcr.mongodb.net:27017] INFO  org.mongodb.driver.cluster - Discovered replica set primary ac-v4zs08p-shard-00-01.evyfvcr.mongodb.net:27017 with max election id 7fffffff000000000000009b and max set version 9
16:44:03.687 [cluster-ClusterId{value='69399543e8901d742b5ddc61', description='Cluster0'}-ac-v4zs08p-shard-00-01.evyfvcr.mongodb.net:27017] DEBUG org.mongodb.driver.cluster - Updating cluster description to  {type=REPLICA_SET, servers=[{address=ac-v4zs08p-shard-00-02.evyfvcr.mongodb.net:27017, type=REPLICA_SET_SECONDARY, TagSet{[Tag{name='availabilityZone', value='euw3-az3'}, Tag{name='diskState', value='READY'}, Tag{name='nodeType', value='ELECTABLE'}, Tag{name='provider', value='AWS'}, Tag{name='region', value='EU_WEST_3'}, Tag{name='workloadType', value='OPERATIONAL'}]}, roundTripTime=195.4 ms, state=CONNECTED}, {address=ac-v4zs08p-shard-00-01.evyfvcr.mongodb.net:27017, type=REPLICA_SET_PRIMARY, TagSet{[Tag{name='availabilityZone', value='euw3-az2'}, Tag{name='diskState', value='READY'}, Tag{name='nodeType', value='ELECTABLE'}, Tag{name='provider', value='AWS'}, Tag{name='region', value='EU_WEST_3'}, Tag{name='workloadType', value='OPERATIONAL'}]}, roundTripTime=195.4 ms, state=CONNECTED}, {address=ac-v4zs08p-shard-00-00.evyfvcr.mongodb.net:27017, type=REPLICA_SET_SECONDARY, TagSet{[Tag{name='availabilityZone', value='euw3-az1'}, Tag{name='diskState', value='READY'}, Tag{name='nodeType', value='ELECTABLE'}, Tag{name='provider', value='AWS'}, Tag{name='region', value='EU_WEST_3'}, Tag{name='workloadType', value='OPERATIONAL'}]}, roundTripTime=195.4 ms, state=CONNECTED}]
16:44:03.687 [cluster-ClusterId{value='69399543e8901d742b5ddc61', description='Cluster0'}-ac-v4zs08p-shard-00-01.evyfvcr.mongodb.net:27017] DEBUG org.mongodb.driver.cluster - Checking status of ac-v4zs08p-shard-00-01.evyfvcr.mongodb.net:27017
16:44:03.687 [main] DEBUG org.mongodb.driver.cluster - Server selection succeeded for operation with ID 1. Selected server: ac-v4zs08p-shard-00-01.evyfvcr.mongodb.net:27017. Selector: ReadPreferenceServerSelector{readPreference=primary}, topology description: {type=REPLICA_SET, servers=[{address=ac-v4zs08p-shard-00-02.evyfvcr.mongodb.net:27017, type=REPLICA_SET_SECONDARY, TagSet{[Tag{name='availabilityZone', value='euw3-az3'}, Tag{name='diskState', value='READY'}, Tag{name='nodeType', value='ELECTABLE'}, Tag{name='provider', value='AWS'}, Tag{name='region', value='EU_WEST_3'}, Tag{name='workloadType', value='OPERATIONAL'}]}, roundTripTime=195.4 ms, state=CONNECTED}, {address=ac-v4zs08p-shard-00-01.evyfvcr.mongodb.net:27017, type=REPLICA_SET_PRIMARY, TagSet{[Tag{name='availabilityZone', value='euw3-az2'}, Tag{name='diskState', value='READY'}, Tag{name='nodeType', value='ELECTABLE'}, Tag{name='provider', value='AWS'}, Tag{name='region', value='EU_WEST_3'}, Tag{name='workloadType', value='OPERATIONAL'}]}, roundTripTime=195.4 ms, state=CONNECTED}, {address=ac-v4zs08p-shard-00-00.evyfvcr.mongodb.net:27017, type=REPLICA_SET_SECONDARY, TagSet{[Tag{name='availabilityZone', value='euw3-az1'}, Tag{name='diskState', value='READY'}, Tag{name='nodeType', value='ELECTABLE'}, Tag{name='provider', value='AWS'}, Tag{name='region', value='EU_WEST_3'}, Tag{name='workloadType', value='OPERATIONAL'}]}, roundTripTime=195.4 ms, state=CONNECTED}]
16:44:03.688 [main] DEBUG org.mongodb.driver.connection - Checkout started for connection to ac-v4zs08p-shard-00-01.evyfvcr.mongodb.net:27017
16:44:03.693 [main] DEBUG org.mongodb.driver.connection - Connection created: address=ac-v4zs08p-shard-00-01.evyfvcr.mongodb.net:27017, driver-generated ID=7
16:44:03.855 [main] DEBUG org.mongodb.driver.connection - Connection ready: address=ac-v4zs08p-shard-00-01.evyfvcr.mongodb.net:27017, driver-generated ID=7, established in=161 ms
16:44:03.856 [main] DEBUG org.mongodb.driver.connection - Connection checked out: address=ac-v4zs08p-shard-00-01.evyfvcr.mongodb.net:27017, driver-generated ID=7, duration=167 ms
16:44:03.862 [main] DEBUG org.mongodb.driver.protocol.command - Command "ping" started on database "admin" using a connection with driver-generated ID 7 and server-generated ID 458961 to ac-v4zs08p-shard-00-01.evyfvcr.mongodb.net:27017. The request ID is 13 and the operation ID is 1. Command: {"ping": 1, "$db": "admin", "lsid": {"id": {"$binary": {"base64": "43DomoWoQVyelEZe0h8VIA==", "subType": "04"}}}, "apiVersion": "1"}
16:44:03.887 [main] DEBUG org.mongodb.driver.protocol.command - Command "ping" succeeded on database "admin" in 24.2528 ms using a connection with driver-generated ID 7 and server-generated ID 458961 to ac-v4zs08p-shard-00-01.evyfvcr.mongodb.net:27017. The request ID is 13 and the operation ID is 1. Command reply: {"ok": 1}
16:44:03.888 [main] DEBUG org.mongodb.driver.connection - Connection checked in: address=ac-v4zs08p-shard-00-01.evyfvcr.mongodb.net:27017, driver-generated ID=7
16:44:03.889 [main] DEBUG org.mongodb.driver.cluster - Server selection started for operation with ID 11. Selector: ReadPreferenceServerSelector{readPreference=ReadPreference{name=primaryPreferred, hedgeOptions=null}}, topology description: {type=REPLICA_SET, servers=[{address=ac-v4zs08p-shard-00-02.evyfvcr.mongodb.net:27017, type=REPLICA_SET_SECONDARY, TagSet{[Tag{name='availabilityZone', value='euw3-az3'}, Tag{name='diskState', value='READY'}, Tag{name='nodeType', value='ELECTABLE'}, Tag{name='provider', value='AWS'}, Tag{name='region', value='EU_WEST_3'}, Tag{name='workloadType', value='OPERATIONAL'}]}, roundTripTime=195.4 ms, state=CONNECTED}, {address=ac-v4zs08p-shard-00-01.evyfvcr.mongodb.net:27017, type=REPLICA_SET_PRIMARY, TagSet{[Tag{name='availabilityZone', value='euw3-az2'}, Tag{name='diskState', value='READY'}, Tag{name='nodeType', value='ELECTABLE'}, Tag{name='provider', value='AWS'}, Tag{name='region', value='EU_WEST_3'}, Tag{name='workloadType', value='OPERATIONAL'}]}, roundTripTime=195.4 ms, state=CONNECTED}, {address=ac-v4zs08p-shard-00-00.evyfvcr.mongodb.net:27017, type=REPLICA_SET_SECONDARY, TagSet{[Tag{name='availabilityZone', value='euw3-az1'}, Tag{name='diskState', value='READY'}, Tag{name='nodeType', value='ELECTABLE'}, Tag{name='provider', value='AWS'}, Tag{name='region', value='EU_WEST_3'}, Tag{name='workloadType', value='OPERATIONAL'}]}, roundTripTime=195.4 ms, state=CONNECTED}]
16:44:03.890 [main] DEBUG org.mongodb.driver.cluster - Server selection succeeded for operation with ID 11. Selected server: ac-v4zs08p-shard-00-01.evyfvcr.mongodb.net:27017. Selector: ReadPreferenceServerSelector{readPreference=ReadPreference{name=primaryPreferred, hedgeOptions=null}}, topology description: {type=REPLICA_SET, servers=[{address=ac-v4zs08p-shard-00-02.evyfvcr.mongodb.net:27017, type=REPLICA_SET_SECONDARY, TagSet{[Tag{name='availabilityZone', value='euw3-az3'}, Tag{name='diskState', value='READY'}, Tag{name='nodeType', value='ELECTABLE'}, Tag{name='provider', value='AWS'}, Tag{name='region', value='EU_WEST_3'}, Tag{name='workloadType', value='OPERATIONAL'}]}, roundTripTime=195.4 ms, state=CONNECTED}, {address=ac-v4zs08p-shard-00-01.evyfvcr.mongodb.net:27017, type=REPLICA_SET_PRIMARY, TagSet{[Tag{name='availabilityZone', value='euw3-az2'}, Tag{name='diskState', value='READY'}, Tag{name='nodeType', value='ELECTABLE'}, Tag{name='provider', value='AWS'}, Tag{name='region', value='EU_WEST_3'}, Tag{name='workloadType', value='OPERATIONAL'}]}, roundTripTime=195.4 ms, state=CONNECTED}, {address=ac-v4zs08p-shard-00-00.evyfvcr.mongodb.net:27017, type=REPLICA_SET_SECONDARY, TagSet{[Tag{name='availabilityZone', value='euw3-az1'}, Tag{name='diskState', value='READY'}, Tag{name='nodeType', value='ELECTABLE'}, Tag{name='provider', value='AWS'}, Tag{name='region', value='EU_WEST_3'}, Tag{name='workloadType', value='OPERATIONAL'}]}, roundTripTime=195.4 ms, state=CONNECTED}]
16:44:03.890 [main] DEBUG org.mongodb.driver.connection - Checkout started for connection to ac-v4zs08p-shard-00-01.evyfvcr.mongodb.net:27017
16:44:03.890 [main] DEBUG org.mongodb.driver.connection - Connection checked out: address=ac-v4zs08p-shard-00-01.evyfvcr.mongodb.net:27017, driver-generated ID=7, duration=0 ms
16:44:03.892 [main] DEBUG org.mongodb.driver.protocol.command - Command "endSessions" started on database "admin" using a connection with driver-generated ID 7 and server-generated ID 458961 to ac-v4zs08p-shard-00-01.evyfvcr.mongodb.net:27017. The request ID is 14 and the operation ID is 11. Command: {"endSessions": [{"id": {"$binary": {"base64": "43DomoWoQVyelEZe0h8VIA==", "subType": "04"}}}], "$db": "admin", "apiVersion": "1", "$readPreference": {"mode": "primaryPreferred"}}
16:44:03.913 [main] DEBUG org.mongodb.driver.protocol.command - Command "endSessions" succeeded on database "admin" in 22.3803 ms using a connection with driver-generated ID 7 and server-generated ID 458961 to ac-v4zs08p-shard-00-01.evyfvcr.mongodb.net:27017. The request ID is 14 and the operation ID is 11. Command reply: {"ok": 1.0, "$clusterTime": {"clusterTime": {"$timestamp": {"t": 1765381467, "i": 2}}, "signature": {"hash": {"$binary": {"base64": "SC/WUkA/cTtmGCD2j1J7F7liun4=", "subType": "00"}}, "keyId": 7539547125118402561}}, "operationTime": {"$timestamp": {"t": 1765381467, "i": 2}}}
16:44:03.914 [main] DEBUG org.mongodb.driver.connection - Connection checked in: address=ac-v4zs08p-shard-00-01.evyfvcr.mongodb.net:27017, driver-generated ID=7
16:44:03.915 [main] DEBUG org.mongodb.driver.connection - Connection pool closed for ac-v4zs08p-shard-00-02.evyfvcr.mongodb.net:27017
16:44:03.941 [main] DEBUG org.mongodb.driver.connection - Connection closed: address=ac-v4zs08p-shard-00-01.evyfvcr.mongodb.net:27017, driver-generated ID=7. Reason: Connection pool was closed.
16:44:03.942 [main] DEBUG org.mongodb.driver.connection - Connection pool closed for ac-v4zs08p-shard-00-01.evyfvcr.mongodb.net:27017
16:44:03.967 [main] DEBUG org.mongodb.driver.connection - Connection pool closed for ac-v4zs08p-shard-00-00.evyfvcr.mongodb.net:27017
17:25:05.952 [main] DEBUG org.mongodb.driver.cluster - Starting monitoring for topology with ID ClusterId{value='69399ee1e6469eab70c634b6', description='Cluster0'}
17:25:05.969 [main] INFO  org.mongodb.driver.client - MongoClient with metadata {"application": {"name": "Cluster0"}, "driver": {"name": "mongo-java-driver|sync", "version": "5.6.2"}, "os": {"type": "Windows", "name": "Windows 11", "architecture": "amd64", "version": "10.0"}, "platform": "Java/Oracle Corporation/21.0.8+12-LTS-250"} created with settings MongoClientSettings{readPreference=primary, writeConcern=WriteConcern{w=null, wTimeout=null ms, journal=null}, retryWrites=true, retryReads=true, readConcern=ReadConcern{level=null}, credential=MongoCredential{mechanism=null, userName='usuariocurso', source='admin', password=<hidden>, mechanismProperties=<hidden>}, transportSettings=null, commandListeners=[], codecRegistry=ProvidersCodecRegistry{codecProviders=[ValueCodecProvider{}, BsonValueCodecProvider{}, DBRefCodecProvider{}, DBObjectCodecProvider{}, DocumentCodecProvider{}, CollectionCodecProvider{}, IterableCodecProvider{}, MapCodecProvider{}, GeoJsonCodecProvider{}, GridFSFileCodecProvider{}, Jsr310CodecProvider{}, JsonObjectCodecProvider{}, BsonCodecProvider{}, com.mongodb.client.model.mql.ExpressionCodecProvider@7fb4f2a9, com.mongodb.Jep395RecordCodecProvider@4dc27487, com.mongodb.KotlinCodecProvider@6a4f1a55, EnumCodecProvider{}]}, loggerSettings=LoggerSettings{maxDocumentLength=1000}, clusterSettings={hosts=[127.0.0.1:27017], srvHost=cluster0.evyfvcr.mongodb.net, srvServiceName=mongodb, mode=MULTIPLE, requiredClusterType=REPLICA_SET, requiredReplicaSetName='atlas-a2f7sm-shard-0', serverSelector='null', clusterListeners='[]', serverSelectionTimeout='30000 ms', localThreshold='15 ms'}, socketSettings=SocketSettings{connectTimeoutMS=10000, readTimeoutMS=0, receiveBufferSize=0, proxySettings=ProxySettings{host=null, port=null, username=null, password=null}}, heartbeatSocketSettings=SocketSettings{connectTimeoutMS=10000, readTimeoutMS=10000, receiveBufferSize=0, proxySettings=ProxySettings{host=null, port=null, username=null, password=null}}, connectionPoolSettings=ConnectionPoolSettings{maxSize=100, minSize=0, maxWaitTimeMS=120000, maxConnectionLifeTimeMS=0, maxConnectionIdleTimeMS=0, maintenanceInitialDelayMS=0, maintenanceFrequencyMS=60000, connectionPoolListeners=[], maxConnecting=2}, serverSettings=ServerSettings{heartbeatFrequencyMS=10000, minHeartbeatFrequencyMS=500, serverMonitoringMode=AUTO, serverListeners='[]', serverMonitorListeners='[]'}, sslSettings=SslSettings{enabled=true, invalidHostNameAllowed=false, context=null}, applicationName='Cluster0', compressorList=[], uuidRepresentation=UNSPECIFIED, serverApi=ServerApi{version=V1, deprecationErrors=null, strict=null}, autoEncryptionSettings=null, dnsClient=null, inetAddressResolver=null, contextProvider=null, timeoutMS=null}
17:25:05.984 [main] DEBUG org.mongodb.driver.cluster - Server selection started for operation ping with ID 2. Selector: ReadPreferenceServerSelector{readPreference=primary}, topology description: {type=UNKNOWN, servers=[]
17:25:05.991 [main] INFO  org.mongodb.driver.cluster - Waiting for server to become available for operation ping with ID 2. Remaining time: 29992 ms. Selector: ReadPreferenceServerSelector{readPreference=primary}, topology description: {type=UNKNOWN, servers=[].
17:25:05.993 [cluster-ClusterId{value='69399ee1e6469eab70c634b6', description='Cluster0'}-srv-cluster0.evyfvcr.mongodb.net] INFO  org.mongodb.driver.cluster - Adding discovered server ac-v4zs08p-shard-00-01.evyfvcr.mongodb.net:27017 to client view of cluster
17:25:06.000 [cluster-ClusterId{value='69399ee1e6469eab70c634b6', description='Cluster0'}-srv-cluster0.evyfvcr.mongodb.net] DEBUG org.mongodb.driver.connection - Connection pool created for ac-v4zs08p-shard-00-01.evyfvcr.mongodb.net:27017 using options maxIdleTimeMS=0, minPoolSize=0, maxPoolSize=100, maxConnecting=2, waitQueueTimeoutMS=120000
17:25:06.004 [cluster-ClusterId{value='69399ee1e6469eab70c634b6', description='Cluster0'}-srv-cluster0.evyfvcr.mongodb.net] DEBUG org.mongodb.driver.cluster - Starting monitoring for server ac-v4zs08p-shard-00-01.evyfvcr.mongodb.net:27017 in topology with ID ClusterId{value='69399ee1e6469eab70c634b6', description='Cluster0'}
17:25:06.004 [cluster-ClusterId{value='69399ee1e6469eab70c634b6', description='Cluster0'}-ac-v4zs08p-shard-00-01.evyfvcr.mongodb.net:27017] DEBUG org.mongodb.driver.cluster - Checking status of ac-v4zs08p-shard-00-01.evyfvcr.mongodb.net:27017
17:25:06.005 [cluster-ClusterId{value='69399ee1e6469eab70c634b6', description='Cluster0'}-srv-cluster0.evyfvcr.mongodb.net] INFO  org.mongodb.driver.cluster - Adding discovered server ac-v4zs08p-shard-00-00.evyfvcr.mongodb.net:27017 to client view of cluster
17:25:06.005 [cluster-ClusterId{value='69399ee1e6469eab70c634b6', description='Cluster0'}-srv-cluster0.evyfvcr.mongodb.net] DEBUG org.mongodb.driver.connection - Connection pool created for ac-v4zs08p-shard-00-00.evyfvcr.mongodb.net:27017 using options maxIdleTimeMS=0, minPoolSize=0, maxPoolSize=100, maxConnecting=2, waitQueueTimeoutMS=120000
17:25:06.005 [cluster-ClusterId{value='69399ee1e6469eab70c634b6', description='Cluster0'}-srv-cluster0.evyfvcr.mongodb.net] DEBUG org.mongodb.driver.cluster - Starting monitoring for server ac-v4zs08p-shard-00-00.evyfvcr.mongodb.net:27017 in topology with ID ClusterId{value='69399ee1e6469eab70c634b6', description='Cluster0'}
17:25:06.005 [cluster-ClusterId{value='69399ee1e6469eab70c634b6', description='Cluster0'}-srv-cluster0.evyfvcr.mongodb.net] INFO  org.mongodb.driver.cluster - Adding discovered server ac-v4zs08p-shard-00-02.evyfvcr.mongodb.net:27017 to client view of cluster
17:25:06.005 [cluster-ClusterId{value='69399ee1e6469eab70c634b6', description='Cluster0'}-srv-cluster0.evyfvcr.mongodb.net] DEBUG org.mongodb.driver.connection - Connection pool created for ac-v4zs08p-shard-00-02.evyfvcr.mongodb.net:27017 using options maxIdleTimeMS=0, minPoolSize=0, maxPoolSize=100, maxConnecting=2, waitQueueTimeoutMS=120000
17:25:06.005 [cluster-ClusterId{value='69399ee1e6469eab70c634b6', description='Cluster0'}-ac-v4zs08p-shard-00-00.evyfvcr.mongodb.net:27017] DEBUG org.mongodb.driver.cluster - Checking status of ac-v4zs08p-shard-00-00.evyfvcr.mongodb.net:27017
17:25:06.005 [cluster-ClusterId{value='69399ee1e6469eab70c634b6', description='Cluster0'}-srv-cluster0.evyfvcr.mongodb.net] DEBUG org.mongodb.driver.cluster - Starting monitoring for server ac-v4zs08p-shard-00-02.evyfvcr.mongodb.net:27017 in topology with ID ClusterId{value='69399ee1e6469eab70c634b6', description='Cluster0'}
17:25:06.005 [cluster-ClusterId{value='69399ee1e6469eab70c634b6', description='Cluster0'}-ac-v4zs08p-shard-00-02.evyfvcr.mongodb.net:27017] DEBUG org.mongodb.driver.cluster - Checking status of ac-v4zs08p-shard-00-02.evyfvcr.mongodb.net:27017
17:25:06.006 [cluster-ClusterId{value='69399ee1e6469eab70c634b6', description='Cluster0'}-srv-cluster0.evyfvcr.mongodb.net] DEBUG org.mongodb.driver.cluster - Updating cluster description to  {type=REPLICA_SET, servers=[{address=ac-v4zs08p-shard-00-02.evyfvcr.mongodb.net:27017, type=UNKNOWN, state=CONNECTING}, {address=ac-v4zs08p-shard-00-01.evyfvcr.mongodb.net:27017, type=UNKNOWN, state=CONNECTING}, {address=ac-v4zs08p-shard-00-00.evyfvcr.mongodb.net:27017, type=UNKNOWN, state=CONNECTING}]
17:25:06.006 [cluster-ClusterId{value='69399ee1e6469eab70c634b6', description='Cluster0'}-srv-cluster0.evyfvcr.mongodb.net] DEBUG org.mongodb.driver.cluster - Description changed for topology with ID ClusterId{value='69399ee1e6469eab70c634b6', description='Cluster0'}. Previous description: {type=UNKNOWN, servers=[]. New description: {type=REPLICA_SET, servers=[{address=ac-v4zs08p-shard-00-02.evyfvcr.mongodb.net:27017, type=UNKNOWN, state=CONNECTING}, {address=ac-v4zs08p-shard-00-01.evyfvcr.mongodb.net:27017, type=UNKNOWN, state=CONNECTING}, {address=ac-v4zs08p-shard-00-00.evyfvcr.mongodb.net:27017, type=UNKNOWN, state=CONNECTING}]
17:25:06.007 [cluster-ClusterId{value='69399ee1e6469eab70c634b6', description='Cluster0'}-ac-v4zs08p-shard-00-00.evyfvcr.mongodb.net:27017] DEBUG org.mongodb.driver.cluster - Heartbeat started for ac-v4zs08p-shard-00-00.evyfvcr.mongodb.net:27017 on connection with driver-generated ID 3 and server-generated ID null in topology with ID ClusterId{value='69399ee1e6469eab70c634b6', description='Cluster0'}. Awaited: false
17:25:06.007 [cluster-ClusterId{value='69399ee1e6469eab70c634b6', description='Cluster0'}-ac-v4zs08p-shard-00-02.evyfvcr.mongodb.net:27017] DEBUG org.mongodb.driver.cluster - Heartbeat started for ac-v4zs08p-shard-00-02.evyfvcr.mongodb.net:27017 on connection with driver-generated ID 2 and server-generated ID null in topology with ID ClusterId{value='69399ee1e6469eab70c634b6', description='Cluster0'}. Awaited: false
17:25:06.007 [cluster-ClusterId{value='69399ee1e6469eab70c634b6', description='Cluster0'}-ac-v4zs08p-shard-00-01.evyfvcr.mongodb.net:27017] DEBUG org.mongodb.driver.cluster - Heartbeat started for ac-v4zs08p-shard-00-01.evyfvcr.mongodb.net:27017 on connection with driver-generated ID 1 and server-generated ID null in topology with ID ClusterId{value='69399ee1e6469eab70c634b6', description='Cluster0'}. Awaited: false
17:25:06.341 [cluster-ClusterId{value='69399ee1e6469eab70c634b6', description='Cluster0'}-ac-v4zs08p-shard-00-02.evyfvcr.mongodb.net:27017] INFO  org.mongodb.driver.cluster - Monitor thread successfully connected to server with description ServerDescription{address=ac-v4zs08p-shard-00-02.evyfvcr.mongodb.net:27017, type=REPLICA_SET_SECONDARY, cryptd=false, state=CONNECTED, ok=true, minWireVersion=0, maxWireVersion=25, maxDocumentSize=16777216, logicalSessionTimeoutMinutes=30, roundTripTimeNanos=192218300, minRoundTripTimeNanos=0, setName='atlas-a2f7sm-shard-0', canonicalAddress=ac-v4zs08p-shard-00-02.evyfvcr.mongodb.net:27017, hosts=[ac-v4zs08p-shard-00-00.evyfvcr.mongodb.net:27017, ac-v4zs08p-shard-00-01.evyfvcr.mongodb.net:27017, ac-v4zs08p-shard-00-02.evyfvcr.mongodb.net:27017], passives=[], arbiters=[], primary='ac-v4zs08p-shard-00-01.evyfvcr.mongodb.net:27017', tagSet=TagSet{[Tag{name='availabilityZone', value='euw3-az3'}, Tag{name='diskState', value='READY'}, Tag{name='nodeType', value='ELECTABLE'}, Tag{name='provider', value='AWS'}, Tag{name='region', value='EU_WEST_3'}, Tag{name='workloadType', value='OPERATIONAL'}]}, electionId=null, setVersion=9, topologyVersion=TopologyVersion{processId=692079e63a8aed23d2b73215, counter=3}, lastWriteDate=Wed Dec 10 17:25:27 CET 2025, lastUpdateTimeNanos=4479078913700}
17:25:06.341 [cluster-ClusterId{value='69399ee1e6469eab70c634b6', description='Cluster0'}-ac-v4zs08p-shard-00-00.evyfvcr.mongodb.net:27017] INFO  org.mongodb.driver.cluster - Monitor thread successfully connected to server with description ServerDescription{address=ac-v4zs08p-shard-00-00.evyfvcr.mongodb.net:27017, type=REPLICA_SET_SECONDARY, cryptd=false, state=CONNECTED, ok=true, minWireVersion=0, maxWireVersion=25, maxDocumentSize=16777216, logicalSessionTimeoutMinutes=30, roundTripTimeNanos=192193700, minRoundTripTimeNanos=0, setName='atlas-a2f7sm-shard-0', canonicalAddress=ac-v4zs08p-shard-00-00.evyfvcr.mongodb.net:27017, hosts=[ac-v4zs08p-shard-00-00.evyfvcr.mongodb.net:27017, ac-v4zs08p-shard-00-01.evyfvcr.mongodb.net:27017, ac-v4zs08p-shard-00-02.evyfvcr.mongodb.net:27017], passives=[], arbiters=[], primary='ac-v4zs08p-shard-00-01.evyfvcr.mongodb.net:27017', tagSet=TagSet{[Tag{name='availabilityZone', value='euw3-az1'}, Tag{name='diskState', value='READY'}, Tag{name='nodeType', value='ELECTABLE'}, Tag{name='provider', value='AWS'}, Tag{name='region', value='EU_WEST_3'}, Tag{name='workloadType', value='OPERATIONAL'}]}, electionId=null, setVersion=9, topologyVersion=TopologyVersion{processId=692074d7a2728db27df5c093, counter=4}, lastWriteDate=Wed Dec 10 17:25:27 CET 2025, lastUpdateTimeNanos=4479078913600}
17:25:06.341 [cluster-ClusterId{value='69399ee1e6469eab70c634b6', description='Cluster0'}-ac-v4zs08p-shard-00-01.evyfvcr.mongodb.net:27017] INFO  org.mongodb.driver.cluster - Monitor thread successfully connected to server with description ServerDescription{address=ac-v4zs08p-shard-00-01.evyfvcr.mongodb.net:27017, type=REPLICA_SET_PRIMARY, cryptd=false, state=CONNECTED, ok=true, minWireVersion=0, maxWireVersion=25, maxDocumentSize=16777216, logicalSessionTimeoutMinutes=30, roundTripTimeNanos=192768900, minRoundTripTimeNanos=0, setName='atlas-a2f7sm-shard-0', canonicalAddress=ac-v4zs08p-shard-00-01.evyfvcr.mongodb.net:27017, hosts=[ac-v4zs08p-shard-00-00.evyfvcr.mongodb.net:27017, ac-v4zs08p-shard-00-01.evyfvcr.mongodb.net:27017, ac-v4zs08p-shard-00-02.evyfvcr.mongodb.net:27017], passives=[], arbiters=[], primary='ac-v4zs08p-shard-00-01.evyfvcr.mongodb.net:27017', tagSet=TagSet{[Tag{name='availabilityZone', value='euw3-az2'}, Tag{name='diskState', value='READY'}, Tag{name='nodeType', value='ELECTABLE'}, Tag{name='provider', value='AWS'}, Tag{name='region', value='EU_WEST_3'}, Tag{name='workloadType', value='OPERATIONAL'}]}, electionId=7fffffff000000000000009b, setVersion=9, topologyVersion=TopologyVersion{processId=692077582f7577395aa3302f, counter=6}, lastWriteDate=Wed Dec 10 17:25:27 CET 2025, lastUpdateTimeNanos=4479078913700}
17:25:06.342 [cluster-ClusterId{value='69399ee1e6469eab70c634b6', description='Cluster0'}-ac-v4zs08p-shard-00-02.evyfvcr.mongodb.net:27017] DEBUG org.mongodb.driver.connection - Connection pool ready for ac-v4zs08p-shard-00-02.evyfvcr.mongodb.net:27017
17:25:06.348 [cluster-ClusterId{value='69399ee1e6469eab70c634b6', description='Cluster0'}-ac-v4zs08p-shard-00-02.evyfvcr.mongodb.net:27017] DEBUG org.mongodb.driver.cluster - Updating cluster description to  {type=REPLICA_SET, servers=[{address=ac-v4zs08p-shard-00-02.evyfvcr.mongodb.net:27017, type=REPLICA_SET_SECONDARY, TagSet{[Tag{name='availabilityZone', value='euw3-az3'}, Tag{name='diskState', value='READY'}, Tag{name='nodeType', value='ELECTABLE'}, Tag{name='provider', value='AWS'}, Tag{name='region', value='EU_WEST_3'}, Tag{name='workloadType', value='OPERATIONAL'}]}, roundTripTime=192.2 ms, state=CONNECTED}, {address=ac-v4zs08p-shard-00-01.evyfvcr.mongodb.net:27017, type=UNKNOWN, state=CONNECTING}, {address=ac-v4zs08p-shard-00-00.evyfvcr.mongodb.net:27017, type=UNKNOWN, state=CONNECTING}]
17:25:06.348 [cluster-ClusterId{value='69399ee1e6469eab70c634b6', description='Cluster0'}-ac-v4zs08p-shard-00-02.evyfvcr.mongodb.net:27017] DEBUG org.mongodb.driver.cluster - Description changed for topology with ID ClusterId{value='69399ee1e6469eab70c634b6', description='Cluster0'}. Previous description: {type=REPLICA_SET, servers=[{address=ac-v4zs08p-shard-00-02.evyfvcr.mongodb.net:27017, type=UNKNOWN, state=CONNECTING}, {address=ac-v4zs08p-shard-00-01.evyfvcr.mongodb.net:27017, type=UNKNOWN, state=CONNECTING}, {address=ac-v4zs08p-shard-00-00.evyfvcr.mongodb.net:27017, type=UNKNOWN, state=CONNECTING}]. New description: {type=REPLICA_SET, servers=[{address=ac-v4zs08p-shard-00-02.evyfvcr.mongodb.net:27017, type=REPLICA_SET_SECONDARY, TagSet{[Tag{name='availabilityZone', value='euw3-az3'}, Tag{name='diskState', value='READY'}, Tag{name='nodeType', value='ELECTABLE'}, Tag{name='provider', value='AWS'}, Tag{name='region', value='EU_WEST_3'}, Tag{name='workloadType', value='OPERATIONAL'}]}, roundTripTime=192.2 ms, state=CONNECTED}, {address=ac-v4zs08p-shard-00-01.evyfvcr.mongodb.net:27017, type=UNKNOWN, state=CONNECTING}, {address=ac-v4zs08p-shard-00-00.evyfvcr.mongodb.net:27017, type=UNKNOWN, state=CONNECTING}]
17:25:06.348 [cluster-ClusterId{value='69399ee1e6469eab70c634b6', description='Cluster0'}-ac-v4zs08p-shard-00-02.evyfvcr.mongodb.net:27017] DEBUG org.mongodb.driver.cluster - Checking status of ac-v4zs08p-shard-00-02.evyfvcr.mongodb.net:27017
17:25:06.348 [cluster-ClusterId{value='69399ee1e6469eab70c634b6', description='Cluster0'}-ac-v4zs08p-shard-00-00.evyfvcr.mongodb.net:27017] DEBUG org.mongodb.driver.connection - Connection pool ready for ac-v4zs08p-shard-00-00.evyfvcr.mongodb.net:27017
17:25:06.349 [cluster-ClusterId{value='69399ee1e6469eab70c634b6', description='Cluster0'}-ac-v4zs08p-shard-00-00.evyfvcr.mongodb.net:27017] DEBUG org.mongodb.driver.cluster - Updating cluster description to  {type=REPLICA_SET, servers=[{address=ac-v4zs08p-shard-00-02.evyfvcr.mongodb.net:27017, type=REPLICA_SET_SECONDARY, TagSet{[Tag{name='availabilityZone', value='euw3-az3'}, Tag{name='diskState', value='READY'}, Tag{name='nodeType', value='ELECTABLE'}, Tag{name='provider', value='AWS'}, Tag{name='region', value='EU_WEST_3'}, Tag{name='workloadType', value='OPERATIONAL'}]}, roundTripTime=192.2 ms, state=CONNECTED}, {address=ac-v4zs08p-shard-00-01.evyfvcr.mongodb.net:27017, type=UNKNOWN, state=CONNECTING}, {address=ac-v4zs08p-shard-00-00.evyfvcr.mongodb.net:27017, type=REPLICA_SET_SECONDARY, TagSet{[Tag{name='availabilityZone', value='euw3-az1'}, Tag{name='diskState', value='READY'}, Tag{name='nodeType', value='ELECTABLE'}, Tag{name='provider', value='AWS'}, Tag{name='region', value='EU_WEST_3'}, Tag{name='workloadType', value='OPERATIONAL'}]}, roundTripTime=192.2 ms, state=CONNECTED}]
17:25:06.349 [cluster-ClusterId{value='69399ee1e6469eab70c634b6', description='Cluster0'}-ac-v4zs08p-shard-00-00.evyfvcr.mongodb.net:27017] DEBUG org.mongodb.driver.cluster - Description changed for topology with ID ClusterId{value='69399ee1e6469eab70c634b6', description='Cluster0'}. Previous description: {type=REPLICA_SET, servers=[{address=ac-v4zs08p-shard-00-02.evyfvcr.mongodb.net:27017, type=REPLICA_SET_SECONDARY, TagSet{[Tag{name='availabilityZone', value='euw3-az3'}, Tag{name='diskState', value='READY'}, Tag{name='nodeType', value='ELECTABLE'}, Tag{name='provider', value='AWS'}, Tag{name='region', value='EU_WEST_3'}, Tag{name='workloadType', value='OPERATIONAL'}]}, roundTripTime=192.2 ms, state=CONNECTED}, {address=ac-v4zs08p-shard-00-01.evyfvcr.mongodb.net:27017, type=UNKNOWN, state=CONNECTING}, {address=ac-v4zs08p-shard-00-00.evyfvcr.mongodb.net:27017, type=UNKNOWN, state=CONNECTING}]. New description: {type=REPLICA_SET, servers=[{address=ac-v4zs08p-shard-00-02.evyfvcr.mongodb.net:27017, type=REPLICA_SET_SECONDARY, TagSet{[Tag{name='availabilityZone', value='euw3-az3'}, Tag{name='diskState', value='READY'}, Tag{name='nodeType', value='ELECTABLE'}, Tag{name='provider', value='AWS'}, Tag{name='region', value='EU_WEST_3'}, Tag{name='workloadType', value='OPERATIONAL'}]}, roundTripTime=192.2 ms, state=CONNECTED}, {address=ac-v4zs08p-shard-00-01.evyfvcr.mongodb.net:27017, type=UNKNOWN, state=CONNECTING}, {address=ac-v4zs08p-shard-00-00.evyfvcr.mongodb.net:27017, type=REPLICA_SET_SECONDARY, TagSet{[Tag{name='availabilityZone', value='euw3-az1'}, Tag{name='diskState', value='READY'}, Tag{name='nodeType', value='ELECTABLE'}, Tag{name='provider', value='AWS'}, Tag{name='region', value='EU_WEST_3'}, Tag{name='workloadType', value='OPERATIONAL'}]}, roundTripTime=192.2 ms, state=CONNECTED}]
17:25:06.349 [cluster-ClusterId{value='69399ee1e6469eab70c634b6', description='Cluster0'}-ac-v4zs08p-shard-00-00.evyfvcr.mongodb.net:27017] DEBUG org.mongodb.driver.cluster - Checking status of ac-v4zs08p-shard-00-00.evyfvcr.mongodb.net:27017
17:25:06.349 [cluster-ClusterId{value='69399ee1e6469eab70c634b6', description='Cluster0'}-ac-v4zs08p-shard-00-01.evyfvcr.mongodb.net:27017] DEBUG org.mongodb.driver.connection - Connection pool ready for ac-v4zs08p-shard-00-01.evyfvcr.mongodb.net:27017
17:25:06.351 [cluster-ClusterId{value='69399ee1e6469eab70c634b6', description='Cluster0'}-ac-v4zs08p-shard-00-01.evyfvcr.mongodb.net:27017] INFO  org.mongodb.driver.cluster - Discovered replica set primary ac-v4zs08p-shard-00-01.evyfvcr.mongodb.net:27017 with max election id 7fffffff000000000000009b and max set version 9
17:25:06.351 [cluster-ClusterId{value='69399ee1e6469eab70c634b6', description='Cluster0'}-ac-v4zs08p-shard-00-01.evyfvcr.mongodb.net:27017] DEBUG org.mongodb.driver.cluster - Updating cluster description to  {type=REPLICA_SET, servers=[{address=ac-v4zs08p-shard-00-02.evyfvcr.mongodb.net:27017, type=REPLICA_SET_SECONDARY, TagSet{[Tag{name='availabilityZone', value='euw3-az3'}, Tag{name='diskState', value='READY'}, Tag{name='nodeType', value='ELECTABLE'}, Tag{name='provider', value='AWS'}, Tag{name='region', value='EU_WEST_3'}, Tag{name='workloadType', value='OPERATIONAL'}]}, roundTripTime=192.2 ms, state=CONNECTED}, {address=ac-v4zs08p-shard-00-01.evyfvcr.mongodb.net:27017, type=REPLICA_SET_PRIMARY, TagSet{[Tag{name='availabilityZone', value='euw3-az2'}, Tag{name='diskState', value='READY'}, Tag{name='nodeType', value='ELECTABLE'}, Tag{name='provider', value='AWS'}, Tag{name='region', value='EU_WEST_3'}, Tag{name='workloadType', value='OPERATIONAL'}]}, roundTripTime=192.8 ms, state=CONNECTED}, {address=ac-v4zs08p-shard-00-00.evyfvcr.mongodb.net:27017, type=REPLICA_SET_SECONDARY, TagSet{[Tag{name='availabilityZone', value='euw3-az1'}, Tag{name='diskState', value='READY'}, Tag{name='nodeType', value='ELECTABLE'}, Tag{name='provider', value='AWS'}, Tag{name='region', value='EU_WEST_3'}, Tag{name='workloadType', value='OPERATIONAL'}]}, roundTripTime=192.2 ms, state=CONNECTED}]
17:25:06.352 [cluster-ClusterId{value='69399ee1e6469eab70c634b6', description='Cluster0'}-ac-v4zs08p-shard-00-01.evyfvcr.mongodb.net:27017] DEBUG org.mongodb.driver.cluster - Description changed for topology with ID ClusterId{value='69399ee1e6469eab70c634b6', description='Cluster0'}. Previous description: {type=REPLICA_SET, servers=[{address=ac-v4zs08p-shard-00-02.evyfvcr.mongodb.net:27017, type=REPLICA_SET_SECONDARY, TagSet{[Tag{name='availabilityZone', value='euw3-az3'}, Tag{name='diskState', value='READY'}, Tag{name='nodeType', value='ELECTABLE'}, Tag{name='provider', value='AWS'}, Tag{name='region', value='EU_WEST_3'}, Tag{name='workloadType', value='OPERATIONAL'}]}, roundTripTime=192.2 ms, state=CONNECTED}, {address=ac-v4zs08p-shard-00-01.evyfvcr.mongodb.net:27017, type=UNKNOWN, state=CONNECTING}, {address=ac-v4zs08p-shard-00-00.evyfvcr.mongodb.net:27017, type=REPLICA_SET_SECONDARY, TagSet{[Tag{name='availabilityZone', value='euw3-az1'}, Tag{name='diskState', value='READY'}, Tag{name='nodeType', value='ELECTABLE'}, Tag{name='provider', value='AWS'}, Tag{name='region', value='EU_WEST_3'}, Tag{name='workloadType', value='OPERATIONAL'}]}, roundTripTime=192.2 ms, state=CONNECTED}]. New description: {type=REPLICA_SET, servers=[{address=ac-v4zs08p-shard-00-02.evyfvcr.mongodb.net:27017, type=REPLICA_SET_SECONDARY, TagSet{[Tag{name='availabilityZone', value='euw3-az3'}, Tag{name='diskState', value='READY'}, Tag{name='nodeType', value='ELECTABLE'}, Tag{name='provider', value='AWS'}, Tag{name='region', value='EU_WEST_3'}, Tag{name='workloadType', value='OPERATIONAL'}]}, roundTripTime=192.2 ms, state=CONNECTED}, {address=ac-v4zs08p-shard-00-01.evyfvcr.mongodb.net:27017, type=REPLICA_SET_PRIMARY, TagSet{[Tag{name='availabilityZone', value='euw3-az2'}, Tag{name='diskState', value='READY'}, Tag{name='nodeType', value='ELECTABLE'}, Tag{name='provider', value='AWS'}, Tag{name='region', value='EU_WEST_3'}, Tag{name='workloadType', value='OPERATIONAL'}]}, roundTripTime=192.8 ms, state=CONNECTED}, {address=ac-v4zs08p-shard-00-00.evyfvcr.mongodb.net:27017, type=REPLICA_SET_SECONDARY, TagSet{[Tag{name='availabilityZone', value='euw3-az1'}, Tag{name='diskState', value='READY'}, Tag{name='nodeType', value='ELECTABLE'}, Tag{name='provider', value='AWS'}, Tag{name='region', value='EU_WEST_3'}, Tag{name='workloadType', value='OPERATIONAL'}]}, roundTripTime=192.2 ms, state=CONNECTED}]
17:25:06.352 [cluster-ClusterId{value='69399ee1e6469eab70c634b6', description='Cluster0'}-ac-v4zs08p-shard-00-01.evyfvcr.mongodb.net:27017] DEBUG org.mongodb.driver.cluster - Checking status of ac-v4zs08p-shard-00-01.evyfvcr.mongodb.net:27017
17:25:06.353 [main] DEBUG org.mongodb.driver.cluster - Server selection succeeded for operation ping with ID 2. Selected server: ac-v4zs08p-shard-00-01.evyfvcr.mongodb.net:27017. Selector: ReadPreferenceServerSelector{readPreference=primary}, topology description: {type=REPLICA_SET, servers=[{address=ac-v4zs08p-shard-00-02.evyfvcr.mongodb.net:27017, type=REPLICA_SET_SECONDARY, TagSet{[Tag{name='availabilityZone', value='euw3-az3'}, Tag{name='diskState', value='READY'}, Tag{name='nodeType', value='ELECTABLE'}, Tag{name='provider', value='AWS'}, Tag{name='region', value='EU_WEST_3'}, Tag{name='workloadType', value='OPERATIONAL'}]}, roundTripTime=192.2 ms, state=CONNECTED}, {address=ac-v4zs08p-shard-00-01.evyfvcr.mongodb.net:27017, type=REPLICA_SET_PRIMARY, TagSet{[Tag{name='availabilityZone', value='euw3-az2'}, Tag{name='diskState', value='READY'}, Tag{name='nodeType', value='ELECTABLE'}, Tag{name='provider', value='AWS'}, Tag{name='region', value='EU_WEST_3'}, Tag{name='workloadType', value='OPERATIONAL'}]}, roundTripTime=192.8 ms, state=CONNECTED}, {address=ac-v4zs08p-shard-00-00.evyfvcr.mongodb.net:27017, type=REPLICA_SET_SECONDARY, TagSet{[Tag{name='availabilityZone', value='euw3-az1'}, Tag{name='diskState', value='READY'}, Tag{name='nodeType', value='ELECTABLE'}, Tag{name='provider', value='AWS'}, Tag{name='region', value='EU_WEST_3'}, Tag{name='workloadType', value='OPERATIONAL'}]}, roundTripTime=192.2 ms, state=CONNECTED}]
17:25:06.355 [main] DEBUG org.mongodb.driver.connection - Checkout started for connection to ac-v4zs08p-shard-00-01.evyfvcr.mongodb.net:27017
17:25:06.357 [main] DEBUG org.mongodb.driver.connection - Connection created: address=ac-v4zs08p-shard-00-01.evyfvcr.mongodb.net:27017, driver-generated ID=7
17:25:06.494 [main] DEBUG org.mongodb.driver.connection - Connection ready: address=ac-v4zs08p-shard-00-01.evyfvcr.mongodb.net:27017, driver-generated ID=7, established in=135 ms
17:25:06.494 [main] DEBUG org.mongodb.driver.connection - Connection checked out: address=ac-v4zs08p-shard-00-01.evyfvcr.mongodb.net:27017, driver-generated ID=7, duration=139 ms
17:25:06.501 [main] DEBUG org.mongodb.driver.protocol.command - Command "ping" started on database "admin" using a connection with driver-generated ID 7 and server-generated ID 459736 to ac-v4zs08p-shard-00-01.evyfvcr.mongodb.net:27017. The request ID is 13 and the operation ID is 2. Command: {"ping": 1, "$db": "admin", "lsid": {"id": {"$binary": {"base64": "NbmKdkL8QIKYEnMwAwcu7w==", "subType": "04"}}}, "apiVersion": "1"}
17:25:06.525 [main] DEBUG org.mongodb.driver.protocol.command - Command "ping" succeeded on database "admin" in 23.5564 ms using a connection with driver-generated ID 7 and server-generated ID 459736 to ac-v4zs08p-shard-00-01.evyfvcr.mongodb.net:27017. The request ID is 13 and the operation ID is 2. Command reply: {"ok": 1}
17:25:06.525 [main] DEBUG org.mongodb.driver.connection - Connection checked in: address=ac-v4zs08p-shard-00-01.evyfvcr.mongodb.net:27017, driver-generated ID=7
17:25:06.525 [main] DEBUG org.mongodb.driver.cluster - Server selection started for operation with ID 1. Selector: ReadPreferenceServerSelector{readPreference=ReadPreference{name=primaryPreferred, hedgeOptions=null}}, topology description: {type=REPLICA_SET, servers=[{address=ac-v4zs08p-shard-00-02.evyfvcr.mongodb.net:27017, type=REPLICA_SET_SECONDARY, TagSet{[Tag{name='availabilityZone', value='euw3-az3'}, Tag{name='diskState', value='READY'}, Tag{name='nodeType', value='ELECTABLE'}, Tag{name='provider', value='AWS'}, Tag{name='region', value='EU_WEST_3'}, Tag{name='workloadType', value='OPERATIONAL'}]}, roundTripTime=192.2 ms, state=CONNECTED}, {address=ac-v4zs08p-shard-00-01.evyfvcr.mongodb.net:27017, type=REPLICA_SET_PRIMARY, TagSet{[Tag{name='availabilityZone', value='euw3-az2'}, Tag{name='diskState', value='READY'}, Tag{name='nodeType', value='ELECTABLE'}, Tag{name='provider', value='AWS'}, Tag{name='region', value='EU_WEST_3'}, Tag{name='workloadType', value='OPERATIONAL'}]}, roundTripTime=192.8 ms, state=CONNECTED}, {address=ac-v4zs08p-shard-00-00.evyfvcr.mongodb.net:27017, type=REPLICA_SET_SECONDARY, TagSet{[Tag{name='availabilityZone', value='euw3-az1'}, Tag{name='diskState', value='READY'}, Tag{name='nodeType', value='ELECTABLE'}, Tag{name='provider', value='AWS'}, Tag{name='region', value='EU_WEST_3'}, Tag{name='workloadType', value='OPERATIONAL'}]}, roundTripTime=192.2 ms, state=CONNECTED}]
17:25:06.526 [main] DEBUG org.mongodb.driver.cluster - Server selection succeeded for operation with ID 1. Selected server: ac-v4zs08p-shard-00-01.evyfvcr.mongodb.net:27017. Selector: ReadPreferenceServerSelector{readPreference=ReadPreference{name=primaryPreferred, hedgeOptions=null}}, topology description: {type=REPLICA_SET, servers=[{address=ac-v4zs08p-shard-00-02.evyfvcr.mongodb.net:27017, type=REPLICA_SET_SECONDARY, TagSet{[Tag{name='availabilityZone', value='euw3-az3'}, Tag{name='diskState', value='READY'}, Tag{name='nodeType', value='ELECTABLE'}, Tag{name='provider', value='AWS'}, Tag{name='region', value='EU_WEST_3'}, Tag{name='workloadType', value='OPERATIONAL'}]}, roundTripTime=192.2 ms, state=CONNECTED}, {address=ac-v4zs08p-shard-00-01.evyfvcr.mongodb.net:27017, type=REPLICA_SET_PRIMARY, TagSet{[Tag{name='availabilityZone', value='euw3-az2'}, Tag{name='diskState', value='READY'}, Tag{name='nodeType', value='ELECTABLE'}, Tag{name='provider', value='AWS'}, Tag{name='region', value='EU_WEST_3'}, Tag{name='workloadType', value='OPERATIONAL'}]}, roundTripTime=192.8 ms, state=CONNECTED}, {address=ac-v4zs08p-shard-00-00.evyfvcr.mongodb.net:27017, type=REPLICA_SET_SECONDARY, TagSet{[Tag{name='availabilityZone', value='euw3-az1'}, Tag{name='diskState', value='READY'}, Tag{name='nodeType', value='ELECTABLE'}, Tag{name='provider', value='AWS'}, Tag{name='region', value='EU_WEST_3'}, Tag{name='workloadType', value='OPERATIONAL'}]}, roundTripTime=192.2 ms, state=CONNECTED}]
17:25:06.526 [main] DEBUG org.mongodb.driver.connection - Checkout started for connection to ac-v4zs08p-shard-00-01.evyfvcr.mongodb.net:27017
17:25:06.526 [main] DEBUG org.mongodb.driver.connection - Connection checked out: address=ac-v4zs08p-shard-00-01.evyfvcr.mongodb.net:27017, driver-generated ID=7, duration=0 ms
17:25:06.527 [main] DEBUG org.mongodb.driver.protocol.command - Command "endSessions" started on database "admin" using a connection with driver-generated ID 7 and server-generated ID 459736 to ac-v4zs08p-shard-00-01.evyfvcr.mongodb.net:27017. The request ID is 14 and the operation ID is 1. Command: {"endSessions": [{"id": {"$binary": {"base64": "NbmKdkL8QIKYEnMwAwcu7w==", "subType": "04"}}}], "$db": "admin", "apiVersion": "1", "$readPreference": {"mode": "primaryPreferred"}}
17:25:06.548 [main] DEBUG org.mongodb.driver.protocol.command - Command "endSessions" succeeded on database "admin" in 21.0909 ms using a connection with driver-generated ID 7 and server-generated ID 459736 to ac-v4zs08p-shard-00-01.evyfvcr.mongodb.net:27017. The request ID is 14 and the operation ID is 1. Command reply: {"ok": 1.0, "$clusterTime": {"clusterTime": {"$timestamp": {"t": 1765383927, "i": 2}}, "signature": {"hash": {"$binary": {"base64": "t2VxoBgLqUmXppKyYhO9Af3RoyA=", "subType": "00"}}, "keyId": 7539547125118402561}}, "operationTime": {"$timestamp": {"t": 1765383927, "i": 2}}}
17:25:06.549 [main] DEBUG org.mongodb.driver.connection - Connection checked in: address=ac-v4zs08p-shard-00-01.evyfvcr.mongodb.net:27017, driver-generated ID=7
17:25:06.549 [main] DEBUG org.mongodb.driver.connection - Connection pool closed for ac-v4zs08p-shard-00-02.evyfvcr.mongodb.net:27017
17:25:06.550 [main] DEBUG org.mongodb.driver.cluster - Stopped monitoring for server ac-v4zs08p-shard-00-02.evyfvcr.mongodb.net:27017 in topology with ID ClusterId{value='69399ee1e6469eab70c634b6', description='Cluster0'}
17:25:06.552 [cluster-ClusterId{value='69399ee1e6469eab70c634b6', description='Cluster0'}-ac-v4zs08p-shard-00-02.evyfvcr.mongodb.net:27017] DEBUG org.mongodb.driver.cluster - Heartbeat failed in 203 ms for ac-v4zs08p-shard-00-02.evyfvcr.mongodb.net:27017 on connection with driver-generated ID 2 and server-generated ID 423873 in topology with ID ClusterId{value='69399ee1e6469eab70c634b6', description='Cluster0'}. Awaited: true. Failure: Interrupted while receiving message
17:25:06.552 [main] DEBUG org.mongodb.driver.connection - Connection closed: address=ac-v4zs08p-shard-00-01.evyfvcr.mongodb.net:27017, driver-generated ID=7. Reason: Connection pool was closed.
17:25:06.553 [main] DEBUG org.mongodb.driver.connection - Connection pool closed for ac-v4zs08p-shard-00-01.evyfvcr.mongodb.net:27017
17:25:06.553 [main] DEBUG org.mongodb.driver.cluster - Stopped monitoring for server ac-v4zs08p-shard-00-01.evyfvcr.mongodb.net:27017 in topology with ID ClusterId{value='69399ee1e6469eab70c634b6', description='Cluster0'}
17:25:06.553 [main] DEBUG org.mongodb.driver.connection - Connection pool closed for ac-v4zs08p-shard-00-00.evyfvcr.mongodb.net:27017
17:25:06.554 [main] DEBUG org.mongodb.driver.cluster - Stopped monitoring for server ac-v4zs08p-shard-00-00.evyfvcr.mongodb.net:27017 in topology with ID ClusterId{value='69399ee1e6469eab70c634b6', description='Cluster0'}
17:25:06.554 [cluster-ClusterId{value='69399ee1e6469eab70c634b6', description='Cluster0'}-ac-v4zs08p-shard-00-01.evyfvcr.mongodb.net:27017] DEBUG org.mongodb.driver.cluster - Heartbeat failed in 202 ms for ac-v4zs08p-shard-00-01.evyfvcr.mongodb.net:27017 on connection with driver-generated ID 1 and server-generated ID 459737 in topology with ID ClusterId{value='69399ee1e6469eab70c634b6', description='Cluster0'}. Awaited: true. Failure: Interrupted while receiving message
17:25:06.554 [main] DEBUG org.mongodb.driver.cluster - Description changed for topology with ID ClusterId{value='69399ee1e6469eab70c634b6', description='Cluster0'}. Previous description: {type=REPLICA_SET, servers=[{address=ac-v4zs08p-shard-00-02.evyfvcr.mongodb.net:27017, type=REPLICA_SET_SECONDARY, TagSet{[Tag{name='availabilityZone', value='euw3-az3'}, Tag{name='diskState', value='READY'}, Tag{name='nodeType', value='ELECTABLE'}, Tag{name='provider', value='AWS'}, Tag{name='region', value='EU_WEST_3'}, Tag{name='workloadType', value='OPERATIONAL'}]}, roundTripTime=192.2 ms, state=CONNECTED}, {address=ac-v4zs08p-shard-00-01.evyfvcr.mongodb.net:27017, type=REPLICA_SET_PRIMARY, TagSet{[Tag{name='availabilityZone', value='euw3-az2'}, Tag{name='diskState', value='READY'}, Tag{name='nodeType', value='ELECTABLE'}, Tag{name='provider', value='AWS'}, Tag{name='region', value='EU_WEST_3'}, Tag{name='workloadType', value='OPERATIONAL'}]}, roundTripTime=192.8 ms, state=CONNECTED}, {address=ac-v4zs08p-shard-00-00.evyfvcr.mongodb.net:27017, type=REPLICA_SET_SECONDARY, TagSet{[Tag{name='availabilityZone', value='euw3-az1'}, Tag{name='diskState', value='READY'}, Tag{name='nodeType', value='ELECTABLE'}, Tag{name='provider', value='AWS'}, Tag{name='region', value='EU_WEST_3'}, Tag{name='workloadType', value='OPERATIONAL'}]}, roundTripTime=192.2 ms, state=CONNECTED}]. New description: {type=UNKNOWN, servers=[]
17:25:06.554 [main] DEBUG org.mongodb.driver.cluster - Stopped monitoring for topology with ID ClusterId{value='69399ee1e6469eab70c634b6', description='Cluster0'}
17:25:06.554 [cluster-ClusterId{value='69399ee1e6469eab70c634b6', description='Cluster0'}-ac-v4zs08p-shard-00-00.evyfvcr.mongodb.net:27017] DEBUG org.mongodb.driver.cluster - Heartbeat failed in 204 ms for ac-v4zs08p-shard-00-00.evyfvcr.mongodb.net:27017 on connection with driver-generated ID 3 and server-generated ID 429779 in topology with ID ClusterId{value='69399ee1e6469eab70c634b6', description='Cluster0'}. Awaited: true. Failure: Interrupted while receiving message
17:32:22.884 [main] DEBUG org.mongodb.driver.cluster - Starting monitoring for topology with ID ClusterId{value='6939a096dd1bbd9e199578de', description='Cluster0'}
17:32:22.902 [main] INFO  org.mongodb.driver.client - MongoClient with metadata {"application": {"name": "Cluster0"}, "driver": {"name": "mongo-java-driver|sync", "version": "5.6.2"}, "os": {"type": "Windows", "name": "Windows 11", "architecture": "amd64", "version": "10.0"}, "platform": "Java/Oracle Corporation/21.0.8+12-LTS-250"} created with settings MongoClientSettings{readPreference=primary, writeConcern=WriteConcern{w=null, wTimeout=null ms, journal=null}, retryWrites=true, retryReads=true, readConcern=ReadConcern{level=null}, credential=MongoCredential{mechanism=null, userName='usuariocurso', source='admin', password=<hidden>, mechanismProperties=<hidden>}, transportSettings=null, commandListeners=[], codecRegistry=ProvidersCodecRegistry{codecProviders=[ValueCodecProvider{}, BsonValueCodecProvider{}, DBRefCodecProvider{}, DBObjectCodecProvider{}, DocumentCodecProvider{}, CollectionCodecProvider{}, IterableCodecProvider{}, MapCodecProvider{}, GeoJsonCodecProvider{}, GridFSFileCodecProvider{}, Jsr310CodecProvider{}, JsonObjectCodecProvider{}, BsonCodecProvider{}, com.mongodb.client.model.mql.ExpressionCodecProvider@7fb4f2a9, com.mongodb.Jep395RecordCodecProvider@4dc27487, com.mongodb.KotlinCodecProvider@6a4f1a55, EnumCodecProvider{}]}, loggerSettings=LoggerSettings{maxDocumentLength=1000}, clusterSettings={hosts=[127.0.0.1:27017], srvHost=cluster0.evyfvcr.mongodb.net, srvServiceName=mongodb, mode=MULTIPLE, requiredClusterType=REPLICA_SET, requiredReplicaSetName='atlas-a2f7sm-shard-0', serverSelector='null', clusterListeners='[]', serverSelectionTimeout='30000 ms', localThreshold='15 ms'}, socketSettings=SocketSettings{connectTimeoutMS=10000, readTimeoutMS=0, receiveBufferSize=0, proxySettings=ProxySettings{host=null, port=null, username=null, password=null}}, heartbeatSocketSettings=SocketSettings{connectTimeoutMS=10000, readTimeoutMS=10000, receiveBufferSize=0, proxySettings=ProxySettings{host=null, port=null, username=null, password=null}}, connectionPoolSettings=ConnectionPoolSettings{maxSize=100, minSize=0, maxWaitTimeMS=120000, maxConnectionLifeTimeMS=0, maxConnectionIdleTimeMS=0, maintenanceInitialDelayMS=0, maintenanceFrequencyMS=60000, connectionPoolListeners=[], maxConnecting=2}, serverSettings=ServerSettings{heartbeatFrequencyMS=10000, minHeartbeatFrequencyMS=500, serverMonitoringMode=AUTO, serverListeners='[]', serverMonitorListeners='[]'}, sslSettings=SslSettings{enabled=true, invalidHostNameAllowed=false, context=null}, applicationName='Cluster0', compressorList=[], uuidRepresentation=UNSPECIFIED, serverApi=ServerApi{version=V1, deprecationErrors=null, strict=null}, autoEncryptionSettings=null, dnsClient=null, inetAddressResolver=null, contextProvider=null, timeoutMS=null}
17:32:22.914 [main] DEBUG org.mongodb.driver.cluster - Server selection started for operation listCollections with ID 2. Selector: ReadPreferenceServerSelector{readPreference=primary}, topology description: {type=UNKNOWN, servers=[]
17:32:22.921 [main] INFO  org.mongodb.driver.cluster - Waiting for server to become available for operation listCollections with ID 2. Remaining time: 29993 ms. Selector: ReadPreferenceServerSelector{readPreference=primary}, topology description: {type=UNKNOWN, servers=[].
17:32:22.924 [cluster-ClusterId{value='6939a096dd1bbd9e199578de', description='Cluster0'}-srv-cluster0.evyfvcr.mongodb.net] INFO  org.mongodb.driver.cluster - Adding discovered server ac-v4zs08p-shard-00-00.evyfvcr.mongodb.net:27017 to client view of cluster
17:32:22.931 [cluster-ClusterId{value='6939a096dd1bbd9e199578de', description='Cluster0'}-srv-cluster0.evyfvcr.mongodb.net] DEBUG org.mongodb.driver.connection - Connection pool created for ac-v4zs08p-shard-00-00.evyfvcr.mongodb.net:27017 using options maxIdleTimeMS=0, minPoolSize=0, maxPoolSize=100, maxConnecting=2, waitQueueTimeoutMS=120000
17:32:22.935 [cluster-ClusterId{value='6939a096dd1bbd9e199578de', description='Cluster0'}-srv-cluster0.evyfvcr.mongodb.net] DEBUG org.mongodb.driver.cluster - Starting monitoring for server ac-v4zs08p-shard-00-00.evyfvcr.mongodb.net:27017 in topology with ID ClusterId{value='6939a096dd1bbd9e199578de', description='Cluster0'}
17:32:22.935 [cluster-ClusterId{value='6939a096dd1bbd9e199578de', description='Cluster0'}-ac-v4zs08p-shard-00-00.evyfvcr.mongodb.net:27017] DEBUG org.mongodb.driver.cluster - Checking status of ac-v4zs08p-shard-00-00.evyfvcr.mongodb.net:27017
17:32:22.936 [cluster-ClusterId{value='6939a096dd1bbd9e199578de', description='Cluster0'}-srv-cluster0.evyfvcr.mongodb.net] INFO  org.mongodb.driver.cluster - Adding discovered server ac-v4zs08p-shard-00-01.evyfvcr.mongodb.net:27017 to client view of cluster
17:32:22.936 [cluster-ClusterId{value='6939a096dd1bbd9e199578de', description='Cluster0'}-srv-cluster0.evyfvcr.mongodb.net] DEBUG org.mongodb.driver.connection - Connection pool created for ac-v4zs08p-shard-00-01.evyfvcr.mongodb.net:27017 using options maxIdleTimeMS=0, minPoolSize=0, maxPoolSize=100, maxConnecting=2, waitQueueTimeoutMS=120000
17:32:22.936 [cluster-ClusterId{value='6939a096dd1bbd9e199578de', description='Cluster0'}-srv-cluster0.evyfvcr.mongodb.net] DEBUG org.mongodb.driver.cluster - Starting monitoring for server ac-v4zs08p-shard-00-01.evyfvcr.mongodb.net:27017 in topology with ID ClusterId{value='6939a096dd1bbd9e199578de', description='Cluster0'}
17:32:22.936 [cluster-ClusterId{value='6939a096dd1bbd9e199578de', description='Cluster0'}-srv-cluster0.evyfvcr.mongodb.net] INFO  org.mongodb.driver.cluster - Adding discovered server ac-v4zs08p-shard-00-02.evyfvcr.mongodb.net:27017 to client view of cluster
17:32:22.937 [cluster-ClusterId{value='6939a096dd1bbd9e199578de', description='Cluster0'}-ac-v4zs08p-shard-00-01.evyfvcr.mongodb.net:27017] DEBUG org.mongodb.driver.cluster - Checking status of ac-v4zs08p-shard-00-01.evyfvcr.mongodb.net:27017
17:32:22.937 [cluster-ClusterId{value='6939a096dd1bbd9e199578de', description='Cluster0'}-srv-cluster0.evyfvcr.mongodb.net] DEBUG org.mongodb.driver.connection - Connection pool created for ac-v4zs08p-shard-00-02.evyfvcr.mongodb.net:27017 using options maxIdleTimeMS=0, minPoolSize=0, maxPoolSize=100, maxConnecting=2, waitQueueTimeoutMS=120000
17:32:22.937 [cluster-ClusterId{value='6939a096dd1bbd9e199578de', description='Cluster0'}-srv-cluster0.evyfvcr.mongodb.net] DEBUG org.mongodb.driver.cluster - Starting monitoring for server ac-v4zs08p-shard-00-02.evyfvcr.mongodb.net:27017 in topology with ID ClusterId{value='6939a096dd1bbd9e199578de', description='Cluster0'}
17:32:22.937 [cluster-ClusterId{value='6939a096dd1bbd9e199578de', description='Cluster0'}-ac-v4zs08p-shard-00-02.evyfvcr.mongodb.net:27017] DEBUG org.mongodb.driver.cluster - Checking status of ac-v4zs08p-shard-00-02.evyfvcr.mongodb.net:27017
17:32:22.937 [cluster-ClusterId{value='6939a096dd1bbd9e199578de', description='Cluster0'}-srv-cluster0.evyfvcr.mongodb.net] DEBUG org.mongodb.driver.cluster - Updating cluster description to  {type=REPLICA_SET, servers=[{address=ac-v4zs08p-shard-00-02.evyfvcr.mongodb.net:27017, type=UNKNOWN, state=CONNECTING}, {address=ac-v4zs08p-shard-00-01.evyfvcr.mongodb.net:27017, type=UNKNOWN, state=CONNECTING}, {address=ac-v4zs08p-shard-00-00.evyfvcr.mongodb.net:27017, type=UNKNOWN, state=CONNECTING}]
17:32:22.937 [cluster-ClusterId{value='6939a096dd1bbd9e199578de', description='Cluster0'}-srv-cluster0.evyfvcr.mongodb.net] DEBUG org.mongodb.driver.cluster - Description changed for topology with ID ClusterId{value='6939a096dd1bbd9e199578de', description='Cluster0'}. Previous description: {type=UNKNOWN, servers=[]. New description: {type=REPLICA_SET, servers=[{address=ac-v4zs08p-shard-00-02.evyfvcr.mongodb.net:27017, type=UNKNOWN, state=CONNECTING}, {address=ac-v4zs08p-shard-00-01.evyfvcr.mongodb.net:27017, type=UNKNOWN, state=CONNECTING}, {address=ac-v4zs08p-shard-00-00.evyfvcr.mongodb.net:27017, type=UNKNOWN, state=CONNECTING}]
17:32:22.940 [cluster-ClusterId{value='6939a096dd1bbd9e199578de', description='Cluster0'}-ac-v4zs08p-shard-00-01.evyfvcr.mongodb.net:27017] DEBUG org.mongodb.driver.cluster - Heartbeat started for ac-v4zs08p-shard-00-01.evyfvcr.mongodb.net:27017 on connection with driver-generated ID 1 and server-generated ID null in topology with ID ClusterId{value='6939a096dd1bbd9e199578de', description='Cluster0'}. Awaited: false
17:32:22.940 [cluster-ClusterId{value='6939a096dd1bbd9e199578de', description='Cluster0'}-ac-v4zs08p-shard-00-00.evyfvcr.mongodb.net:27017] DEBUG org.mongodb.driver.cluster - Heartbeat started for ac-v4zs08p-shard-00-00.evyfvcr.mongodb.net:27017 on connection with driver-generated ID 3 and server-generated ID null in topology with ID ClusterId{value='6939a096dd1bbd9e199578de', description='Cluster0'}. Awaited: false
17:32:22.940 [cluster-ClusterId{value='6939a096dd1bbd9e199578de', description='Cluster0'}-ac-v4zs08p-shard-00-02.evyfvcr.mongodb.net:27017] DEBUG org.mongodb.driver.cluster - Heartbeat started for ac-v4zs08p-shard-00-02.evyfvcr.mongodb.net:27017 on connection with driver-generated ID 2 and server-generated ID null in topology with ID ClusterId{value='6939a096dd1bbd9e199578de', description='Cluster0'}. Awaited: false
17:32:23.276 [cluster-ClusterId{value='6939a096dd1bbd9e199578de', description='Cluster0'}-ac-v4zs08p-shard-00-01.evyfvcr.mongodb.net:27017] INFO  org.mongodb.driver.cluster - Monitor thread successfully connected to server with description ServerDescription{address=ac-v4zs08p-shard-00-01.evyfvcr.mongodb.net:27017, type=REPLICA_SET_PRIMARY, cryptd=false, state=CONNECTED, ok=true, minWireVersion=0, maxWireVersion=25, maxDocumentSize=16777216, logicalSessionTimeoutMinutes=30, roundTripTimeNanos=197654500, minRoundTripTimeNanos=0, setName='atlas-a2f7sm-shard-0', canonicalAddress=ac-v4zs08p-shard-00-01.evyfvcr.mongodb.net:27017, hosts=[ac-v4zs08p-shard-00-00.evyfvcr.mongodb.net:27017, ac-v4zs08p-shard-00-01.evyfvcr.mongodb.net:27017, ac-v4zs08p-shard-00-02.evyfvcr.mongodb.net:27017], passives=[], arbiters=[], primary='ac-v4zs08p-shard-00-01.evyfvcr.mongodb.net:27017', tagSet=TagSet{[Tag{name='availabilityZone', value='euw3-az2'}, Tag{name='diskState', value='READY'}, Tag{name='nodeType', value='ELECTABLE'}, Tag{name='provider', value='AWS'}, Tag{name='region', value='EU_WEST_3'}, Tag{name='workloadType', value='OPERATIONAL'}]}, electionId=7fffffff000000000000009b, setVersion=9, topologyVersion=TopologyVersion{processId=692077582f7577395aa3302f, counter=6}, lastWriteDate=Wed Dec 10 17:32:44 CET 2025, lastUpdateTimeNanos=4916013926400}
17:32:23.276 [cluster-ClusterId{value='6939a096dd1bbd9e199578de', description='Cluster0'}-ac-v4zs08p-shard-00-02.evyfvcr.mongodb.net:27017] INFO  org.mongodb.driver.cluster - Monitor thread successfully connected to server with description ServerDescription{address=ac-v4zs08p-shard-00-02.evyfvcr.mongodb.net:27017, type=REPLICA_SET_SECONDARY, cryptd=false, state=CONNECTED, ok=true, minWireVersion=0, maxWireVersion=25, maxDocumentSize=16777216, logicalSessionTimeoutMinutes=30, roundTripTimeNanos=197654000, minRoundTripTimeNanos=0, setName='atlas-a2f7sm-shard-0', canonicalAddress=ac-v4zs08p-shard-00-02.evyfvcr.mongodb.net:27017, hosts=[ac-v4zs08p-shard-00-00.evyfvcr.mongodb.net:27017, ac-v4zs08p-shard-00-01.evyfvcr.mongodb.net:27017, ac-v4zs08p-shard-00-02.evyfvcr.mongodb.net:27017], passives=[], arbiters=[], primary='ac-v4zs08p-shard-00-01.evyfvcr.mongodb.net:27017', tagSet=TagSet{[Tag{name='availabilityZone', value='euw3-az3'}, Tag{name='diskState', value='READY'}, Tag{name='nodeType', value='ELECTABLE'}, Tag{name='provider', value='AWS'}, Tag{name='region', value='EU_WEST_3'}, Tag{name='workloadType', value='OPERATIONAL'}]}, electionId=null, setVersion=9, topologyVersion=TopologyVersion{processId=692079e63a8aed23d2b73215, counter=3}, lastWriteDate=Wed Dec 10 17:32:44 CET 2025, lastUpdateTimeNanos=4916013926400}
17:32:23.276 [cluster-ClusterId{value='6939a096dd1bbd9e199578de', description='Cluster0'}-ac-v4zs08p-shard-00-00.evyfvcr.mongodb.net:27017] INFO  org.mongodb.driver.cluster - Monitor thread successfully connected to server with description ServerDescription{address=ac-v4zs08p-shard-00-00.evyfvcr.mongodb.net:27017, type=REPLICA_SET_SECONDARY, cryptd=false, state=CONNECTED, ok=true, minWireVersion=0, maxWireVersion=25, maxDocumentSize=16777216, logicalSessionTimeoutMinutes=30, roundTripTimeNanos=197653800, minRoundTripTimeNanos=0, setName='atlas-a2f7sm-shard-0', canonicalAddress=ac-v4zs08p-shard-00-00.evyfvcr.mongodb.net:27017, hosts=[ac-v4zs08p-shard-00-00.evyfvcr.mongodb.net:27017, ac-v4zs08p-shard-00-01.evyfvcr.mongodb.net:27017, ac-v4zs08p-shard-00-02.evyfvcr.mongodb.net:27017], passives=[], arbiters=[], primary='ac-v4zs08p-shard-00-01.evyfvcr.mongodb.net:27017', tagSet=TagSet{[Tag{name='availabilityZone', value='euw3-az1'}, Tag{name='diskState', value='READY'}, Tag{name='nodeType', value='ELECTABLE'}, Tag{name='provider', value='AWS'}, Tag{name='region', value='EU_WEST_3'}, Tag{name='workloadType', value='OPERATIONAL'}]}, electionId=null, setVersion=9, topologyVersion=TopologyVersion{processId=692074d7a2728db27df5c093, counter=4}, lastWriteDate=Wed Dec 10 17:32:44 CET 2025, lastUpdateTimeNanos=4916013926400}
17:32:23.276 [cluster-ClusterId{value='6939a096dd1bbd9e199578de', description='Cluster0'}-ac-v4zs08p-shard-00-02.evyfvcr.mongodb.net:27017] DEBUG org.mongodb.driver.connection - Connection pool ready for ac-v4zs08p-shard-00-02.evyfvcr.mongodb.net:27017
17:32:23.282 [cluster-ClusterId{value='6939a096dd1bbd9e199578de', description='Cluster0'}-ac-v4zs08p-shard-00-02.evyfvcr.mongodb.net:27017] DEBUG org.mongodb.driver.cluster - Updating cluster description to  {type=REPLICA_SET, servers=[{address=ac-v4zs08p-shard-00-02.evyfvcr.mongodb.net:27017, type=REPLICA_SET_SECONDARY, TagSet{[Tag{name='availabilityZone', value='euw3-az3'}, Tag{name='diskState', value='READY'}, Tag{name='nodeType', value='ELECTABLE'}, Tag{name='provider', value='AWS'}, Tag{name='region', value='EU_WEST_3'}, Tag{name='workloadType', value='OPERATIONAL'}]}, roundTripTime=197.7 ms, state=CONNECTED}, {address=ac-v4zs08p-shard-00-01.evyfvcr.mongodb.net:27017, type=UNKNOWN, state=CONNECTING}, {address=ac-v4zs08p-shard-00-00.evyfvcr.mongodb.net:27017, type=UNKNOWN, state=CONNECTING}]
17:32:23.282 [cluster-ClusterId{value='6939a096dd1bbd9e199578de', description='Cluster0'}-ac-v4zs08p-shard-00-02.evyfvcr.mongodb.net:27017] DEBUG org.mongodb.driver.cluster - Description changed for topology with ID ClusterId{value='6939a096dd1bbd9e199578de', description='Cluster0'}. Previous description: {type=REPLICA_SET, servers=[{address=ac-v4zs08p-shard-00-02.evyfvcr.mongodb.net:27017, type=UNKNOWN, state=CONNECTING}, {address=ac-v4zs08p-shard-00-01.evyfvcr.mongodb.net:27017, type=UNKNOWN, state=CONNECTING}, {address=ac-v4zs08p-shard-00-00.evyfvcr.mongodb.net:27017, type=UNKNOWN, state=CONNECTING}]. New description: {type=REPLICA_SET, servers=[{address=ac-v4zs08p-shard-00-02.evyfvcr.mongodb.net:27017, type=REPLICA_SET_SECONDARY, TagSet{[Tag{name='availabilityZone', value='euw3-az3'}, Tag{name='diskState', value='READY'}, Tag{name='nodeType', value='ELECTABLE'}, Tag{name='provider', value='AWS'}, Tag{name='region', value='EU_WEST_3'}, Tag{name='workloadType', value='OPERATIONAL'}]}, roundTripTime=197.7 ms, state=CONNECTED}, {address=ac-v4zs08p-shard-00-01.evyfvcr.mongodb.net:27017, type=UNKNOWN, state=CONNECTING}, {address=ac-v4zs08p-shard-00-00.evyfvcr.mongodb.net:27017, type=UNKNOWN, state=CONNECTING}]
17:32:23.282 [cluster-ClusterId{value='6939a096dd1bbd9e199578de', description='Cluster0'}-ac-v4zs08p-shard-00-02.evyfvcr.mongodb.net:27017] DEBUG org.mongodb.driver.cluster - Checking status of ac-v4zs08p-shard-00-02.evyfvcr.mongodb.net:27017
17:32:23.282 [cluster-ClusterId{value='6939a096dd1bbd9e199578de', description='Cluster0'}-ac-v4zs08p-shard-00-00.evyfvcr.mongodb.net:27017] DEBUG org.mongodb.driver.connection - Connection pool ready for ac-v4zs08p-shard-00-00.evyfvcr.mongodb.net:27017
17:32:23.282 [cluster-ClusterId{value='6939a096dd1bbd9e199578de', description='Cluster0'}-ac-v4zs08p-shard-00-00.evyfvcr.mongodb.net:27017] DEBUG org.mongodb.driver.cluster - Updating cluster description to  {type=REPLICA_SET, servers=[{address=ac-v4zs08p-shard-00-02.evyfvcr.mongodb.net:27017, type=REPLICA_SET_SECONDARY, TagSet{[Tag{name='availabilityZone', value='euw3-az3'}, Tag{name='diskState', value='READY'}, Tag{name='nodeType', value='ELECTABLE'}, Tag{name='provider', value='AWS'}, Tag{name='region', value='EU_WEST_3'}, Tag{name='workloadType', value='OPERATIONAL'}]}, roundTripTime=197.7 ms, state=CONNECTED}, {address=ac-v4zs08p-shard-00-01.evyfvcr.mongodb.net:27017, type=UNKNOWN, state=CONNECTING}, {address=ac-v4zs08p-shard-00-00.evyfvcr.mongodb.net:27017, type=REPLICA_SET_SECONDARY, TagSet{[Tag{name='availabilityZone', value='euw3-az1'}, Tag{name='diskState', value='READY'}, Tag{name='nodeType', value='ELECTABLE'}, Tag{name='provider', value='AWS'}, Tag{name='region', value='EU_WEST_3'}, Tag{name='workloadType', value='OPERATIONAL'}]}, roundTripTime=197.7 ms, state=CONNECTED}]
17:32:23.282 [cluster-ClusterId{value='6939a096dd1bbd9e199578de', description='Cluster0'}-ac-v4zs08p-shard-00-00.evyfvcr.mongodb.net:27017] DEBUG org.mongodb.driver.cluster - Description changed for topology with ID ClusterId{value='6939a096dd1bbd9e199578de', description='Cluster0'}. Previous description: {type=REPLICA_SET, servers=[{address=ac-v4zs08p-shard-00-02.evyfvcr.mongodb.net:27017, type=REPLICA_SET_SECONDARY, TagSet{[Tag{name='availabilityZone', value='euw3-az3'}, Tag{name='diskState', value='READY'}, Tag{name='nodeType', value='ELECTABLE'}, Tag{name='provider', value='AWS'}, Tag{name='region', value='EU_WEST_3'}, Tag{name='workloadType', value='OPERATIONAL'}]}, roundTripTime=197.7 ms, state=CONNECTED}, {address=ac-v4zs08p-shard-00-01.evyfvcr.mongodb.net:27017, type=UNKNOWN, state=CONNECTING}, {address=ac-v4zs08p-shard-00-00.evyfvcr.mongodb.net:27017, type=UNKNOWN, state=CONNECTING}]. New description: {type=REPLICA_SET, servers=[{address=ac-v4zs08p-shard-00-02.evyfvcr.mongodb.net:27017, type=REPLICA_SET_SECONDARY, TagSet{[Tag{name='availabilityZone', value='euw3-az3'}, Tag{name='diskState', value='READY'}, Tag{name='nodeType', value='ELECTABLE'}, Tag{name='provider', value='AWS'}, Tag{name='region', value='EU_WEST_3'}, Tag{name='workloadType', value='OPERATIONAL'}]}, roundTripTime=197.7 ms, state=CONNECTED}, {address=ac-v4zs08p-shard-00-01.evyfvcr.mongodb.net:27017, type=UNKNOWN, state=CONNECTING}, {address=ac-v4zs08p-shard-00-00.evyfvcr.mongodb.net:27017, type=REPLICA_SET_SECONDARY, TagSet{[Tag{name='availabilityZone', value='euw3-az1'}, Tag{name='diskState', value='READY'}, Tag{name='nodeType', value='ELECTABLE'}, Tag{name='provider', value='AWS'}, Tag{name='region', value='EU_WEST_3'}, Tag{name='workloadType', value='OPERATIONAL'}]}, roundTripTime=197.7 ms, state=CONNECTED}]
17:32:23.282 [cluster-ClusterId{value='6939a096dd1bbd9e199578de', description='Cluster0'}-ac-v4zs08p-shard-00-00.evyfvcr.mongodb.net:27017] DEBUG org.mongodb.driver.cluster - Checking status of ac-v4zs08p-shard-00-00.evyfvcr.mongodb.net:27017
17:32:23.283 [cluster-ClusterId{value='6939a096dd1bbd9e199578de', description='Cluster0'}-ac-v4zs08p-shard-00-01.evyfvcr.mongodb.net:27017] DEBUG org.mongodb.driver.connection - Connection pool ready for ac-v4zs08p-shard-00-01.evyfvcr.mongodb.net:27017
17:32:23.283 [cluster-ClusterId{value='6939a096dd1bbd9e199578de', description='Cluster0'}-ac-v4zs08p-shard-00-01.evyfvcr.mongodb.net:27017] INFO  org.mongodb.driver.cluster - Discovered replica set primary ac-v4zs08p-shard-00-01.evyfvcr.mongodb.net:27017 with max election id 7fffffff000000000000009b and max set version 9
17:32:23.283 [cluster-ClusterId{value='6939a096dd1bbd9e199578de', description='Cluster0'}-ac-v4zs08p-shard-00-01.evyfvcr.mongodb.net:27017] DEBUG org.mongodb.driver.cluster - Updating cluster description to  {type=REPLICA_SET, servers=[{address=ac-v4zs08p-shard-00-02.evyfvcr.mongodb.net:27017, type=REPLICA_SET_SECONDARY, TagSet{[Tag{name='availabilityZone', value='euw3-az3'}, Tag{name='diskState', value='READY'}, Tag{name='nodeType', value='ELECTABLE'}, Tag{name='provider', value='AWS'}, Tag{name='region', value='EU_WEST_3'}, Tag{name='workloadType', value='OPERATIONAL'}]}, roundTripTime=197.7 ms, state=CONNECTED}, {address=ac-v4zs08p-shard-00-01.evyfvcr.mongodb.net:27017, type=REPLICA_SET_PRIMARY, TagSet{[Tag{name='availabilityZone', value='euw3-az2'}, Tag{name='diskState', value='READY'}, Tag{name='nodeType', value='ELECTABLE'}, Tag{name='provider', value='AWS'}, Tag{name='region', value='EU_WEST_3'}, Tag{name='workloadType', value='OPERATIONAL'}]}, roundTripTime=197.7 ms, state=CONNECTED}, {address=ac-v4zs08p-shard-00-00.evyfvcr.mongodb.net:27017, type=REPLICA_SET_SECONDARY, TagSet{[Tag{name='availabilityZone', value='euw3-az1'}, Tag{name='diskState', value='READY'}, Tag{name='nodeType', value='ELECTABLE'}, Tag{name='provider', value='AWS'}, Tag{name='region', value='EU_WEST_3'}, Tag{name='workloadType', value='OPERATIONAL'}]}, roundTripTime=197.7 ms, state=CONNECTED}]
17:32:23.283 [cluster-ClusterId{value='6939a096dd1bbd9e199578de', description='Cluster0'}-ac-v4zs08p-shard-00-01.evyfvcr.mongodb.net:27017] DEBUG org.mongodb.driver.cluster - Description changed for topology with ID ClusterId{value='6939a096dd1bbd9e199578de', description='Cluster0'}. Previous description: {type=REPLICA_SET, servers=[{address=ac-v4zs08p-shard-00-02.evyfvcr.mongodb.net:27017, type=REPLICA_SET_SECONDARY, TagSet{[Tag{name='availabilityZone', value='euw3-az3'}, Tag{name='diskState', value='READY'}, Tag{name='nodeType', value='ELECTABLE'}, Tag{name='provider', value='AWS'}, Tag{name='region', value='EU_WEST_3'}, Tag{name='workloadType', value='OPERATIONAL'}]}, roundTripTime=197.7 ms, state=CONNECTED}, {address=ac-v4zs08p-shard-00-01.evyfvcr.mongodb.net:27017, type=UNKNOWN, state=CONNECTING}, {address=ac-v4zs08p-shard-00-00.evyfvcr.mongodb.net:27017, type=REPLICA_SET_SECONDARY, TagSet{[Tag{name='availabilityZone', value='euw3-az1'}, Tag{name='diskState', value='READY'}, Tag{name='nodeType', value='ELECTABLE'}, Tag{name='provider', value='AWS'}, Tag{name='region', value='EU_WEST_3'}, Tag{name='workloadType', value='OPERATIONAL'}]}, roundTripTime=197.7 ms, state=CONNECTED}]. New description: {type=REPLICA_SET, servers=[{address=ac-v4zs08p-shard-00-02.evyfvcr.mongodb.net:27017, type=REPLICA_SET_SECONDARY, TagSet{[Tag{name='availabilityZone', value='euw3-az3'}, Tag{name='diskState', value='READY'}, Tag{name='nodeType', value='ELECTABLE'}, Tag{name='provider', value='AWS'}, Tag{name='region', value='EU_WEST_3'}, Tag{name='workloadType', value='OPERATIONAL'}]}, roundTripTime=197.7 ms, state=CONNECTED}, {address=ac-v4zs08p-shard-00-01.evyfvcr.mongodb.net:27017, type=REPLICA_SET_PRIMARY, TagSet{[Tag{name='availabilityZone', value='euw3-az2'}, Tag{name='diskState', value='READY'}, Tag{name='nodeType', value='ELECTABLE'}, Tag{name='provider', value='AWS'}, Tag{name='region', value='EU_WEST_3'}, Tag{name='workloadType', value='OPERATIONAL'}]}, roundTripTime=197.7 ms, state=CONNECTED}, {address=ac-v4zs08p-shard-00-00.evyfvcr.mongodb.net:27017, type=REPLICA_SET_SECONDARY, TagSet{[Tag{name='availabilityZone', value='euw3-az1'}, Tag{name='diskState', value='READY'}, Tag{name='nodeType', value='ELECTABLE'}, Tag{name='provider', value='AWS'}, Tag{name='region', value='EU_WEST_3'}, Tag{name='workloadType', value='OPERATIONAL'}]}, roundTripTime=197.7 ms, state=CONNECTED}]
17:32:23.283 [cluster-ClusterId{value='6939a096dd1bbd9e199578de', description='Cluster0'}-ac-v4zs08p-shard-00-01.evyfvcr.mongodb.net:27017] DEBUG org.mongodb.driver.cluster - Checking status of ac-v4zs08p-shard-00-01.evyfvcr.mongodb.net:27017
17:32:23.283 [main] DEBUG org.mongodb.driver.cluster - Server selection succeeded for operation listCollections with ID 2. Selected server: ac-v4zs08p-shard-00-01.evyfvcr.mongodb.net:27017. Selector: ReadPreferenceServerSelector{readPreference=primary}, topology description: {type=REPLICA_SET, servers=[{address=ac-v4zs08p-shard-00-02.evyfvcr.mongodb.net:27017, type=REPLICA_SET_SECONDARY, TagSet{[Tag{name='availabilityZone', value='euw3-az3'}, Tag{name='diskState', value='READY'}, Tag{name='nodeType', value='ELECTABLE'}, Tag{name='provider', value='AWS'}, Tag{name='region', value='EU_WEST_3'}, Tag{name='workloadType', value='OPERATIONAL'}]}, roundTripTime=197.7 ms, state=CONNECTED}, {address=ac-v4zs08p-shard-00-01.evyfvcr.mongodb.net:27017, type=REPLICA_SET_PRIMARY, TagSet{[Tag{name='availabilityZone', value='euw3-az2'}, Tag{name='diskState', value='READY'}, Tag{name='nodeType', value='ELECTABLE'}, Tag{name='provider', value='AWS'}, Tag{name='region', value='EU_WEST_3'}, Tag{name='workloadType', value='OPERATIONAL'}]}, roundTripTime=197.7 ms, state=CONNECTED}, {address=ac-v4zs08p-shard-00-00.evyfvcr.mongodb.net:27017, type=REPLICA_SET_SECONDARY, TagSet{[Tag{name='availabilityZone', value='euw3-az1'}, Tag{name='diskState', value='READY'}, Tag{name='nodeType', value='ELECTABLE'}, Tag{name='provider', value='AWS'}, Tag{name='region', value='EU_WEST_3'}, Tag{name='workloadType', value='OPERATIONAL'}]}, roundTripTime=197.7 ms, state=CONNECTED}]
17:32:23.285 [main] DEBUG org.mongodb.driver.connection - Checkout started for connection to ac-v4zs08p-shard-00-01.evyfvcr.mongodb.net:27017
17:32:23.290 [main] DEBUG org.mongodb.driver.connection - Connection created: address=ac-v4zs08p-shard-00-01.evyfvcr.mongodb.net:27017, driver-generated ID=7
17:32:23.417 [main] DEBUG org.mongodb.driver.connection - Connection ready: address=ac-v4zs08p-shard-00-01.evyfvcr.mongodb.net:27017, driver-generated ID=7, established in=127 ms
17:32:23.418 [main] DEBUG org.mongodb.driver.connection - Connection checked out: address=ac-v4zs08p-shard-00-01.evyfvcr.mongodb.net:27017, driver-generated ID=7, duration=133 ms
17:32:23.426 [main] DEBUG org.mongodb.driver.protocol.command - Command "listCollections" started on database "getafemongodb" using a connection with driver-generated ID 7 and server-generated ID 459872 to ac-v4zs08p-shard-00-01.evyfvcr.mongodb.net:27017. The request ID is 13 and the operation ID is 2. Command: {"listCollections": 1, "cursor": {}, "nameOnly": true, "$db": "getafemongodb", "lsid": {"id": {"$binary": {"base64": "q+ETwb6eRTmJ29cu3P9uxw==", "subType": "04"}}}, "apiVersion": "1"}
17:32:23.450 [main] DEBUG org.mongodb.driver.protocol.command - Command "listCollections" succeeded on database "getafemongodb" in 24.0804 ms using a connection with driver-generated ID 7 and server-generated ID 459872 to ac-v4zs08p-shard-00-01.evyfvcr.mongodb.net:27017. The request ID is 13 and the operation ID is 2. Command reply: {"cursor": {"id": 0, "ns": "getafemongodb.$cmd.listCollections", "firstBatch": [{"name": "usuarios", "type": "collection"}, {"name": "collection1", "type": "collection"}]}, "ok": 1.0, "$clusterTime": {"clusterTime": {"$timestamp": {"t": 1765384364, "i": 1}}, "signature": {"hash": {"$binary": {"base64": "t28V5MuA9fY7i8I/DOTOh3VsyEw=", "subType": "00"}}, "keyId": 7539547125118402561}}, "operationTime": {"$timestamp": {"t": 1765384364, "i": 1}}}
17:32:23.453 [main] DEBUG org.mongodb.driver.operation - Received batch of 2 documents with cursorId 0 from server ac-v4zs08p-shard-00-01.evyfvcr.mongodb.net:27017
17:32:23.455 [main] DEBUG org.mongodb.driver.connection - Connection checked in: address=ac-v4zs08p-shard-00-01.evyfvcr.mongodb.net:27017, driver-generated ID=7
17:32:23.457 [main] DEBUG org.mongodb.driver.cluster - Server selection started for operation with ID 1. Selector: ReadPreferenceServerSelector{readPreference=ReadPreference{name=primaryPreferred, hedgeOptions=null}}, topology description: {type=REPLICA_SET, servers=[{address=ac-v4zs08p-shard-00-02.evyfvcr.mongodb.net:27017, type=REPLICA_SET_SECONDARY, TagSet{[Tag{name='availabilityZone', value='euw3-az3'}, Tag{name='diskState', value='READY'}, Tag{name='nodeType', value='ELECTABLE'}, Tag{name='provider', value='AWS'}, Tag{name='region', value='EU_WEST_3'}, Tag{name='workloadType', value='OPERATIONAL'}]}, roundTripTime=197.7 ms, state=CONNECTED}, {address=ac-v4zs08p-shard-00-01.evyfvcr.mongodb.net:27017, type=REPLICA_SET_PRIMARY, TagSet{[Tag{name='availabilityZone', value='euw3-az2'}, Tag{name='diskState', value='READY'}, Tag{name='nodeType', value='ELECTABLE'}, Tag{name='provider', value='AWS'}, Tag{name='region', value='EU_WEST_3'}, Tag{name='workloadType', value='OPERATIONAL'}]}, roundTripTime=197.7 ms, state=CONNECTED}, {address=ac-v4zs08p-shard-00-00.evyfvcr.mongodb.net:27017, type=REPLICA_SET_SECONDARY, TagSet{[Tag{name='availabilityZone', value='euw3-az1'}, Tag{name='diskState', value='READY'}, Tag{name='nodeType', value='ELECTABLE'}, Tag{name='provider', value='AWS'}, Tag{name='region', value='EU_WEST_3'}, Tag{name='workloadType', value='OPERATIONAL'}]}, roundTripTime=197.7 ms, state=CONNECTED}]
17:32:23.457 [main] DEBUG org.mongodb.driver.cluster - Server selection succeeded for operation with ID 1. Selected server: ac-v4zs08p-shard-00-01.evyfvcr.mongodb.net:27017. Selector: ReadPreferenceServerSelector{readPreference=ReadPreference{name=primaryPreferred, hedgeOptions=null}}, topology description: {type=REPLICA_SET, servers=[{address=ac-v4zs08p-shard-00-02.evyfvcr.mongodb.net:27017, type=REPLICA_SET_SECONDARY, TagSet{[Tag{name='availabilityZone', value='euw3-az3'}, Tag{name='diskState', value='READY'}, Tag{name='nodeType', value='ELECTABLE'}, Tag{name='provider', value='AWS'}, Tag{name='region', value='EU_WEST_3'}, Tag{name='workloadType', value='OPERATIONAL'}]}, roundTripTime=197.7 ms, state=CONNECTED}, {address=ac-v4zs08p-shard-00-01.evyfvcr.mongodb.net:27017, type=REPLICA_SET_PRIMARY, TagSet{[Tag{name='availabilityZone', value='euw3-az2'}, Tag{name='diskState', value='READY'}, Tag{name='nodeType', value='ELECTABLE'}, Tag{name='provider', value='AWS'}, Tag{name='region', value='EU_WEST_3'}, Tag{name='workloadType', value='OPERATIONAL'}]}, roundTripTime=197.7 ms, state=CONNECTED}, {address=ac-v4zs08p-shard-00-00.evyfvcr.mongodb.net:27017, type=REPLICA_SET_SECONDARY, TagSet{[Tag{name='availabilityZone', value='euw3-az1'}, Tag{name='diskState', value='READY'}, Tag{name='nodeType', value='ELECTABLE'}, Tag{name='provider', value='AWS'}, Tag{name='region', value='EU_WEST_3'}, Tag{name='workloadType', value='OPERATIONAL'}]}, roundTripTime=197.7 ms, state=CONNECTED}]
17:32:23.458 [main] DEBUG org.mongodb.driver.connection - Checkout started for connection to ac-v4zs08p-shard-00-01.evyfvcr.mongodb.net:27017
17:32:23.458 [main] DEBUG org.mongodb.driver.connection - Connection checked out: address=ac-v4zs08p-shard-00-01.evyfvcr.mongodb.net:27017, driver-generated ID=7, duration=0 ms
17:32:23.459 [main] DEBUG org.mongodb.driver.protocol.command - Command "endSessions" started on database "admin" using a connection with driver-generated ID 7 and server-generated ID 459872 to ac-v4zs08p-shard-00-01.evyfvcr.mongodb.net:27017. The request ID is 14 and the operation ID is 1. Command: {"endSessions": [{"id": {"$binary": {"base64": "q+ETwb6eRTmJ29cu3P9uxw==", "subType": "04"}}}], "$db": "admin", "$clusterTime": {"clusterTime": {"$timestamp": {"t": 1765384364, "i": 1}}, "signature": {"hash": {"$binary": {"base64": "t28V5MuA9fY7i8I/DOTOh3VsyEw=", "subType": "00"}}, "keyId": 7539547125118402561}}, "apiVersion": "1", "$readPreference": {"mode": "primaryPreferred"}}
17:32:23.481 [main] DEBUG org.mongodb.driver.protocol.command - Command "endSessions" succeeded on database "admin" in 21.9815 ms using a connection with driver-generated ID 7 and server-generated ID 459872 to ac-v4zs08p-shard-00-01.evyfvcr.mongodb.net:27017. The request ID is 14 and the operation ID is 1. Command reply: {"ok": 1.0, "$clusterTime": {"clusterTime": {"$timestamp": {"t": 1765384364, "i": 1}}, "signature": {"hash": {"$binary": {"base64": "t28V5MuA9fY7i8I/DOTOh3VsyEw=", "subType": "00"}}, "keyId": 7539547125118402561}}, "operationTime": {"$timestamp": {"t": 1765384364, "i": 1}}}
17:32:23.482 [main] DEBUG org.mongodb.driver.connection - Connection checked in: address=ac-v4zs08p-shard-00-01.evyfvcr.mongodb.net:27017, driver-generated ID=7
17:32:23.482 [main] DEBUG org.mongodb.driver.connection - Connection pool closed for ac-v4zs08p-shard-00-02.evyfvcr.mongodb.net:27017
17:32:23.483 [main] DEBUG org.mongodb.driver.cluster - Stopped monitoring for server ac-v4zs08p-shard-00-02.evyfvcr.mongodb.net:27017 in topology with ID ClusterId{value='6939a096dd1bbd9e199578de', description='Cluster0'}
17:32:23.485 [main] DEBUG org.mongodb.driver.connection - Connection closed: address=ac-v4zs08p-shard-00-01.evyfvcr.mongodb.net:27017, driver-generated ID=7. Reason: Connection pool was closed.
17:32:23.485 [cluster-ClusterId{value='6939a096dd1bbd9e199578de', description='Cluster0'}-ac-v4zs08p-shard-00-02.evyfvcr.mongodb.net:27017] DEBUG org.mongodb.driver.cluster - Heartbeat failed in 202 ms for ac-v4zs08p-shard-00-02.evyfvcr.mongodb.net:27017 on connection with driver-generated ID 2 and server-generated ID 424022 in topology with ID ClusterId{value='6939a096dd1bbd9e199578de', description='Cluster0'}. Awaited: true. Failure: Interrupted while receiving message
17:32:23.486 [main] DEBUG org.mongodb.driver.connection - Connection pool closed for ac-v4zs08p-shard-00-01.evyfvcr.mongodb.net:27017
17:32:23.486 [main] DEBUG org.mongodb.driver.cluster - Stopped monitoring for server ac-v4zs08p-shard-00-01.evyfvcr.mongodb.net:27017 in topology with ID ClusterId{value='6939a096dd1bbd9e199578de', description='Cluster0'}
17:32:23.486 [main] DEBUG org.mongodb.driver.connection - Connection pool closed for ac-v4zs08p-shard-00-00.evyfvcr.mongodb.net:27017
17:32:23.486 [main] DEBUG org.mongodb.driver.cluster - Stopped monitoring for server ac-v4zs08p-shard-00-00.evyfvcr.mongodb.net:27017 in topology with ID ClusterId{value='6939a096dd1bbd9e199578de', description='Cluster0'}
17:32:23.486 [cluster-ClusterId{value='6939a096dd1bbd9e199578de', description='Cluster0'}-ac-v4zs08p-shard-00-01.evyfvcr.mongodb.net:27017] DEBUG org.mongodb.driver.cluster - Heartbeat failed in 202 ms for ac-v4zs08p-shard-00-01.evyfvcr.mongodb.net:27017 on connection with driver-generated ID 1 and server-generated ID 459855 in topology with ID ClusterId{value='6939a096dd1bbd9e199578de', description='Cluster0'}. Awaited: true. Failure: Interrupted while receiving message
17:32:23.486 [cluster-ClusterId{value='6939a096dd1bbd9e199578de', description='Cluster0'}-ac-v4zs08p-shard-00-00.evyfvcr.mongodb.net:27017] DEBUG org.mongodb.driver.cluster - Heartbeat failed in 203 ms for ac-v4zs08p-shard-00-00.evyfvcr.mongodb.net:27017 on connection with driver-generated ID 3 and server-generated ID 429930 in topology with ID ClusterId{value='6939a096dd1bbd9e199578de', description='Cluster0'}. Awaited: true. Failure: Interrupted while receiving message
17:32:23.487 [main] DEBUG org.mongodb.driver.cluster - Description changed for topology with ID ClusterId{value='6939a096dd1bbd9e199578de', description='Cluster0'}. Previous description: {type=REPLICA_SET, servers=[{address=ac-v4zs08p-shard-00-02.evyfvcr.mongodb.net:27017, type=REPLICA_SET_SECONDARY, TagSet{[Tag{name='availabilityZone', value='euw3-az3'}, Tag{name='diskState', value='READY'}, Tag{name='nodeType', value='ELECTABLE'}, Tag{name='provider', value='AWS'}, Tag{name='region', value='EU_WEST_3'}, Tag{name='workloadType', value='OPERATIONAL'}]}, roundTripTime=197.7 ms, state=CONNECTED}, {address=ac-v4zs08p-shard-00-01.evyfvcr.mongodb.net:27017, type=REPLICA_SET_PRIMARY, TagSet{[Tag{name='availabilityZone', value='euw3-az2'}, Tag{name='diskState', value='READY'}, Tag{name='nodeType', value='ELECTABLE'}, Tag{name='provider', value='AWS'}, Tag{name='region', value='EU_WEST_3'}, Tag{name='workloadType', value='OPERATIONAL'}]}, roundTripTime=197.7 ms, state=CONNECTED}, {address=ac-v4zs08p-shard-00-00.evyfvcr.mongodb.net:27017, type=REPLICA_SET_SECONDARY, TagSet{[Tag{name='availabilityZone', value='euw3-az1'}, Tag{name='diskState', value='READY'}, Tag{name='nodeType', value='ELECTABLE'}, Tag{name='provider', value='AWS'}, Tag{name='region', value='EU_WEST_3'}, Tag{name='workloadType', value='OPERATIONAL'}]}, roundTripTime=197.7 ms, state=CONNECTED}]. New description: {type=UNKNOWN, servers=[]
17:32:23.487 [main] DEBUG org.mongodb.driver.cluster - Stopped monitoring for topology with ID ClusterId{value='6939a096dd1bbd9e199578de', description='Cluster0'}
17:36:15.459 [main] DEBUG org.mongodb.driver.cluster - Starting monitoring for topology with ID ClusterId{value='6939a17ffe5bdeadac5d2953', description='Cluster0'}
17:36:15.476 [main] INFO  org.mongodb.driver.client - MongoClient with metadata {"application": {"name": "Cluster0"}, "driver": {"name": "mongo-java-driver|sync", "version": "5.6.2"}, "os": {"type": "Windows", "name": "Windows 11", "architecture": "amd64", "version": "10.0"}, "platform": "Java/Oracle Corporation/21.0.8+12-LTS-250"} created with settings MongoClientSettings{readPreference=primary, writeConcern=WriteConcern{w=null, wTimeout=null ms, journal=null}, retryWrites=true, retryReads=true, readConcern=ReadConcern{level=null}, credential=MongoCredential{mechanism=null, userName='usuariocurso', source='admin', password=<hidden>, mechanismProperties=<hidden>}, transportSettings=null, commandListeners=[], codecRegistry=ProvidersCodecRegistry{codecProviders=[ValueCodecProvider{}, BsonValueCodecProvider{}, DBRefCodecProvider{}, DBObjectCodecProvider{}, DocumentCodecProvider{}, CollectionCodecProvider{}, IterableCodecProvider{}, MapCodecProvider{}, GeoJsonCodecProvider{}, GridFSFileCodecProvider{}, Jsr310CodecProvider{}, JsonObjectCodecProvider{}, BsonCodecProvider{}, com.mongodb.client.model.mql.ExpressionCodecProvider@7fb4f2a9, com.mongodb.Jep395RecordCodecProvider@4dc27487, com.mongodb.KotlinCodecProvider@6a4f1a55, EnumCodecProvider{}]}, loggerSettings=LoggerSettings{maxDocumentLength=1000}, clusterSettings={hosts=[127.0.0.1:27017], srvHost=cluster0.evyfvcr.mongodb.net, srvServiceName=mongodb, mode=MULTIPLE, requiredClusterType=REPLICA_SET, requiredReplicaSetName='atlas-a2f7sm-shard-0', serverSelector='null', clusterListeners='[]', serverSelectionTimeout='30000 ms', localThreshold='15 ms'}, socketSettings=SocketSettings{connectTimeoutMS=10000, readTimeoutMS=0, receiveBufferSize=0, proxySettings=ProxySettings{host=null, port=null, username=null, password=null}}, heartbeatSocketSettings=SocketSettings{connectTimeoutMS=10000, readTimeoutMS=10000, receiveBufferSize=0, proxySettings=ProxySettings{host=null, port=null, username=null, password=null}}, connectionPoolSettings=ConnectionPoolSettings{maxSize=100, minSize=0, maxWaitTimeMS=120000, maxConnectionLifeTimeMS=0, maxConnectionIdleTimeMS=0, maintenanceInitialDelayMS=0, maintenanceFrequencyMS=60000, connectionPoolListeners=[], maxConnecting=2}, serverSettings=ServerSettings{heartbeatFrequencyMS=10000, minHeartbeatFrequencyMS=500, serverMonitoringMode=AUTO, serverListeners='[]', serverMonitorListeners='[]'}, sslSettings=SslSettings{enabled=true, invalidHostNameAllowed=false, context=null}, applicationName='Cluster0', compressorList=[], uuidRepresentation=UNSPECIFIED, serverApi=ServerApi{version=V1, deprecationErrors=null, strict=null}, autoEncryptionSettings=null, dnsClient=null, inetAddressResolver=null, contextProvider=null, timeoutMS=null}
17:36:15.488 [main] DEBUG org.mongodb.driver.cluster - Server selection started for operation listCollections with ID 2. Selector: ReadPreferenceServerSelector{readPreference=primary}, topology description: {type=UNKNOWN, servers=[]
17:36:15.495 [main] INFO  org.mongodb.driver.cluster - Waiting for server to become available for operation listCollections with ID 2. Remaining time: 29993 ms. Selector: ReadPreferenceServerSelector{readPreference=primary}, topology description: {type=UNKNOWN, servers=[].
17:36:15.500 [cluster-ClusterId{value='6939a17ffe5bdeadac5d2953', description='Cluster0'}-srv-cluster0.evyfvcr.mongodb.net] INFO  org.mongodb.driver.cluster - Adding discovered server ac-v4zs08p-shard-00-00.evyfvcr.mongodb.net:27017 to client view of cluster
17:36:15.507 [cluster-ClusterId{value='6939a17ffe5bdeadac5d2953', description='Cluster0'}-srv-cluster0.evyfvcr.mongodb.net] DEBUG org.mongodb.driver.connection - Connection pool created for ac-v4zs08p-shard-00-00.evyfvcr.mongodb.net:27017 using options maxIdleTimeMS=0, minPoolSize=0, maxPoolSize=100, maxConnecting=2, waitQueueTimeoutMS=120000
17:36:15.510 [cluster-ClusterId{value='6939a17ffe5bdeadac5d2953', description='Cluster0'}-srv-cluster0.evyfvcr.mongodb.net] DEBUG org.mongodb.driver.cluster - Starting monitoring for server ac-v4zs08p-shard-00-00.evyfvcr.mongodb.net:27017 in topology with ID ClusterId{value='6939a17ffe5bdeadac5d2953', description='Cluster0'}
17:36:15.511 [cluster-ClusterId{value='6939a17ffe5bdeadac5d2953', description='Cluster0'}-ac-v4zs08p-shard-00-00.evyfvcr.mongodb.net:27017] DEBUG org.mongodb.driver.cluster - Checking status of ac-v4zs08p-shard-00-00.evyfvcr.mongodb.net:27017
17:36:15.511 [cluster-ClusterId{value='6939a17ffe5bdeadac5d2953', description='Cluster0'}-srv-cluster0.evyfvcr.mongodb.net] INFO  org.mongodb.driver.cluster - Adding discovered server ac-v4zs08p-shard-00-01.evyfvcr.mongodb.net:27017 to client view of cluster
17:36:15.512 [cluster-ClusterId{value='6939a17ffe5bdeadac5d2953', description='Cluster0'}-srv-cluster0.evyfvcr.mongodb.net] DEBUG org.mongodb.driver.connection - Connection pool created for ac-v4zs08p-shard-00-01.evyfvcr.mongodb.net:27017 using options maxIdleTimeMS=0, minPoolSize=0, maxPoolSize=100, maxConnecting=2, waitQueueTimeoutMS=120000
17:36:15.512 [cluster-ClusterId{value='6939a17ffe5bdeadac5d2953', description='Cluster0'}-srv-cluster0.evyfvcr.mongodb.net] DEBUG org.mongodb.driver.cluster - Starting monitoring for server ac-v4zs08p-shard-00-01.evyfvcr.mongodb.net:27017 in topology with ID ClusterId{value='6939a17ffe5bdeadac5d2953', description='Cluster0'}
17:36:15.512 [cluster-ClusterId{value='6939a17ffe5bdeadac5d2953', description='Cluster0'}-srv-cluster0.evyfvcr.mongodb.net] INFO  org.mongodb.driver.cluster - Adding discovered server ac-v4zs08p-shard-00-02.evyfvcr.mongodb.net:27017 to client view of cluster
17:36:15.512 [cluster-ClusterId{value='6939a17ffe5bdeadac5d2953', description='Cluster0'}-ac-v4zs08p-shard-00-01.evyfvcr.mongodb.net:27017] DEBUG org.mongodb.driver.cluster - Checking status of ac-v4zs08p-shard-00-01.evyfvcr.mongodb.net:27017
17:36:15.512 [cluster-ClusterId{value='6939a17ffe5bdeadac5d2953', description='Cluster0'}-srv-cluster0.evyfvcr.mongodb.net] DEBUG org.mongodb.driver.connection - Connection pool created for ac-v4zs08p-shard-00-02.evyfvcr.mongodb.net:27017 using options maxIdleTimeMS=0, minPoolSize=0, maxPoolSize=100, maxConnecting=2, waitQueueTimeoutMS=120000
17:36:15.512 [cluster-ClusterId{value='6939a17ffe5bdeadac5d2953', description='Cluster0'}-srv-cluster0.evyfvcr.mongodb.net] DEBUG org.mongodb.driver.cluster - Starting monitoring for server ac-v4zs08p-shard-00-02.evyfvcr.mongodb.net:27017 in topology with ID ClusterId{value='6939a17ffe5bdeadac5d2953', description='Cluster0'}
17:36:15.512 [cluster-ClusterId{value='6939a17ffe5bdeadac5d2953', description='Cluster0'}-ac-v4zs08p-shard-00-02.evyfvcr.mongodb.net:27017] DEBUG org.mongodb.driver.cluster - Checking status of ac-v4zs08p-shard-00-02.evyfvcr.mongodb.net:27017
17:36:15.512 [cluster-ClusterId{value='6939a17ffe5bdeadac5d2953', description='Cluster0'}-srv-cluster0.evyfvcr.mongodb.net] DEBUG org.mongodb.driver.cluster - Updating cluster description to  {type=REPLICA_SET, servers=[{address=ac-v4zs08p-shard-00-02.evyfvcr.mongodb.net:27017, type=UNKNOWN, state=CONNECTING}, {address=ac-v4zs08p-shard-00-01.evyfvcr.mongodb.net:27017, type=UNKNOWN, state=CONNECTING}, {address=ac-v4zs08p-shard-00-00.evyfvcr.mongodb.net:27017, type=UNKNOWN, state=CONNECTING}]
17:36:15.513 [cluster-ClusterId{value='6939a17ffe5bdeadac5d2953', description='Cluster0'}-srv-cluster0.evyfvcr.mongodb.net] DEBUG org.mongodb.driver.cluster - Description changed for topology with ID ClusterId{value='6939a17ffe5bdeadac5d2953', description='Cluster0'}. Previous description: {type=UNKNOWN, servers=[]. New description: {type=REPLICA_SET, servers=[{address=ac-v4zs08p-shard-00-02.evyfvcr.mongodb.net:27017, type=UNKNOWN, state=CONNECTING}, {address=ac-v4zs08p-shard-00-01.evyfvcr.mongodb.net:27017, type=UNKNOWN, state=CONNECTING}, {address=ac-v4zs08p-shard-00-00.evyfvcr.mongodb.net:27017, type=UNKNOWN, state=CONNECTING}]
17:36:15.515 [cluster-ClusterId{value='6939a17ffe5bdeadac5d2953', description='Cluster0'}-ac-v4zs08p-shard-00-02.evyfvcr.mongodb.net:27017] DEBUG org.mongodb.driver.cluster - Heartbeat started for ac-v4zs08p-shard-00-02.evyfvcr.mongodb.net:27017 on connection with driver-generated ID 3 and server-generated ID null in topology with ID ClusterId{value='6939a17ffe5bdeadac5d2953', description='Cluster0'}. Awaited: false
17:36:15.515 [cluster-ClusterId{value='6939a17ffe5bdeadac5d2953', description='Cluster0'}-ac-v4zs08p-shard-00-00.evyfvcr.mongodb.net:27017] DEBUG org.mongodb.driver.cluster - Heartbeat started for ac-v4zs08p-shard-00-00.evyfvcr.mongodb.net:27017 on connection with driver-generated ID 2 and server-generated ID null in topology with ID ClusterId{value='6939a17ffe5bdeadac5d2953', description='Cluster0'}. Awaited: false
17:36:15.515 [cluster-ClusterId{value='6939a17ffe5bdeadac5d2953', description='Cluster0'}-ac-v4zs08p-shard-00-01.evyfvcr.mongodb.net:27017] DEBUG org.mongodb.driver.cluster - Heartbeat started for ac-v4zs08p-shard-00-01.evyfvcr.mongodb.net:27017 on connection with driver-generated ID 1 and server-generated ID null in topology with ID ClusterId{value='6939a17ffe5bdeadac5d2953', description='Cluster0'}. Awaited: false
17:36:15.849 [cluster-ClusterId{value='6939a17ffe5bdeadac5d2953', description='Cluster0'}-ac-v4zs08p-shard-00-00.evyfvcr.mongodb.net:27017] INFO  org.mongodb.driver.cluster - Monitor thread successfully connected to server with description ServerDescription{address=ac-v4zs08p-shard-00-00.evyfvcr.mongodb.net:27017, type=REPLICA_SET_SECONDARY, cryptd=false, state=CONNECTED, ok=true, minWireVersion=0, maxWireVersion=25, maxDocumentSize=16777216, logicalSessionTimeoutMinutes=30, roundTripTimeNanos=193151000, minRoundTripTimeNanos=0, setName='atlas-a2f7sm-shard-0', canonicalAddress=ac-v4zs08p-shard-00-00.evyfvcr.mongodb.net:27017, hosts=[ac-v4zs08p-shard-00-00.evyfvcr.mongodb.net:27017, ac-v4zs08p-shard-00-01.evyfvcr.mongodb.net:27017, ac-v4zs08p-shard-00-02.evyfvcr.mongodb.net:27017], passives=[], arbiters=[], primary='ac-v4zs08p-shard-00-01.evyfvcr.mongodb.net:27017', tagSet=TagSet{[Tag{name='availabilityZone', value='euw3-az1'}, Tag{name='diskState', value='READY'}, Tag{name='nodeType', value='ELECTABLE'}, Tag{name='provider', value='AWS'}, Tag{name='region', value='EU_WEST_3'}, Tag{name='workloadType', value='OPERATIONAL'}]}, electionId=null, setVersion=9, topologyVersion=TopologyVersion{processId=692074d7a2728db27df5c093, counter=4}, lastWriteDate=Wed Dec 10 17:36:36 CET 2025, lastUpdateTimeNanos=5148586781100}
17:36:15.849 [cluster-ClusterId{value='6939a17ffe5bdeadac5d2953', description='Cluster0'}-ac-v4zs08p-shard-00-02.evyfvcr.mongodb.net:27017] INFO  org.mongodb.driver.cluster - Monitor thread successfully connected to server with description ServerDescription{address=ac-v4zs08p-shard-00-02.evyfvcr.mongodb.net:27017, type=REPLICA_SET_SECONDARY, cryptd=false, state=CONNECTED, ok=true, minWireVersion=0, maxWireVersion=25, maxDocumentSize=16777216, logicalSessionTimeoutMinutes=30, roundTripTimeNanos=193270100, minRoundTripTimeNanos=0, setName='atlas-a2f7sm-shard-0', canonicalAddress=ac-v4zs08p-shard-00-02.evyfvcr.mongodb.net:27017, hosts=[ac-v4zs08p-shard-00-00.evyfvcr.mongodb.net:27017, ac-v4zs08p-shard-00-01.evyfvcr.mongodb.net:27017, ac-v4zs08p-shard-00-02.evyfvcr.mongodb.net:27017], passives=[], arbiters=[], primary='ac-v4zs08p-shard-00-01.evyfvcr.mongodb.net:27017', tagSet=TagSet{[Tag{name='availabilityZone', value='euw3-az3'}, Tag{name='diskState', value='READY'}, Tag{name='nodeType', value='ELECTABLE'}, Tag{name='provider', value='AWS'}, Tag{name='region', value='EU_WEST_3'}, Tag{name='workloadType', value='OPERATIONAL'}]}, electionId=null, setVersion=9, topologyVersion=TopologyVersion{processId=692079e63a8aed23d2b73215, counter=3}, lastWriteDate=Wed Dec 10 17:36:36 CET 2025, lastUpdateTimeNanos=5148586781100}
17:36:15.849 [cluster-ClusterId{value='6939a17ffe5bdeadac5d2953', description='Cluster0'}-ac-v4zs08p-shard-00-01.evyfvcr.mongodb.net:27017] INFO  org.mongodb.driver.cluster - Monitor thread successfully connected to server with description ServerDescription{address=ac-v4zs08p-shard-00-01.evyfvcr.mongodb.net:27017, type=REPLICA_SET_PRIMARY, cryptd=false, state=CONNECTED, ok=true, minWireVersion=0, maxWireVersion=25, maxDocumentSize=16777216, logicalSessionTimeoutMinutes=30, roundTripTimeNanos=193270000, minRoundTripTimeNanos=0, setName='atlas-a2f7sm-shard-0', canonicalAddress=ac-v4zs08p-shard-00-01.evyfvcr.mongodb.net:27017, hosts=[ac-v4zs08p-shard-00-00.evyfvcr.mongodb.net:27017, ac-v4zs08p-shard-00-01.evyfvcr.mongodb.net:27017, ac-v4zs08p-shard-00-02.evyfvcr.mongodb.net:27017], passives=[], arbiters=[], primary='ac-v4zs08p-shard-00-01.evyfvcr.mongodb.net:27017', tagSet=TagSet{[Tag{name='availabilityZone', value='euw3-az2'}, Tag{name='diskState', value='READY'}, Tag{name='nodeType', value='ELECTABLE'}, Tag{name='provider', value='AWS'}, Tag{name='region', value='EU_WEST_3'}, Tag{name='workloadType', value='OPERATIONAL'}]}, electionId=7fffffff000000000000009b, setVersion=9, topologyVersion=TopologyVersion{processId=692077582f7577395aa3302f, counter=6}, lastWriteDate=Wed Dec 10 17:36:36 CET 2025, lastUpdateTimeNanos=5148586781100}
17:36:15.850 [cluster-ClusterId{value='6939a17ffe5bdeadac5d2953', description='Cluster0'}-ac-v4zs08p-shard-00-02.evyfvcr.mongodb.net:27017] DEBUG org.mongodb.driver.connection - Connection pool ready for ac-v4zs08p-shard-00-02.evyfvcr.mongodb.net:27017
17:36:15.858 [cluster-ClusterId{value='6939a17ffe5bdeadac5d2953', description='Cluster0'}-ac-v4zs08p-shard-00-02.evyfvcr.mongodb.net:27017] DEBUG org.mongodb.driver.cluster - Updating cluster description to  {type=REPLICA_SET, servers=[{address=ac-v4zs08p-shard-00-02.evyfvcr.mongodb.net:27017, type=REPLICA_SET_SECONDARY, TagSet{[Tag{name='availabilityZone', value='euw3-az3'}, Tag{name='diskState', value='READY'}, Tag{name='nodeType', value='ELECTABLE'}, Tag{name='provider', value='AWS'}, Tag{name='region', value='EU_WEST_3'}, Tag{name='workloadType', value='OPERATIONAL'}]}, roundTripTime=193.3 ms, state=CONNECTED}, {address=ac-v4zs08p-shard-00-01.evyfvcr.mongodb.net:27017, type=UNKNOWN, state=CONNECTING}, {address=ac-v4zs08p-shard-00-00.evyfvcr.mongodb.net:27017, type=UNKNOWN, state=CONNECTING}]
17:36:15.858 [cluster-ClusterId{value='6939a17ffe5bdeadac5d2953', description='Cluster0'}-ac-v4zs08p-shard-00-02.evyfvcr.mongodb.net:27017] DEBUG org.mongodb.driver.cluster - Description changed for topology with ID ClusterId{value='6939a17ffe5bdeadac5d2953', description='Cluster0'}. Previous description: {type=REPLICA_SET, servers=[{address=ac-v4zs08p-shard-00-02.evyfvcr.mongodb.net:27017, type=UNKNOWN, state=CONNECTING}, {address=ac-v4zs08p-shard-00-01.evyfvcr.mongodb.net:27017, type=UNKNOWN, state=CONNECTING}, {address=ac-v4zs08p-shard-00-00.evyfvcr.mongodb.net:27017, type=UNKNOWN, state=CONNECTING}]. New description: {type=REPLICA_SET, servers=[{address=ac-v4zs08p-shard-00-02.evyfvcr.mongodb.net:27017, type=REPLICA_SET_SECONDARY, TagSet{[Tag{name='availabilityZone', value='euw3-az3'}, Tag{name='diskState', value='READY'}, Tag{name='nodeType', value='ELECTABLE'}, Tag{name='provider', value='AWS'}, Tag{name='region', value='EU_WEST_3'}, Tag{name='workloadType', value='OPERATIONAL'}]}, roundTripTime=193.3 ms, state=CONNECTED}, {address=ac-v4zs08p-shard-00-01.evyfvcr.mongodb.net:27017, type=UNKNOWN, state=CONNECTING}, {address=ac-v4zs08p-shard-00-00.evyfvcr.mongodb.net:27017, type=UNKNOWN, state=CONNECTING}]
17:36:15.858 [cluster-ClusterId{value='6939a17ffe5bdeadac5d2953', description='Cluster0'}-ac-v4zs08p-shard-00-02.evyfvcr.mongodb.net:27017] DEBUG org.mongodb.driver.cluster - Checking status of ac-v4zs08p-shard-00-02.evyfvcr.mongodb.net:27017
17:36:15.858 [cluster-ClusterId{value='6939a17ffe5bdeadac5d2953', description='Cluster0'}-ac-v4zs08p-shard-00-01.evyfvcr.mongodb.net:27017] DEBUG org.mongodb.driver.connection - Connection pool ready for ac-v4zs08p-shard-00-01.evyfvcr.mongodb.net:27017
17:36:15.859 [cluster-ClusterId{value='6939a17ffe5bdeadac5d2953', description='Cluster0'}-ac-v4zs08p-shard-00-01.evyfvcr.mongodb.net:27017] INFO  org.mongodb.driver.cluster - Discovered replica set primary ac-v4zs08p-shard-00-01.evyfvcr.mongodb.net:27017 with max election id 7fffffff000000000000009b and max set version 9
17:36:15.859 [cluster-ClusterId{value='6939a17ffe5bdeadac5d2953', description='Cluster0'}-ac-v4zs08p-shard-00-01.evyfvcr.mongodb.net:27017] DEBUG org.mongodb.driver.cluster - Updating cluster description to  {type=REPLICA_SET, servers=[{address=ac-v4zs08p-shard-00-02.evyfvcr.mongodb.net:27017, type=REPLICA_SET_SECONDARY, TagSet{[Tag{name='availabilityZone', value='euw3-az3'}, Tag{name='diskState', value='READY'}, Tag{name='nodeType', value='ELECTABLE'}, Tag{name='provider', value='AWS'}, Tag{name='region', value='EU_WEST_3'}, Tag{name='workloadType', value='OPERATIONAL'}]}, roundTripTime=193.3 ms, state=CONNECTED}, {address=ac-v4zs08p-shard-00-01.evyfvcr.mongodb.net:27017, type=REPLICA_SET_PRIMARY, TagSet{[Tag{name='availabilityZone', value='euw3-az2'}, Tag{name='diskState', value='READY'}, Tag{name='nodeType', value='ELECTABLE'}, Tag{name='provider', value='AWS'}, Tag{name='region', value='EU_WEST_3'}, Tag{name='workloadType', value='OPERATIONAL'}]}, roundTripTime=193.3 ms, state=CONNECTED}, {address=ac-v4zs08p-shard-00-00.evyfvcr.mongodb.net:27017, type=UNKNOWN, state=CONNECTING}]
17:36:15.859 [cluster-ClusterId{value='6939a17ffe5bdeadac5d2953', description='Cluster0'}-ac-v4zs08p-shard-00-01.evyfvcr.mongodb.net:27017] DEBUG org.mongodb.driver.cluster - Description changed for topology with ID ClusterId{value='6939a17ffe5bdeadac5d2953', description='Cluster0'}. Previous description: {type=REPLICA_SET, servers=[{address=ac-v4zs08p-shard-00-02.evyfvcr.mongodb.net:27017, type=REPLICA_SET_SECONDARY, TagSet{[Tag{name='availabilityZone', value='euw3-az3'}, Tag{name='diskState', value='READY'}, Tag{name='nodeType', value='ELECTABLE'}, Tag{name='provider', value='AWS'}, Tag{name='region', value='EU_WEST_3'}, Tag{name='workloadType', value='OPERATIONAL'}]}, roundTripTime=193.3 ms, state=CONNECTED}, {address=ac-v4zs08p-shard-00-01.evyfvcr.mongodb.net:27017, type=UNKNOWN, state=CONNECTING}, {address=ac-v4zs08p-shard-00-00.evyfvcr.mongodb.net:27017, type=UNKNOWN, state=CONNECTING}]. New description: {type=REPLICA_SET, servers=[{address=ac-v4zs08p-shard-00-02.evyfvcr.mongodb.net:27017, type=REPLICA_SET_SECONDARY, TagSet{[Tag{name='availabilityZone', value='euw3-az3'}, Tag{name='diskState', value='READY'}, Tag{name='nodeType', value='ELECTABLE'}, Tag{name='provider', value='AWS'}, Tag{name='region', value='EU_WEST_3'}, Tag{name='workloadType', value='OPERATIONAL'}]}, roundTripTime=193.3 ms, state=CONNECTED}, {address=ac-v4zs08p-shard-00-01.evyfvcr.mongodb.net:27017, type=REPLICA_SET_PRIMARY, TagSet{[Tag{name='availabilityZone', value='euw3-az2'}, Tag{name='diskState', value='READY'}, Tag{name='nodeType', value='ELECTABLE'}, Tag{name='provider', value='AWS'}, Tag{name='region', value='EU_WEST_3'}, Tag{name='workloadType', value='OPERATIONAL'}]}, roundTripTime=193.3 ms, state=CONNECTED}, {address=ac-v4zs08p-shard-00-00.evyfvcr.mongodb.net:27017, type=UNKNOWN, state=CONNECTING}]
17:36:15.859 [cluster-ClusterId{value='6939a17ffe5bdeadac5d2953', description='Cluster0'}-ac-v4zs08p-shard-00-01.evyfvcr.mongodb.net:27017] DEBUG org.mongodb.driver.cluster - Checking status of ac-v4zs08p-shard-00-01.evyfvcr.mongodb.net:27017
17:36:15.859 [cluster-ClusterId{value='6939a17ffe5bdeadac5d2953', description='Cluster0'}-ac-v4zs08p-shard-00-00.evyfvcr.mongodb.net:27017] DEBUG org.mongodb.driver.connection - Connection pool ready for ac-v4zs08p-shard-00-00.evyfvcr.mongodb.net:27017
17:36:15.860 [main] DEBUG org.mongodb.driver.cluster - Server selection succeeded for operation listCollections with ID 2. Selected server: ac-v4zs08p-shard-00-01.evyfvcr.mongodb.net:27017. Selector: ReadPreferenceServerSelector{readPreference=primary}, topology description: {type=REPLICA_SET, servers=[{address=ac-v4zs08p-shard-00-02.evyfvcr.mongodb.net:27017, type=REPLICA_SET_SECONDARY, TagSet{[Tag{name='availabilityZone', value='euw3-az3'}, Tag{name='diskState', value='READY'}, Tag{name='nodeType', value='ELECTABLE'}, Tag{name='provider', value='AWS'}, Tag{name='region', value='EU_WEST_3'}, Tag{name='workloadType', value='OPERATIONAL'}]}, roundTripTime=193.3 ms, state=CONNECTED}, {address=ac-v4zs08p-shard-00-01.evyfvcr.mongodb.net:27017, type=REPLICA_SET_PRIMARY, TagSet{[Tag{name='availabilityZone', value='euw3-az2'}, Tag{name='diskState', value='READY'}, Tag{name='nodeType', value='ELECTABLE'}, Tag{name='provider', value='AWS'}, Tag{name='region', value='EU_WEST_3'}, Tag{name='workloadType', value='OPERATIONAL'}]}, roundTripTime=193.3 ms, state=CONNECTED}, {address=ac-v4zs08p-shard-00-00.evyfvcr.mongodb.net:27017, type=UNKNOWN, state=CONNECTING}]
17:36:15.860 [cluster-ClusterId{value='6939a17ffe5bdeadac5d2953', description='Cluster0'}-ac-v4zs08p-shard-00-00.evyfvcr.mongodb.net:27017] DEBUG org.mongodb.driver.cluster - Updating cluster description to  {type=REPLICA_SET, servers=[{address=ac-v4zs08p-shard-00-02.evyfvcr.mongodb.net:27017, type=REPLICA_SET_SECONDARY, TagSet{[Tag{name='availabilityZone', value='euw3-az3'}, Tag{name='diskState', value='READY'}, Tag{name='nodeType', value='ELECTABLE'}, Tag{name='provider', value='AWS'}, Tag{name='region', value='EU_WEST_3'}, Tag{name='workloadType', value='OPERATIONAL'}]}, roundTripTime=193.3 ms, state=CONNECTED}, {address=ac-v4zs08p-shard-00-01.evyfvcr.mongodb.net:27017, type=REPLICA_SET_PRIMARY, TagSet{[Tag{name='availabilityZone', value='euw3-az2'}, Tag{name='diskState', value='READY'}, Tag{name='nodeType', value='ELECTABLE'}, Tag{name='provider', value='AWS'}, Tag{name='region', value='EU_WEST_3'}, Tag{name='workloadType', value='OPERATIONAL'}]}, roundTripTime=193.3 ms, state=CONNECTED}, {address=ac-v4zs08p-shard-00-00.evyfvcr.mongodb.net:27017, type=REPLICA_SET_SECONDARY, TagSet{[Tag{name='availabilityZone', value='euw3-az1'}, Tag{name='diskState', value='READY'}, Tag{name='nodeType', value='ELECTABLE'}, Tag{name='provider', value='AWS'}, Tag{name='region', value='EU_WEST_3'}, Tag{name='workloadType', value='OPERATIONAL'}]}, roundTripTime=193.2 ms, state=CONNECTED}]
17:36:15.860 [cluster-ClusterId{value='6939a17ffe5bdeadac5d2953', description='Cluster0'}-ac-v4zs08p-shard-00-00.evyfvcr.mongodb.net:27017] DEBUG org.mongodb.driver.cluster - Description changed for topology with ID ClusterId{value='6939a17ffe5bdeadac5d2953', description='Cluster0'}. Previous description: {type=REPLICA_SET, servers=[{address=ac-v4zs08p-shard-00-02.evyfvcr.mongodb.net:27017, type=REPLICA_SET_SECONDARY, TagSet{[Tag{name='availabilityZone', value='euw3-az3'}, Tag{name='diskState', value='READY'}, Tag{name='nodeType', value='ELECTABLE'}, Tag{name='provider', value='AWS'}, Tag{name='region', value='EU_WEST_3'}, Tag{name='workloadType', value='OPERATIONAL'}]}, roundTripTime=193.3 ms, state=CONNECTED}, {address=ac-v4zs08p-shard-00-01.evyfvcr.mongodb.net:27017, type=REPLICA_SET_PRIMARY, TagSet{[Tag{name='availabilityZone', value='euw3-az2'}, Tag{name='diskState', value='READY'}, Tag{name='nodeType', value='ELECTABLE'}, Tag{name='provider', value='AWS'}, Tag{name='region', value='EU_WEST_3'}, Tag{name='workloadType', value='OPERATIONAL'}]}, roundTripTime=193.3 ms, state=CONNECTED}, {address=ac-v4zs08p-shard-00-00.evyfvcr.mongodb.net:27017, type=UNKNOWN, state=CONNECTING}]. New description: {type=REPLICA_SET, servers=[{address=ac-v4zs08p-shard-00-02.evyfvcr.mongodb.net:27017, type=REPLICA_SET_SECONDARY, TagSet{[Tag{name='availabilityZone', value='euw3-az3'}, Tag{name='diskState', value='READY'}, Tag{name='nodeType', value='ELECTABLE'}, Tag{name='provider', value='AWS'}, Tag{name='region', value='EU_WEST_3'}, Tag{name='workloadType', value='OPERATIONAL'}]}, roundTripTime=193.3 ms, state=CONNECTED}, {address=ac-v4zs08p-shard-00-01.evyfvcr.mongodb.net:27017, type=REPLICA_SET_PRIMARY, TagSet{[Tag{name='availabilityZone', value='euw3-az2'}, Tag{name='diskState', value='READY'}, Tag{name='nodeType', value='ELECTABLE'}, Tag{name='provider', value='AWS'}, Tag{name='region', value='EU_WEST_3'}, Tag{name='workloadType', value='OPERATIONAL'}]}, roundTripTime=193.3 ms, state=CONNECTED}, {address=ac-v4zs08p-shard-00-00.evyfvcr.mongodb.net:27017, type=REPLICA_SET_SECONDARY, TagSet{[Tag{name='availabilityZone', value='euw3-az1'}, Tag{name='diskState', value='READY'}, Tag{name='nodeType', value='ELECTABLE'}, Tag{name='provider', value='AWS'}, Tag{name='region', value='EU_WEST_3'}, Tag{name='workloadType', value='OPERATIONAL'}]}, roundTripTime=193.2 ms, state=CONNECTED}]
17:36:15.860 [cluster-ClusterId{value='6939a17ffe5bdeadac5d2953', description='Cluster0'}-ac-v4zs08p-shard-00-00.evyfvcr.mongodb.net:27017] DEBUG org.mongodb.driver.cluster - Checking status of ac-v4zs08p-shard-00-00.evyfvcr.mongodb.net:27017
17:36:15.861 [main] DEBUG org.mongodb.driver.connection - Checkout started for connection to ac-v4zs08p-shard-00-01.evyfvcr.mongodb.net:27017
17:36:15.865 [main] DEBUG org.mongodb.driver.connection - Connection created: address=ac-v4zs08p-shard-00-01.evyfvcr.mongodb.net:27017, driver-generated ID=7
17:36:15.991 [main] DEBUG org.mongodb.driver.connection - Connection ready: address=ac-v4zs08p-shard-00-01.evyfvcr.mongodb.net:27017, driver-generated ID=7, established in=125 ms
17:36:15.991 [main] DEBUG org.mongodb.driver.connection - Connection checked out: address=ac-v4zs08p-shard-00-01.evyfvcr.mongodb.net:27017, driver-generated ID=7, duration=130 ms
17:36:16.000 [main] DEBUG org.mongodb.driver.protocol.command - Command "listCollections" started on database "getafemongodb" using a connection with driver-generated ID 7 and server-generated ID 459980 to ac-v4zs08p-shard-00-01.evyfvcr.mongodb.net:27017. The request ID is 13 and the operation ID is 2. Command: {"listCollections": 1, "cursor": {}, "nameOnly": true, "$db": "getafemongodb", "lsid": {"id": {"$binary": {"base64": "RBIrWP5xTHqpsNtcj0729A==", "subType": "04"}}}, "apiVersion": "1"}
17:36:16.023 [main] DEBUG org.mongodb.driver.protocol.command - Command "listCollections" succeeded on database "getafemongodb" in 23.6257 ms using a connection with driver-generated ID 7 and server-generated ID 459980 to ac-v4zs08p-shard-00-01.evyfvcr.mongodb.net:27017. The request ID is 13 and the operation ID is 2. Command reply: {"cursor": {"id": 0, "ns": "getafemongodb.$cmd.listCollections", "firstBatch": [{"name": "usuarios", "type": "collection"}, {"name": "collection1", "type": "collection"}]}, "ok": 1.0, "$clusterTime": {"clusterTime": {"$timestamp": {"t": 1765384596, "i": 3}}, "signature": {"hash": {"$binary": {"base64": "kXF16oS2AY8upWJqAU3K0uXpYMk=", "subType": "00"}}, "keyId": 7539547125118402561}}, "operationTime": {"$timestamp": {"t": 1765384596, "i": 3}}}
17:36:16.027 [main] DEBUG org.mongodb.driver.operation - Received batch of 2 documents with cursorId 0 from server ac-v4zs08p-shard-00-01.evyfvcr.mongodb.net:27017
17:36:16.028 [main] DEBUG org.mongodb.driver.connection - Connection checked in: address=ac-v4zs08p-shard-00-01.evyfvcr.mongodb.net:27017, driver-generated ID=7
17:36:16.030 [main] DEBUG org.mongodb.driver.cluster - Server selection started for operation with ID 1. Selector: ReadPreferenceServerSelector{readPreference=ReadPreference{name=primaryPreferred, hedgeOptions=null}}, topology description: {type=REPLICA_SET, servers=[{address=ac-v4zs08p-shard-00-02.evyfvcr.mongodb.net:27017, type=REPLICA_SET_SECONDARY, TagSet{[Tag{name='availabilityZone', value='euw3-az3'}, Tag{name='diskState', value='READY'}, Tag{name='nodeType', value='ELECTABLE'}, Tag{name='provider', value='AWS'}, Tag{name='region', value='EU_WEST_3'}, Tag{name='workloadType', value='OPERATIONAL'}]}, roundTripTime=193.3 ms, state=CONNECTED}, {address=ac-v4zs08p-shard-00-01.evyfvcr.mongodb.net:27017, type=REPLICA_SET_PRIMARY, TagSet{[Tag{name='availabilityZone', value='euw3-az2'}, Tag{name='diskState', value='READY'}, Tag{name='nodeType', value='ELECTABLE'}, Tag{name='provider', value='AWS'}, Tag{name='region', value='EU_WEST_3'}, Tag{name='workloadType', value='OPERATIONAL'}]}, roundTripTime=193.3 ms, state=CONNECTED}, {address=ac-v4zs08p-shard-00-00.evyfvcr.mongodb.net:27017, type=REPLICA_SET_SECONDARY, TagSet{[Tag{name='availabilityZone', value='euw3-az1'}, Tag{name='diskState', value='READY'}, Tag{name='nodeType', value='ELECTABLE'}, Tag{name='provider', value='AWS'}, Tag{name='region', value='EU_WEST_3'}, Tag{name='workloadType', value='OPERATIONAL'}]}, roundTripTime=193.2 ms, state=CONNECTED}]
17:36:16.030 [main] DEBUG org.mongodb.driver.cluster - Server selection succeeded for operation with ID 1. Selected server: ac-v4zs08p-shard-00-01.evyfvcr.mongodb.net:27017. Selector: ReadPreferenceServerSelector{readPreference=ReadPreference{name=primaryPreferred, hedgeOptions=null}}, topology description: {type=REPLICA_SET, servers=[{address=ac-v4zs08p-shard-00-02.evyfvcr.mongodb.net:27017, type=REPLICA_SET_SECONDARY, TagSet{[Tag{name='availabilityZone', value='euw3-az3'}, Tag{name='diskState', value='READY'}, Tag{name='nodeType', value='ELECTABLE'}, Tag{name='provider', value='AWS'}, Tag{name='region', value='EU_WEST_3'}, Tag{name='workloadType', value='OPERATIONAL'}]}, roundTripTime=193.3 ms, state=CONNECTED}, {address=ac-v4zs08p-shard-00-01.evyfvcr.mongodb.net:27017, type=REPLICA_SET_PRIMARY, TagSet{[Tag{name='availabilityZone', value='euw3-az2'}, Tag{name='diskState', value='READY'}, Tag{name='nodeType', value='ELECTABLE'}, Tag{name='provider', value='AWS'}, Tag{name='region', value='EU_WEST_3'}, Tag{name='workloadType', value='OPERATIONAL'}]}, roundTripTime=193.3 ms, state=CONNECTED}, {address=ac-v4zs08p-shard-00-00.evyfvcr.mongodb.net:27017, type=REPLICA_SET_SECONDARY, TagSet{[Tag{name='availabilityZone', value='euw3-az1'}, Tag{name='diskState', value='READY'}, Tag{name='nodeType', value='ELECTABLE'}, Tag{name='provider', value='AWS'}, Tag{name='region', value='EU_WEST_3'}, Tag{name='workloadType', value='OPERATIONAL'}]}, roundTripTime=193.2 ms, state=CONNECTED}]
17:36:16.030 [main] DEBUG org.mongodb.driver.connection - Checkout started for connection to ac-v4zs08p-shard-00-01.evyfvcr.mongodb.net:27017
17:36:16.030 [main] DEBUG org.mongodb.driver.connection - Connection checked out: address=ac-v4zs08p-shard-00-01.evyfvcr.mongodb.net:27017, driver-generated ID=7, duration=0 ms
17:36:16.032 [main] DEBUG org.mongodb.driver.protocol.command - Command "endSessions" started on database "admin" using a connection with driver-generated ID 7 and server-generated ID 459980 to ac-v4zs08p-shard-00-01.evyfvcr.mongodb.net:27017. The request ID is 14 and the operation ID is 1. Command: {"endSessions": [{"id": {"$binary": {"base64": "RBIrWP5xTHqpsNtcj0729A==", "subType": "04"}}}], "$db": "admin", "$clusterTime": {"clusterTime": {"$timestamp": {"t": 1765384596, "i": 3}}, "signature": {"hash": {"$binary": {"base64": "kXF16oS2AY8upWJqAU3K0uXpYMk=", "subType": "00"}}, "keyId": 7539547125118402561}}, "apiVersion": "1", "$readPreference": {"mode": "primaryPreferred"}}
17:36:16.053 [main] DEBUG org.mongodb.driver.protocol.command - Command "endSessions" succeeded on database "admin" in 21.5948 ms using a connection with driver-generated ID 7 and server-generated ID 459980 to ac-v4zs08p-shard-00-01.evyfvcr.mongodb.net:27017. The request ID is 14 and the operation ID is 1. Command reply: {"ok": 1.0, "$clusterTime": {"clusterTime": {"$timestamp": {"t": 1765384596, "i": 3}}, "signature": {"hash": {"$binary": {"base64": "kXF16oS2AY8upWJqAU3K0uXpYMk=", "subType": "00"}}, "keyId": 7539547125118402561}}, "operationTime": {"$timestamp": {"t": 1765384596, "i": 3}}}
17:36:16.053 [main] DEBUG org.mongodb.driver.connection - Connection checked in: address=ac-v4zs08p-shard-00-01.evyfvcr.mongodb.net:27017, driver-generated ID=7
17:36:16.054 [main] DEBUG org.mongodb.driver.connection - Connection pool closed for ac-v4zs08p-shard-00-02.evyfvcr.mongodb.net:27017
17:36:16.054 [main] DEBUG org.mongodb.driver.cluster - Stopped monitoring for server ac-v4zs08p-shard-00-02.evyfvcr.mongodb.net:27017 in topology with ID ClusterId{value='6939a17ffe5bdeadac5d2953', description='Cluster0'}
17:36:16.056 [main] DEBUG org.mongodb.driver.connection - Connection closed: address=ac-v4zs08p-shard-00-01.evyfvcr.mongodb.net:27017, driver-generated ID=7. Reason: Connection pool was closed.
17:36:16.057 [cluster-ClusterId{value='6939a17ffe5bdeadac5d2953', description='Cluster0'}-ac-v4zs08p-shard-00-02.evyfvcr.mongodb.net:27017] DEBUG org.mongodb.driver.cluster - Heartbeat failed in 199 ms for ac-v4zs08p-shard-00-02.evyfvcr.mongodb.net:27017 on connection with driver-generated ID 3 and server-generated ID 424074 in topology with ID ClusterId{value='6939a17ffe5bdeadac5d2953', description='Cluster0'}. Awaited: true. Failure: Interrupted while receiving message
17:36:16.057 [main] DEBUG org.mongodb.driver.connection - Connection pool closed for ac-v4zs08p-shard-00-01.evyfvcr.mongodb.net:27017
17:36:16.057 [main] DEBUG org.mongodb.driver.cluster - Stopped monitoring for server ac-v4zs08p-shard-00-01.evyfvcr.mongodb.net:27017 in topology with ID ClusterId{value='6939a17ffe5bdeadac5d2953', description='Cluster0'}
17:36:16.058 [main] DEBUG org.mongodb.driver.connection - Connection pool closed for ac-v4zs08p-shard-00-00.evyfvcr.mongodb.net:27017
17:36:16.059 [cluster-ClusterId{value='6939a17ffe5bdeadac5d2953', description='Cluster0'}-ac-v4zs08p-shard-00-01.evyfvcr.mongodb.net:27017] DEBUG org.mongodb.driver.cluster - Heartbeat failed in 199 ms for ac-v4zs08p-shard-00-01.evyfvcr.mongodb.net:27017 on connection with driver-generated ID 1 and server-generated ID 459980 in topology with ID ClusterId{value='6939a17ffe5bdeadac5d2953', description='Cluster0'}. Awaited: true. Failure: Interrupted while receiving message
17:36:16.059 [main] DEBUG org.mongodb.driver.cluster - Stopped monitoring for server ac-v4zs08p-shard-00-00.evyfvcr.mongodb.net:27017 in topology with ID ClusterId{value='6939a17ffe5bdeadac5d2953', description='Cluster0'}
17:36:16.059 [cluster-ClusterId{value='6939a17ffe5bdeadac5d2953', description='Cluster0'}-ac-v4zs08p-shard-00-00.evyfvcr.mongodb.net:27017] DEBUG org.mongodb.driver.cluster - Heartbeat failed in 199 ms for ac-v4zs08p-shard-00-00.evyfvcr.mongodb.net:27017 on connection with driver-generated ID 2 and server-generated ID 429976 in topology with ID ClusterId{value='6939a17ffe5bdeadac5d2953', description='Cluster0'}. Awaited: true. Failure: Interrupted while receiving message
17:36:16.059 [main] DEBUG org.mongodb.driver.cluster - Description changed for topology with ID ClusterId{value='6939a17ffe5bdeadac5d2953', description='Cluster0'}. Previous description: {type=REPLICA_SET, servers=[{address=ac-v4zs08p-shard-00-02.evyfvcr.mongodb.net:27017, type=REPLICA_SET_SECONDARY, TagSet{[Tag{name='availabilityZone', value='euw3-az3'}, Tag{name='diskState', value='READY'}, Tag{name='nodeType', value='ELECTABLE'}, Tag{name='provider', value='AWS'}, Tag{name='region', value='EU_WEST_3'}, Tag{name='workloadType', value='OPERATIONAL'}]}, roundTripTime=193.3 ms, state=CONNECTED}, {address=ac-v4zs08p-shard-00-01.evyfvcr.mongodb.net:27017, type=REPLICA_SET_PRIMARY, TagSet{[Tag{name='availabilityZone', value='euw3-az2'}, Tag{name='diskState', value='READY'}, Tag{name='nodeType', value='ELECTABLE'}, Tag{name='provider', value='AWS'}, Tag{name='region', value='EU_WEST_3'}, Tag{name='workloadType', value='OPERATIONAL'}]}, roundTripTime=193.3 ms, state=CONNECTED}, {address=ac-v4zs08p-shard-00-00.evyfvcr.mongodb.net:27017, type=REPLICA_SET_SECONDARY, TagSet{[Tag{name='availabilityZone', value='euw3-az1'}, Tag{name='diskState', value='READY'}, Tag{name='nodeType', value='ELECTABLE'}, Tag{name='provider', value='AWS'}, Tag{name='region', value='EU_WEST_3'}, Tag{name='workloadType', value='OPERATIONAL'}]}, roundTripTime=193.2 ms, state=CONNECTED}]. New description: {type=UNKNOWN, servers=[]
17:36:16.061 [main] DEBUG org.mongodb.driver.cluster - Stopped monitoring for topology with ID ClusterId{value='6939a17ffe5bdeadac5d2953', description='Cluster0'}
18:04:16.071 [main] DEBUG org.springframework.context.annotation.AnnotationConfigApplicationContext - Refreshing org.springframework.context.annotation.AnnotationConfigApplicationContext@33afa13b
18:04:16.081 [main] DEBUG org.springframework.beans.factory.support.DefaultListableBeanFactory - Creating shared instance of singleton bean 'org.springframework.context.annotation.internalConfigurationAnnotationProcessor'
18:04:16.148 [main] DEBUG org.springframework.beans.factory.support.DefaultListableBeanFactory - Creating shared instance of singleton bean 'org.springframework.context.event.internalEventListenerProcessor'
18:04:16.151 [main] DEBUG org.springframework.beans.factory.support.DefaultListableBeanFactory - Creating shared instance of singleton bean 'org.springframework.context.event.internalEventListenerFactory'
18:04:16.152 [main] DEBUG org.springframework.beans.factory.support.DefaultListableBeanFactory - Creating shared instance of singleton bean 'org.springframework.context.annotation.internalAutowiredAnnotationProcessor'
18:04:16.155 [main] DEBUG org.springframework.beans.factory.support.DefaultListableBeanFactory - Creating shared instance of singleton bean 'appConfig'
18:04:16.186 [main] DEBUG org.springframework.context.annotation.AnnotationConfigApplicationContext - Closing org.springframework.context.annotation.AnnotationConfigApplicationContext@33afa13b, started on Thu Jan 15 18:04:16 CET 2026
18:04:48.796 [main] DEBUG org.springframework.context.annotation.AnnotationConfigApplicationContext - Refreshing org.springframework.context.annotation.AnnotationConfigApplicationContext@33afa13b
18:04:48.804 [main] DEBUG org.springframework.beans.factory.support.DefaultListableBeanFactory - Creating shared instance of singleton bean 'org.springframework.context.annotation.internalConfigurationAnnotationProcessor'
18:04:48.870 [main] DEBUG org.springframework.beans.factory.support.DefaultListableBeanFactory - Creating shared instance of singleton bean 'org.springframework.context.event.internalEventListenerProcessor'
18:04:48.873 [main] DEBUG org.springframework.beans.factory.support.DefaultListableBeanFactory - Creating shared instance of singleton bean 'org.springframework.context.event.internalEventListenerFactory'
18:04:48.875 [main] DEBUG org.springframework.beans.factory.support.DefaultListableBeanFactory - Creating shared instance of singleton bean 'org.springframework.context.annotation.internalAutowiredAnnotationProcessor'
18:04:48.879 [main] DEBUG org.springframework.beans.factory.support.DefaultListableBeanFactory - Creating shared instance of singleton bean 'appConfig'
18:04:48.899 [main] DEBUG org.springframework.context.annotation.AnnotationConfigApplicationContext - Closing org.springframework.context.annotation.AnnotationConfigApplicationContext@33afa13b, started on Thu Jan 15 18:04:48 CET 2026
18:06:10.246 [main] DEBUG org.springframework.context.annotation.AnnotationConfigApplicationContext - Refreshing org.springframework.context.annotation.AnnotationConfigApplicationContext@56a6d5a6
18:06:10.254 [main] DEBUG org.springframework.beans.factory.support.DefaultListableBeanFactory - Creating shared instance of singleton bean 'org.springframework.context.annotation.internalConfigurationAnnotationProcessor'
18:06:10.322 [main] DEBUG org.springframework.beans.factory.support.DefaultListableBeanFactory - Creating shared instance of singleton bean 'org.springframework.context.event.internalEventListenerProcessor'
18:06:10.324 [main] DEBUG org.springframework.beans.factory.support.DefaultListableBeanFactory - Creating shared instance of singleton bean 'org.springframework.context.event.internalEventListenerFactory'
18:06:10.326 [main] DEBUG org.springframework.beans.factory.support.DefaultListableBeanFactory - Creating shared instance of singleton bean 'org.springframework.context.annotation.internalAutowiredAnnotationProcessor'
18:06:10.330 [main] DEBUG org.springframework.beans.factory.support.DefaultListableBeanFactory - Creating shared instance of singleton bean 'appConfig'
18:06:10.351 [main] DEBUG org.springframework.context.annotation.AnnotationConfigApplicationContext - Closing org.springframework.context.annotation.AnnotationConfigApplicationContext@56a6d5a6, started on Thu Jan 15 18:06:10 CET 2026
